=== iter1: crafty+F736+domain (old champion) ===
22:50:43 Grounding...
22:50:44 Grounding done (1.50s)
22:50:44 Solving...
22:50:45 Model found (2.36s): [-72, -5392]
22:50:45 Model found (2.37s, +0.00s): [-72, -5402]
22:50:45 Model found (2.37s, +0.00s): [-72, -5412]
22:50:45 Model found (2.37s, +0.00s): [-72, -5422]
22:50:45 Model found (2.38s, +0.00s): [-72, -5432]
22:50:45 Model found (2.38s, +0.00s): [-72, -5442]
22:50:45 Model found (2.38s, +0.00s): [-72, -5452]
22:50:45 Model found (2.38s, +0.00s): [-72, -5462]
22:50:45 Model found (2.38s, +0.00s): [-72, -5472]
22:50:45 Model found (2.39s, +0.00s): [-72, -5482]
22:50:45 Model found (2.39s, +0.00s): [-72, -5492]
22:50:45 Model found (2.39s, +0.00s): [-72, -5502]
22:50:45 Model found (2.39s, +0.00s): [-72, -5512]
22:50:45 Model found (2.39s, +0.00s): [-72, -5522]
22:50:45 Model found (2.39s, +0.00s): [-72, -5532]
22:50:45 Model found (2.40s, +0.00s): [-72, -5542]
22:50:45 Model found (2.40s, +0.00s): [-72, -5552]
22:50:45 Model found (2.40s, +0.00s): [-72, -5562]
22:50:45 Model found (2.40s, +0.00s): [-72, -5572]
22:50:45 Model found (2.40s, +0.00s): [-72, -5582]
22:50:45 Model found (2.41s, +0.00s): [-72, -5592]
22:50:45 Model found (2.41s, +0.00s): [-72, -5602]
22:50:45 Model found (2.41s, +0.00s): [-72, -5612]
22:50:45 Model found (2.41s, +0.00s): [-72, -5622]
22:50:45 Model found (2.41s, +0.00s): [-72, -5632]
22:50:45 Model found (2.42s, +0.00s): [-72, -5642]
22:50:45 Model found (2.42s, +0.00s): [-72, -5652]
22:50:45 Model found (2.42s, +0.00s): [-72, -5662]
22:50:45 Model found (2.42s, +0.00s): [-72, -5672]
22:50:45 Model found (2.42s, +0.00s): [-72, -5682]
22:50:45 Model found (2.43s, +0.00s): [-72, -5692]
22:50:45 Model found (2.43s, +0.00s): [-72, -5702]
22:50:45 Model found (2.43s, +0.00s): [-72, -5712]
22:50:45 Model found (2.43s, +0.00s): [-72, -5722]
22:50:45 Model found (2.43s, +0.00s): [-72, -5732]
22:50:45 Model found (2.43s, +0.00s): [-72, -5742]
22:50:45 Model found (2.44s, +0.00s): [-72, -5752]
22:50:45 Model found (2.44s, +0.00s): [-72, -5762]
22:50:45 Model found (2.44s, +0.00s): [-72, -5772]
22:50:45 Model found (2.44s, +0.00s): [-72, -5782]
22:50:45 Model found (2.44s, +0.00s): [-72, -5792]
22:50:45 Model found (2.45s, +0.00s): [-72, -5802]
22:50:45 Model found (2.45s, +0.00s): [-72, -5812]
22:50:45 Model found (2.45s, +0.00s): [-72, -5822]
22:50:45 Model found (2.45s, +0.00s): [-72, -5832]
22:50:45 Model found (2.45s, +0.00s): [-72, -5842]
22:50:45 Model found (2.46s, +0.00s): [-72, -5852]
22:50:45 Model found (2.46s, +0.00s): [-72, -5862]
22:50:45 Model found (2.46s, +0.00s): [-72, -5872]
22:50:45 Model found (2.46s, +0.00s): [-72, -5882]
22:50:45 Model found (2.46s, +0.00s): [-72, -5892]
22:50:45 Model found (2.47s, +0.00s): [-72, -5902]
22:50:45 Model found (2.47s, +0.00s): [-72, -5912]
22:50:45 Model found (2.47s, +0.00s): [-72, -5922]
22:50:45 Model found (2.47s, +0.00s): [-72, -5932]
22:50:45 Model found (2.47s, +0.00s): [-72, -5942]
22:50:45 Model found (2.47s, +0.00s): [-72, -5952]
22:50:45 Model found (2.48s, +0.00s): [-72, -5962]
22:50:45 Model found (2.48s, +0.00s): [-72, -5972]
22:50:45 Model found (2.48s, +0.00s): [-72, -5982]
22:50:45 Model found (2.48s, +0.00s): [-72, -5992]
22:50:45 Model found (2.48s, +0.00s): [-72, -6002]
22:50:45 Model found (2.49s, +0.00s): [-72, -6012]
22:50:45 Model found (2.49s, +0.00s): [-72, -6022]
22:50:45 Model found (2.49s, +0.00s): [-72, -6032]
22:50:45 Model found (2.49s, +0.00s): [-72, -6042]
22:50:45 Model found (2.49s, +0.00s): [-72, -6052]
22:50:45 Model found (2.50s, +0.00s): [-72, -6062]
22:50:45 Model found (2.50s, +0.00s): [-72, -6072]
22:50:45 Model found (2.50s, +0.00s): [-72, -6082]
22:50:45 Model found (2.50s, +0.00s): [-72, -6092]
22:50:45 Model found (2.50s, +0.00s): [-72, -6102]
22:50:45 Model found (2.50s, +0.00s): [-72, -6112]
22:50:45 Model found (2.51s, +0.00s): [-72, -6122]
22:50:45 Model found (2.51s, +0.00s): [-72, -6132]
22:50:45 Model found (2.51s, +0.00s): [-72, -6142]
22:50:45 Model found (2.51s, +0.00s): [-72, -6152]
22:50:45 Model found (2.51s, +0.00s): [-72, -6162]
22:50:45 Model found (2.52s, +0.00s): [-72, -6172]
22:50:45 Model found (2.52s, +0.00s): [-72, -6182]
22:50:45 Model found (2.52s, +0.00s): [-72, -6192]
22:50:45 Model found (2.52s, +0.00s): [-72, -6202]
22:50:45 Model found (2.52s, +0.00s): [-72, -6212]
22:50:45 Model found (2.52s, +0.00s): [-72, -6222]
22:50:45 Model found (2.53s, +0.00s): [-72, -6232]
22:50:45 Model found (2.53s, +0.00s): [-72, -6242]
22:50:45 Model found (2.53s, +0.00s): [-72, -6252]
22:50:45 Model found (2.53s, +0.00s): [-72, -6262]
22:50:45 Model found (2.53s, +0.00s): [-72, -6272]
22:50:45 Model found (2.54s, +0.00s): [-72, -6282]
22:50:45 Model found (2.54s, +0.00s): [-72, -6292]
22:50:45 Model found (2.54s, +0.00s): [-72, -6302]
22:50:45 Model found (2.54s, +0.00s): [-72, -6312]
22:50:45 Model found (2.54s, +0.00s): [-72, -6322]
22:50:45 Model found (2.54s, +0.00s): [-72, -6332]
22:50:45 Model found (2.55s, +0.00s): [-72, -6342]
22:50:45 Model found (2.55s, +0.00s): [-72, -6352]
22:50:45 Model found (2.55s, +0.00s): [-72, -6362]
22:50:45 Model found (2.55s, +0.00s): [-72, -6372]
22:50:45 Model found (2.55s, +0.00s): [-72, -6382]
22:50:45 Model found (2.56s, +0.00s): [-72, -6392]
22:50:45 Model found (2.56s, +0.00s): [-72, -6402]
22:50:45 Model found (2.56s, +0.00s): [-72, -6412]
22:50:45 Model found (2.56s, +0.00s): [-72, -6422]
22:50:45 Model found (2.56s, +0.00s): [-72, -6432]
22:50:45 Model found (2.56s, +0.00s): [-72, -6442]
22:50:45 Model found (2.57s, +0.00s): [-72, -6452]
22:50:45 Model found (2.57s, +0.00s): [-72, -6462]
22:50:45 Model found (2.57s, +0.00s): [-72, -6472]
22:50:45 Model found (2.57s, +0.00s): [-72, -6482]
22:50:46 Model found (2.57s, +0.00s): [-72, -6492]
22:50:46 Model found (2.58s, +0.00s): [-72, -6502]
22:50:46 Model found (2.58s, +0.00s): [-72, -6512]
22:50:46 Model found (2.58s, +0.00s): [-72, -6522]
22:50:46 Model found (2.58s, +0.00s): [-72, -6532]
22:50:46 Model found (2.58s, +0.00s): [-72, -6542]
22:50:46 Model found (2.58s, +0.00s): [-72, -6552]
22:50:46 Model found (2.59s, +0.00s): [-72, -6562]
22:50:46 Model found (2.59s, +0.00s): [-72, -6572]
22:50:46 Model found (2.59s, +0.00s): [-72, -6582]
22:50:46 Model found (2.59s, +0.00s): [-72, -6592]
22:50:46 Model found (2.59s, +0.00s): [-72, -6602]
22:50:46 Model found (2.60s, +0.00s): [-72, -6612]
22:50:46 Model found (2.60s, +0.00s): [-72, -6622]
22:50:46 Model found (2.60s, +0.00s): [-72, -6632]
22:50:46 Model found (2.60s, +0.00s): [-72, -6642]
22:50:46 Model found (2.60s, +0.00s): [-72, -6652]
22:50:46 Model found (2.60s, +0.00s): [-72, -6662]
22:50:46 Model found (2.61s, +0.00s): [-72, -6672]
22:50:46 Model found (2.61s, +0.00s): [-72, -6682]
22:50:46 Model found (2.61s, +0.00s): [-72, -6692]
22:50:46 Model found (2.61s, +0.00s): [-72, -6702]
22:50:46 Model found (2.61s, +0.00s): [-72, -6712]
22:50:46 Model found (2.62s, +0.00s): [-72, -6722]
22:50:46 Model found (2.62s, +0.00s): [-72, -6732]
22:50:46 Model found (2.62s, +0.00s): [-72, -6742]
22:50:46 Model found (2.62s, +0.00s): [-72, -6752]
22:50:46 Model found (2.62s, +0.00s): [-72, -6762]
22:50:46 Model found (2.63s, +0.00s): [-72, -6772]
22:50:46 Model found (2.63s, +0.00s): [-72, -6782]
22:50:46 Model found (2.63s, +0.00s): [-72, -6792]
22:50:46 Model found (2.63s, +0.00s): [-72, -6802]
22:50:46 Model found (2.63s, +0.00s): [-72, -6812]
22:50:46 Model found (2.63s, +0.00s): [-72, -6822]
22:50:46 Model found (2.64s, +0.00s): [-72, -6832]
22:50:46 Model found (2.64s, +0.00s): [-72, -6842]
22:50:46 Model found (2.64s, +0.00s): [-72, -6852]
22:50:46 Model found (2.64s, +0.00s): [-72, -6862]
22:50:46 Model found (2.64s, +0.00s): [-72, -6872]
22:50:46 Model found (2.65s, +0.00s): [-72, -6882]
22:50:46 Model found (2.65s, +0.00s): [-72, -6892]
22:50:46 Model found (2.65s, +0.00s): [-72, -6902]
22:50:46 Model found (2.65s, +0.00s): [-72, -6912]
22:50:46 Model found (2.65s, +0.00s): [-72, -6922]
22:50:46 Model found (2.65s, +0.00s): [-72, -6932]
22:50:46 Model found (2.66s, +0.00s): [-72, -6942]
22:50:46 Model found (2.66s, +0.00s): [-72, -6952]
22:50:46 Model found (2.66s, +0.00s): [-72, -6962]
22:50:46 Model found (2.66s, +0.00s): [-72, -6972]
22:50:46 Model found (2.66s, +0.00s): [-72, -6982]
22:50:46 Model found (2.67s, +0.00s): [-72, -6992]
22:50:46 Model found (2.67s, +0.00s): [-72, -7002]
22:50:46 Model found (2.67s, +0.00s): [-72, -7012]
22:50:46 Model found (2.67s, +0.00s): [-72, -7022]
22:50:46 Model found (2.67s, +0.00s): [-72, -7032]
22:50:46 Model found (2.67s, +0.00s): [-72, -7042]
22:50:46 Model found (2.68s, +0.00s): [-72, -7052]
22:50:46 Model found (2.68s, +0.00s): [-72, -7062]
22:50:46 Model found (2.68s, +0.00s): [-72, -7072]
22:50:46 Model found (2.68s, +0.00s): [-72, -7082]
22:50:46 Model found (2.68s, +0.00s): [-72, -7092]
22:50:46 Model found (2.69s, +0.00s): [-72, -7102]
22:50:46 Model found (2.69s, +0.00s): [-72, -7112]
22:50:46 Model found (2.69s, +0.00s): [-72, -7122]
22:50:46 Model found (2.69s, +0.00s): [-72, -7132]
22:50:46 Model found (2.69s, +0.00s): [-72, -7142]
22:50:46 Model found (2.69s, +0.00s): [-72, -7152]
22:50:46 Model found (2.70s, +0.00s): [-72, -7162]
22:50:46 Model found (2.70s, +0.00s): [-72, -7172]
22:50:46 Model found (2.70s, +0.00s): [-72, -7182]
22:50:46 Model found (2.70s, +0.00s): [-72, -7192]
22:50:46 Model found (2.70s, +0.00s): [-72, -7202]
22:50:46 Model found (2.71s, +0.00s): [-72, -7212]
22:50:46 Model found (2.71s, +0.00s): [-72, -7222]
22:50:46 Model found (2.71s, +0.00s): [-72, -7232]
22:50:46 Model found (2.71s, +0.00s): [-72, -7242]
22:50:46 Model found (2.71s, +0.00s): [-72, -7252]
22:50:46 Model found (2.72s, +0.00s): [-72, -7262]
22:50:46 Model found (2.72s, +0.00s): [-72, -7272]
22:50:46 Model found (2.72s, +0.00s): [-72, -7282]
22:50:46 Model found (2.72s, +0.00s): [-72, -7292]
22:50:46 Model found (2.72s, +0.00s): [-72, -7302]
22:50:46 Model found (2.72s, +0.00s): [-72, -7312]
22:50:46 Model found (2.73s, +0.00s): [-72, -7322]
22:50:46 Model found (2.73s, +0.00s): [-72, -7332]
22:50:46 Model found (2.73s, +0.00s): [-72, -7342]
22:50:46 Model found (2.73s, +0.00s): [-72, -7352]
22:50:46 Model found (2.73s, +0.00s): [-72, -7362]
22:50:46 Model found (2.74s, +0.00s): [-72, -7372]
22:50:46 Model found (2.74s, +0.00s): [-72, -7382]
22:50:46 Model found (2.74s, +0.00s): [-72, -7392]
22:50:46 Model found (2.74s, +0.00s): [-72, -7402]
22:50:46 Model found (2.74s, +0.00s): [-72, -7412]
22:50:46 Model found (2.75s, +0.00s): [-72, -7422]
22:50:46 Model found (2.75s, +0.00s): [-72, -7432]
22:50:46 Model found (2.75s, +0.00s): [-72, -7442]
22:50:46 Model found (2.75s, +0.00s): [-72, -7452]
22:50:46 Model found (2.75s, +0.00s): [-72, -7462]
22:50:46 Model found (2.75s, +0.00s): [-72, -7472]
22:50:46 Model found (2.76s, +0.00s): [-72, -7482]
22:50:46 Model found (2.76s, +0.00s): [-72, -7492]
22:50:46 Model found (2.76s, +0.00s): [-72, -7502]
22:50:46 Model found (2.76s, +0.00s): [-72, -7512]
22:50:46 Model found (2.76s, +0.00s): [-72, -7522]
22:50:46 Model found (2.77s, +0.00s): [-72, -7532]
22:50:46 Model found (2.77s, +0.00s): [-72, -7542]
22:50:46 Model found (2.77s, +0.00s): [-72, -7552]
22:50:46 Model found (2.77s, +0.00s): [-72, -7562]
22:50:46 Model found (2.77s, +0.00s): [-72, -7572]
22:50:46 Model found (2.77s, +0.00s): [-72, -7582]
22:50:46 Model found (2.78s, +0.00s): [-72, -7592]
22:50:46 Model found (2.78s, +0.00s): [-72, -7602]
22:50:46 Model found (2.78s, +0.00s): [-72, -7612]
22:50:46 Model found (2.78s, +0.00s): [-72, -7622]
22:50:46 Model found (2.78s, +0.00s): [-72, -7632]
22:50:46 Model found (2.79s, +0.00s): [-72, -7642]
22:50:46 Model found (2.79s, +0.00s): [-72, -7652]
22:50:46 Model found (2.79s, +0.00s): [-72, -7662]
22:50:46 Model found (2.79s, +0.00s): [-72, -7672]
22:50:46 Model found (2.79s, +0.00s): [-72, -7682]
22:50:46 Model found (2.79s, +0.00s): [-72, -7692]
22:50:46 Model found (2.80s, +0.00s): [-72, -7702]
22:50:46 Model found (2.80s, +0.00s): [-72, -7712]
22:50:46 Model found (2.80s, +0.00s): [-72, -7722]
22:50:46 Model found (2.80s, +0.00s): [-72, -7732]
22:50:46 Model found (2.80s, +0.00s): [-72, -7742]
22:50:46 Model found (2.81s, +0.00s): [-72, -7752]
22:50:46 Model found (2.81s, +0.00s): [-72, -7762]
22:50:46 Model found (2.81s, +0.00s): [-72, -7772]
22:50:46 Model found (2.81s, +0.00s): [-72, -7782]
22:50:46 Model found (2.81s, +0.00s): [-72, -7792]
22:50:46 Model found (2.82s, +0.00s): [-72, -7802]
22:50:46 Model found (2.82s, +0.00s): [-72, -7812]
22:50:46 Model found (2.82s, +0.00s): [-72, -7822]
22:50:46 Model found (2.82s, +0.00s): [-72, -7832]
22:50:46 Model found (2.82s, +0.00s): [-72, -7842]
22:50:46 Model found (2.82s, +0.00s): [-72, -7852]
22:50:46 Model found (2.83s, +0.00s): [-72, -7862]
22:50:46 Model found (2.83s, +0.00s): [-72, -7872]
22:50:46 Model found (2.83s, +0.00s): [-72, -7882]
22:50:46 Model found (2.83s, +0.00s): [-72, -7892]
22:50:46 Model found (2.83s, +0.00s): [-72, -7902]
22:50:46 Model found (2.84s, +0.00s): [-72, -7912]
22:50:46 Model found (2.84s, +0.00s): [-72, -7922]
22:50:46 Model found (2.84s, +0.00s): [-72, -7932]
22:50:46 Model found (2.84s, +0.00s): [-72, -7942]
22:50:46 Model found (2.84s, +0.00s): [-72, -7952]
22:50:46 Model found (2.85s, +0.00s): [-72, -7962]
22:50:46 Model found (2.85s, +0.00s): [-72, -7972]
22:50:46 Model found (2.85s, +0.00s): [-72, -7982]
22:50:46 Model found (2.85s, +0.00s): [-72, -7992]
22:50:46 Model found (2.85s, +0.00s): [-72, -8002]
22:50:46 Model found (2.86s, +0.00s): [-72, -8012]
22:50:46 Model found (2.86s, +0.00s): [-72, -8022]
22:50:46 Model found (2.86s, +0.00s): [-72, -8032]
22:50:46 Model found (2.86s, +0.00s): [-72, -8042]
22:50:46 Model found (2.86s, +0.00s): [-72, -8052]
22:50:46 Model found (2.87s, +0.00s): [-72, -8062]
22:50:46 Model found (2.87s, +0.00s): [-72, -8072]
22:50:46 Model found (2.87s, +0.00s): [-72, -8082]
22:50:46 Model found (2.87s, +0.00s): [-72, -8092]
22:50:46 Model found (2.87s, +0.00s): [-72, -8102]
22:50:46 Model found (2.88s, +0.00s): [-72, -8112]
22:50:46 Model found (2.88s, +0.00s): [-72, -8122]
22:50:46 Model found (2.88s, +0.00s): [-72, -8132]
22:50:46 Model found (2.88s, +0.00s): [-72, -8142]
22:50:46 Model found (2.88s, +0.00s): [-72, -8152]
22:50:46 Model found (2.88s, +0.00s): [-72, -8162]
22:50:46 Model found (2.89s, +0.00s): [-72, -8172]
22:50:46 Model found (2.89s, +0.00s): [-72, -8182]
22:50:46 Model found (2.89s, +0.00s): [-72, -8192]
22:50:46 Model found (2.89s, +0.00s): [-72, -8202]
22:50:46 Model found (2.89s, +0.00s): [-72, -8212]
22:50:46 Model found (2.90s, +0.00s): [-72, -8222]
22:50:46 Model found (2.90s, +0.00s): [-72, -8232]
22:50:46 Model found (2.90s, +0.00s): [-72, -8242]
22:50:46 Model found (2.90s, +0.00s): [-72, -8252]
22:50:46 Model found (2.91s, +0.00s): [-72, -8262]
22:50:46 Model found (2.91s, +0.00s): [-72, -8272]
22:50:46 Model found (2.91s, +0.00s): [-72, -8282]
22:50:46 Model found (2.91s, +0.00s): [-72, -8292]
22:50:46 Model found (2.91s, +0.00s): [-72, -8302]
22:50:46 Model found (2.92s, +0.00s): [-72, -8312]
22:50:46 Model found (2.92s, +0.00s): [-72, -8322]
22:50:46 Model found (2.92s, +0.00s): [-72, -8332]
22:50:46 Model found (2.92s, +0.00s): [-72, -8342]
22:50:46 Model found (2.92s, +0.00s): [-72, -8352]
22:50:46 Model found (2.92s, +0.00s): [-72, -8362]
22:50:46 Model found (2.93s, +0.00s): [-72, -8372]
22:50:46 Model found (2.93s, +0.00s): [-72, -8382]
22:50:46 Model found (2.93s, +0.00s): [-72, -8392]
22:50:46 Model found (2.93s, +0.00s): [-72, -8402]
22:50:46 Model found (2.93s, +0.00s): [-72, -8412]
22:50:46 Model found (2.94s, +0.00s): [-72, -8422]
22:50:46 Model found (2.94s, +0.00s): [-72, -8432]
22:50:46 Model found (2.94s, +0.00s): [-72, -8442]
22:50:46 Model found (2.94s, +0.00s): [-72, -8452]
22:50:46 Model found (2.94s, +0.00s): [-72, -8462]
22:50:46 Model found (2.95s, +0.00s): [-72, -8472]
22:50:46 Model found (2.95s, +0.00s): [-72, -8482]
22:50:46 Model found (2.95s, +0.00s): [-72, -8492]
22:50:46 Model found (2.95s, +0.00s): [-72, -8502]
22:50:46 Model found (2.95s, +0.00s): [-72, -8512]
22:50:46 Model found (2.96s, +0.00s): [-72, -8522]
22:50:46 Model found (2.96s, +0.00s): [-72, -8532]
22:50:46 Model found (2.96s, +0.00s): [-72, -8542]
22:50:46 Model found (2.96s, +0.00s): [-72, -8552]
22:50:46 Model found (2.96s, +0.00s): [-72, -8562]
22:50:46 Model found (2.97s, +0.00s): [-72, -8572]
22:50:46 Model found (2.97s, +0.00s): [-72, -8582]
22:50:46 Model found (2.97s, +0.00s): [-72, -8592]
22:50:46 Model found (2.97s, +0.00s): [-72, -8602]
22:50:46 Model found (2.97s, +0.00s): [-72, -8612]
22:50:46 Model found (2.98s, +0.00s): [-72, -8622]
22:50:46 Model found (2.98s, +0.00s): [-72, -8632]
22:50:46 Model found (2.98s, +0.00s): [-72, -8642]
22:50:46 Model found (2.98s, +0.00s): [-72, -8652]
22:50:46 Model found (2.98s, +0.00s): [-72, -8662]
22:50:46 Model found (2.99s, +0.00s): [-72, -8672]
22:50:46 Model found (2.99s, +0.00s): [-72, -8682]
22:50:46 Model found (2.99s, +0.00s): [-72, -8692]
22:50:46 Model found (2.99s, +0.00s): [-72, -8702]
22:50:46 Model found (2.99s, +0.00s): [-72, -8712]
22:50:46 Model found (3.00s, +0.00s): [-72, -8722]
22:50:46 Model found (3.00s, +0.00s): [-72, -8732]
22:50:46 Model found (3.00s, +0.00s): [-72, -8742]
22:50:46 Model found (3.00s, +0.00s): [-72, -8752]
22:50:46 Model found (3.00s, +0.00s): [-72, -8762]
22:50:46 Model found (3.01s, +0.00s): [-72, -8772]
22:50:46 Model found (3.01s, +0.00s): [-72, -8782]
22:50:46 Model found (3.01s, +0.00s): [-72, -8792]
22:50:46 Model found (3.01s, +0.00s): [-72, -8802]
22:50:46 Model found (3.01s, +0.00s): [-72, -8812]
22:50:46 Model found (3.02s, +0.00s): [-72, -8822]
22:50:46 Model found (3.02s, +0.00s): [-72, -8832]
22:50:46 Model found (3.02s, +0.00s): [-72, -8842]
22:50:46 Model found (3.02s, +0.00s): [-72, -8852]
22:50:46 Model found (3.02s, +0.00s): [-72, -8862]
22:50:46 Model found (3.03s, +0.00s): [-72, -8872]
22:50:46 Model found (3.03s, +0.00s): [-72, -8882]
22:50:46 Model found (3.03s, +0.00s): [-72, -8892]
22:50:46 Model found (3.03s, +0.00s): [-72, -8902]
22:50:46 Model found (3.03s, +0.00s): [-72, -8912]
22:50:46 Model found (3.03s, +0.00s): [-72, -8922]
22:50:46 Model found (3.04s, +0.00s): [-72, -8932]
22:50:46 Model found (3.04s, +0.00s): [-72, -8942]
22:50:46 Model found (3.04s, +0.00s): [-72, -8952]
22:50:46 Model found (3.04s, +0.00s): [-72, -8962]
22:50:46 Model found (3.04s, +0.00s): [-72, -8972]
22:50:46 Model found (3.05s, +0.00s): [-72, -8982]
22:50:46 Model found (3.05s, +0.00s): [-72, -8992]
22:50:46 Model found (3.05s, +0.00s): [-72, -9002]
22:50:46 Model found (3.05s, +0.00s): [-72, -9012]
22:50:46 Model found (3.05s, +0.00s): [-72, -9022]
22:50:46 Model found (3.06s, +0.00s): [-72, -9032]
22:50:46 Model found (3.06s, +0.00s): [-72, -9042]
22:50:46 Model found (3.06s, +0.00s): [-72, -9052]
22:50:46 Model found (3.06s, +0.00s): [-72, -9062]
22:50:46 Model found (3.07s, +0.00s): [-72, -9072]
22:50:46 Model found (3.07s, +0.00s): [-72, -9082]
22:50:46 Model found (3.07s, +0.00s): [-72, -9092]
22:50:46 Model found (3.07s, +0.00s): [-72, -9102]
22:50:46 Model found (3.07s, +0.00s): [-72, -9112]
22:50:46 Model found (3.08s, +0.00s): [-72, -9122]
22:50:46 Model found (3.08s, +0.00s): [-72, -9132]
22:50:46 Model found (3.08s, +0.00s): [-72, -9142]
22:50:46 Model found (3.08s, +0.00s): [-72, -9152]
22:50:46 Model found (3.08s, +0.00s): [-72, -9162]
22:50:46 Model found (3.09s, +0.00s): [-72, -9172]
22:50:46 Model found (3.09s, +0.00s): [-72, -9182]
22:50:46 Model found (3.09s, +0.00s): [-72, -9192]
22:50:46 Model found (3.09s, +0.00s): [-72, -9202]
22:50:46 Model found (3.10s, +0.00s): [-72, -9212]
22:50:46 Model found (3.10s, +0.00s): [-72, -9222]
22:50:46 Model found (3.10s, +0.00s): [-72, -9232]
22:50:46 Model found (3.10s, +0.00s): [-72, -9242]
22:50:46 Model found (3.10s, +0.00s): [-72, -9252]
22:50:46 Model found (3.10s, +0.00s): [-72, -9262]
22:50:46 Model found (3.11s, +0.00s): [-72, -9272]
22:50:46 Model found (3.11s, +0.00s): [-72, -9282]
22:50:46 Model found (3.11s, +0.00s): [-72, -9292]
22:50:46 Model found (3.11s, +0.00s): [-72, -9302]
22:50:46 Model found (3.11s, +0.00s): [-72, -9312]
22:50:46 Model found (3.12s, +0.00s): [-72, -9322]
22:50:46 Model found (3.12s, +0.00s): [-72, -9332]
22:50:46 Model found (3.12s, +0.00s): [-72, -9342]
22:50:46 Model found (3.12s, +0.00s): [-72, -9352]
22:50:46 Model found (3.12s, +0.00s): [-72, -9362]
22:50:46 Model found (3.13s, +0.00s): [-72, -9372]
22:50:46 Model found (3.13s, +0.00s): [-72, -9382]
22:50:46 Model found (3.13s, +0.00s): [-72, -9392]
22:50:46 Model found (3.13s, +0.00s): [-72, -9402]
22:50:46 Model found (3.13s, +0.00s): [-72, -9412]
22:50:46 Model found (3.14s, +0.00s): [-72, -9422]
22:50:46 Model found (3.14s, +0.00s): [-72, -9432]
22:50:46 Model found (3.14s, +0.00s): [-72, -9442]
22:50:46 Model found (3.14s, +0.00s): [-72, -9452]
22:50:46 Model found (3.14s, +0.00s): [-72, -9462]
22:50:46 Model found (3.15s, +0.00s): [-72, -9472]
22:50:46 Model found (3.15s, +0.00s): [-72, -9482]
22:50:46 Model found (3.15s, +0.00s): [-72, -9492]
22:50:46 Model found (3.15s, +0.00s): [-72, -9502]
22:50:46 Model found (3.15s, +0.00s): [-72, -9512]
22:50:46 Model found (3.16s, +0.00s): [-72, -9522]
22:50:46 Model found (3.16s, +0.00s): [-72, -9532]
22:50:46 Model found (3.16s, +0.00s): [-72, -9542]
22:50:46 Model found (3.16s, +0.00s): [-72, -9552]
22:50:46 Model found (3.16s, +0.00s): [-72, -9562]
22:50:46 Model found (3.17s, +0.00s): [-72, -9572]
22:50:46 Model found (3.17s, +0.00s): [-72, -9582]
22:50:46 Model found (3.17s, +0.00s): [-72, -9592]
22:50:46 Model found (3.17s, +0.00s): [-72, -9602]
22:50:46 Model found (3.18s, +0.00s): [-72, -9612]
22:50:46 Model found (3.18s, +0.00s): [-72, -9622]
22:50:46 Model found (3.18s, +0.00s): [-72, -9632]
22:50:46 Model found (3.18s, +0.00s): [-72, -9642]
22:50:46 Model found (3.18s, +0.00s): [-72, -9652]
22:50:46 Model found (3.19s, +0.00s): [-72, -9662]
22:50:46 Model found (3.19s, +0.00s): [-72, -9672]
22:50:46 Model found (3.19s, +0.00s): [-72, -9682]
22:50:46 Model found (3.19s, +0.00s): [-72, -9692]
22:50:46 Model found (3.19s, +0.00s): [-72, -9702]
22:50:46 Model found (3.20s, +0.00s): [-72, -9712]
22:50:46 Model found (3.20s, +0.00s): [-72, -9722]
22:50:46 Model found (3.20s, +0.00s): [-72, -9732]
22:50:46 Model found (3.20s, +0.00s): [-72, -9742]
22:50:46 Model found (3.20s, +0.00s): [-72, -9752]
22:50:46 Model found (3.21s, +0.00s): [-72, -9762]
22:50:46 Model found (3.21s, +0.00s): [-72, -9772]
22:50:46 Model found (3.21s, +0.00s): [-72, -9782]
22:50:46 Model found (3.21s, +0.00s): [-72, -9792]
22:50:46 Model found (3.21s, +0.00s): [-72, -9802]
22:50:46 Model found (3.22s, +0.00s): [-72, -9812]
22:50:46 Model found (3.22s, +0.00s): [-72, -9822]
22:50:46 Model found (3.22s, +0.00s): [-72, -9832]
22:50:46 Model found (3.22s, +0.00s): [-72, -9842]
22:50:46 Model found (3.22s, +0.00s): [-72, -9852]
22:50:46 Model found (3.23s, +0.00s): [-72, -9862]
22:50:46 Model found (3.23s, +0.00s): [-72, -9872]
22:50:46 Model found (3.23s, +0.00s): [-72, -9882]
22:50:46 Model found (3.23s, +0.00s): [-72, -9892]
22:50:46 Model found (3.23s, +0.00s): [-72, -9902]
22:50:46 Model found (3.24s, +0.00s): [-72, -9912]
22:50:46 Model found (3.24s, +0.00s): [-72, -9922]
22:50:46 Model found (3.24s, +0.00s): [-72, -9932]
22:50:46 Model found (3.24s, +0.00s): [-72, -9942]
22:50:46 Model found (3.24s, +0.00s): [-72, -9952]
22:50:46 Model found (3.25s, +0.00s): [-72, -9962]
22:50:46 Model found (3.25s, +0.00s): [-72, -9972]
22:50:46 Model found (3.25s, +0.00s): [-72, -9982]
22:50:46 Model found (3.25s, +0.00s): [-72, -9992]
22:50:46 Model found (3.25s, +0.00s): [-72, -10002]
22:50:46 Model found (3.26s, +0.00s): [-72, -10012]
22:50:46 Model found (3.26s, +0.00s): [-72, -10022]
22:50:46 Model found (3.26s, +0.00s): [-72, -10032]
22:50:46 Model found (3.26s, +0.00s): [-72, -10042]
22:50:46 Model found (3.26s, +0.00s): [-72, -10052]
22:50:46 Model found (3.26s, +0.00s): [-72, -10062]
22:50:46 Model found (3.27s, +0.00s): [-72, -10072]
22:50:46 Model found (3.27s, +0.00s): [-72, -10082]
22:50:46 Model found (3.27s, +0.00s): [-72, -10092]
22:50:46 Model found (3.27s, +0.00s): [-72, -10102]
22:50:46 Model found (3.27s, +0.00s): [-72, -10112]
22:50:46 Model found (3.28s, +0.00s): [-72, -10122]
22:50:46 Model found (3.28s, +0.00s): [-72, -10132]
22:50:46 Model found (3.28s, +0.00s): [-72, -10142]
22:50:46 Model found (3.28s, +0.00s): [-72, -10152]
22:50:46 Model found (3.28s, +0.00s): [-72, -10162]
22:50:46 Model found (3.29s, +0.00s): [-72, -10172]
22:50:46 Model found (3.29s, +0.00s): [-72, -10182]
22:50:46 Model found (3.29s, +0.00s): [-72, -10192]
22:50:46 Model found (3.29s, +0.00s): [-72, -10202]
22:50:46 Model found (3.29s, +0.00s): [-72, -10212]
22:50:46 Model found (3.30s, +0.00s): [-72, -10222]
22:50:46 Model found (3.30s, +0.00s): [-72, -10232]
22:50:46 Model found (3.30s, +0.00s): [-72, -10242]
22:50:46 Model found (3.30s, +0.00s): [-72, -10252]
22:50:46 Model found (3.31s, +0.00s): [-72, -10262]
22:50:46 Model found (3.31s, +0.00s): [-72, -10272]
22:50:46 Model found (3.31s, +0.00s): [-72, -10282]
22:50:46 Model found (3.31s, +0.00s): [-72, -10292]
22:50:46 Model found (3.31s, +0.00s): [-72, -10302]
22:50:46 Model found (3.32s, +0.00s): [-72, -10312]
22:50:46 Model found (3.32s, +0.00s): [-72, -10322]
22:50:46 Model found (3.32s, +0.00s): [-72, -10332]
22:50:46 Model found (3.32s, +0.00s): [-72, -10342]
22:50:46 Model found (3.32s, +0.00s): [-72, -10352]
22:50:46 Model found (3.33s, +0.00s): [-72, -10362]
22:50:46 Model found (3.33s, +0.00s): [-72, -10372]
22:50:46 Model found (3.33s, +0.00s): [-72, -10382]
22:50:46 Model found (3.33s, +0.00s): [-72, -10392]
22:50:46 Model found (3.33s, +0.00s): [-72, -10402]
22:50:46 Model found (3.34s, +0.00s): [-72, -10412]
22:50:46 Model found (3.34s, +0.00s): [-72, -10422]
22:50:46 Model found (3.34s, +0.00s): [-72, -10432]
22:50:46 Model found (3.34s, +0.00s): [-72, -10442]
22:50:46 Model found (3.34s, +0.00s): [-72, -10452]
22:50:46 Model found (3.35s, +0.00s): [-72, -10462]
22:50:46 Model found (3.35s, +0.00s): [-72, -10472]
22:50:46 Model found (3.35s, +0.00s): [-72, -10482]
22:50:46 Model found (3.35s, +0.00s): [-72, -10492]
22:50:46 Model found (3.35s, +0.00s): [-72, -10502]
22:50:46 Model found (3.36s, +0.00s): [-72, -10512]
22:50:46 Model found (3.36s, +0.00s): [-72, -10522]
22:50:46 Model found (3.36s, +0.00s): [-72, -10532]
22:50:46 Model found (3.36s, +0.00s): [-72, -10542]
22:50:46 Model found (3.36s, +0.00s): [-72, -10552]
22:50:46 Model found (3.37s, +0.00s): [-72, -10562]
22:50:46 Model found (3.37s, +0.00s): [-72, -10572]
22:50:46 Model found (3.37s, +0.00s): [-72, -10582]
22:50:46 Model found (3.37s, +0.00s): [-72, -10592]
22:50:46 Model found (3.37s, +0.00s): [-72, -10602]
22:50:46 Model found (3.38s, +0.00s): [-72, -10612]
22:50:46 Model found (3.38s, +0.00s): [-72, -10622]
22:50:46 Model found (3.38s, +0.00s): [-72, -10632]
22:50:46 Model found (3.38s, +0.00s): [-72, -10642]
22:50:46 Model found (3.38s, +0.00s): [-72, -10652]
22:50:46 Model found (3.39s, +0.00s): [-72, -10662]
22:50:46 Model found (3.39s, +0.00s): [-72, -10672]
22:50:46 Model found (3.39s, +0.00s): [-72, -10682]
22:50:46 Model found (3.39s, +0.00s): [-72, -10692]
22:50:46 Model found (3.39s, +0.00s): [-72, -10702]
22:50:46 Model found (3.40s, +0.00s): [-72, -10712]
22:50:46 Model found (3.40s, +0.00s): [-72, -10722]
22:50:46 Model found (3.40s, +0.00s): [-72, -10732]
22:50:46 Model found (3.40s, +0.00s): [-72, -10742]
22:50:46 Model found (3.41s, +0.00s): [-72, -10752]
22:50:46 Model found (3.41s, +0.00s): [-72, -10762]
22:50:46 Model found (3.41s, +0.00s): [-72, -10772]
22:50:46 Model found (3.41s, +0.00s): [-72, -10782]
22:50:46 Model found (3.41s, +0.00s): [-72, -10792]
22:50:46 Model found (3.42s, +0.00s): [-72, -10802]
22:50:46 Model found (3.42s, +0.00s): [-72, -10812]
22:50:46 Model found (3.42s, +0.00s): [-72, -10822]
22:50:46 Model found (3.42s, +0.00s): [-72, -10832]
22:50:46 Model found (3.42s, +0.00s): [-72, -10842]
22:50:46 Model found (3.43s, +0.00s): [-72, -10852]
22:50:46 Model found (3.43s, +0.00s): [-72, -10862]
22:50:46 Model found (3.43s, +0.00s): [-72, -10872]
22:50:46 Model found (3.43s, +0.00s): [-72, -10882]
22:50:46 Model found (3.43s, +0.00s): [-72, -10892]
22:50:46 Model found (3.44s, +0.00s): [-72, -10902]
22:50:46 Model found (3.44s, +0.00s): [-72, -10912]
22:50:46 Model found (3.44s, +0.00s): [-72, -10922]
22:50:46 Model found (3.44s, +0.00s): [-72, -10932]
22:50:46 Model found (3.45s, +0.00s): [-72, -10942]
22:50:46 Model found (3.45s, +0.00s): [-72, -10952]
22:50:46 Model found (3.45s, +0.00s): [-72, -10962]
22:50:46 Model found (3.45s, +0.00s): [-72, -10972]
22:50:46 Model found (3.45s, +0.00s): [-72, -10982]
22:50:46 Model found (3.46s, +0.00s): [-72, -10992]
22:50:46 Model found (3.46s, +0.00s): [-72, -11002]
22:50:46 Model found (3.46s, +0.00s): [-72, -11012]
22:50:46 Model found (3.46s, +0.00s): [-72, -11022]
22:50:46 Model found (3.46s, +0.00s): [-72, -11032]
22:50:46 Model found (3.47s, +0.00s): [-72, -11042]
22:50:46 Model found (3.47s, +0.00s): [-72, -11052]
22:50:46 Model found (3.47s, +0.00s): [-72, -11062]
22:50:46 Model found (3.47s, +0.00s): [-72, -11072]
22:50:46 Model found (3.47s, +0.00s): [-72, -11082]
22:50:46 Model found (3.48s, +0.00s): [-72, -11092]
22:50:46 Model found (3.48s, +0.00s): [-72, -11102]
22:50:46 Model found (3.48s, +0.00s): [-72, -11112]
22:50:46 Model found (3.48s, +0.00s): [-72, -11122]
22:50:46 Model found (3.48s, +0.00s): [-72, -11132]
22:50:46 Model found (3.49s, +0.00s): [-72, -11142]
22:50:46 Model found (3.49s, +0.00s): [-72, -11152]
22:50:46 Model found (3.49s, +0.00s): [-72, -11162]
22:50:46 Model found (3.49s, +0.00s): [-72, -11172]
22:50:46 Model found (3.49s, +0.00s): [-72, -11182]
22:50:46 Model found (3.50s, +0.00s): [-72, -11192]
22:50:46 Model found (3.50s, +0.00s): [-72, -11202]
22:50:46 Model found (3.50s, +0.00s): [-72, -11212]
22:50:46 Model found (3.50s, +0.00s): [-72, -11222]
22:50:46 Model found (3.50s, +0.00s): [-72, -11232]
22:50:46 Model found (3.51s, +0.00s): [-72, -11242]
22:50:46 Model found (3.51s, +0.00s): [-72, -11252]
22:50:46 Model found (3.51s, +0.00s): [-72, -11262]
22:50:46 Model found (3.51s, +0.00s): [-72, -11272]
22:50:46 Model found (3.52s, +0.00s): [-72, -11282]
22:50:46 Model found (3.52s, +0.00s): [-72, -11292]
22:50:46 Model found (3.52s, +0.00s): [-72, -11302]
22:50:46 Model found (3.52s, +0.00s): [-72, -11312]
22:50:46 Model found (3.52s, +0.00s): [-72, -11322]
22:50:46 Model found (3.53s, +0.00s): [-72, -11332]
22:50:46 Model found (3.53s, +0.00s): [-72, -11342]
22:50:46 Model found (3.53s, +0.00s): [-72, -11352]
22:50:46 Model found (3.53s, +0.00s): [-72, -11362]
22:50:46 Model found (3.54s, +0.00s): [-72, -11372]
22:50:46 Model found (3.54s, +0.00s): [-72, -11382]
22:50:46 Model found (3.54s, +0.00s): [-72, -11392]
22:50:46 Model found (3.54s, +0.00s): [-72, -11402]
22:50:46 Model found (3.54s, +0.00s): [-72, -11412]
22:50:46 Model found (3.55s, +0.00s): [-72, -11422]
22:50:46 Model found (3.55s, +0.00s): [-72, -11432]
22:50:46 Model found (3.55s, +0.00s): [-72, -11442]
22:50:46 Model found (3.55s, +0.00s): [-72, -11452]
22:50:46 Model found (3.55s, +0.00s): [-72, -11462]
22:50:46 Model found (3.56s, +0.00s): [-72, -11472]
22:50:46 Model found (3.56s, +0.00s): [-72, -11482]
22:50:46 Model found (3.56s, +0.00s): [-72, -11492]
22:50:46 Model found (3.56s, +0.00s): [-72, -11502]
22:50:46 Model found (3.56s, +0.00s): [-72, -11512]
22:50:46 Model found (3.57s, +0.00s): [-72, -11522]
22:50:46 Model found (3.57s, +0.00s): [-72, -11532]
22:50:46 Model found (3.57s, +0.00s): [-72, -11542]
22:50:47 Model found (3.57s, +0.00s): [-72, -11552]
22:50:47 Model found (3.58s, +0.00s): [-72, -11562]
22:50:47 Model found (3.58s, +0.00s): [-72, -11572]
22:50:47 Model found (3.58s, +0.00s): [-72, -11582]
22:50:47 Model found (3.58s, +0.00s): [-72, -11592]
22:50:47 Model found (3.58s, +0.00s): [-72, -11602]
22:50:47 Model found (3.59s, +0.00s): [-72, -11612]
22:50:47 Model found (3.59s, +0.00s): [-72, -11622]
22:50:47 Model found (3.59s, +0.00s): [-72, -11632]
22:50:47 Model found (3.59s, +0.00s): [-72, -11642]
22:50:47 Model found (3.59s, +0.00s): [-72, -11652]
22:50:47 Model found (3.60s, +0.00s): [-72, -11662]
22:50:47 Model found (3.60s, +0.00s): [-72, -11672]
22:50:47 Model found (3.60s, +0.00s): [-72, -11682]
22:50:47 Model found (3.60s, +0.00s): [-72, -11692]
22:50:47 Model found (3.60s, +0.00s): [-72, -11702]
22:50:47 Model found (3.61s, +0.00s): [-72, -11712]
22:50:47 Model found (3.61s, +0.00s): [-72, -11722]
22:50:47 Model found (3.61s, +0.00s): [-72, -11732]
22:50:47 Model found (3.61s, +0.00s): [-72, -11742]
22:50:47 Model found (3.61s, +0.00s): [-72, -11752]
22:50:47 Model found (3.62s, +0.00s): [-72, -11762]
22:50:47 Model found (3.62s, +0.00s): [-72, -11772]
22:50:47 Model found (3.62s, +0.00s): [-72, -11782]
22:50:47 Model found (3.62s, +0.00s): [-72, -11792]
22:50:47 Model found (3.62s, +0.00s): [-72, -11802]
22:50:47 Model found (3.63s, +0.00s): [-72, -11812]
22:50:47 Model found (3.63s, +0.00s): [-72, -11822]
22:50:47 Model found (3.63s, +0.00s): [-72, -11832]
22:50:47 Model found (3.63s, +0.00s): [-72, -11842]
22:50:47 Model found (3.64s, +0.00s): [-72, -11852]
22:50:47 Model found (3.64s, +0.00s): [-72, -11862]
22:50:47 Model found (3.64s, +0.00s): [-72, -11872]
22:50:47 Model found (3.64s, +0.00s): [-72, -11882]
22:50:47 Model found (3.64s, +0.00s): [-72, -11892]
22:50:47 Model found (3.65s, +0.00s): [-72, -11902]
22:50:47 Model found (3.65s, +0.00s): [-72, -11912]
22:50:47 Model found (3.65s, +0.00s): [-72, -11922]
22:50:47 Model found (3.65s, +0.00s): [-72, -11932]
22:50:47 Model found (3.65s, +0.00s): [-72, -11942]
22:50:47 Model found (3.66s, +0.00s): [-72, -11952]
22:50:47 Model found (3.66s, +0.00s): [-72, -11962]
22:50:47 Model found (3.66s, +0.00s): [-72, -11972]
22:50:47 Model found (3.66s, +0.00s): [-72, -11982]
22:50:47 Model found (3.66s, +0.00s): [-72, -11992]
22:50:47 Model found (3.67s, +0.00s): [-72, -12002]
22:50:47 Model found (3.67s, +0.00s): [-72, -12012]
22:50:47 Model found (3.67s, +0.00s): [-72, -12022]
22:50:47 Model found (3.67s, +0.00s): [-72, -12032]
22:50:47 Model found (3.67s, +0.00s): [-72, -12042]
22:50:47 Model found (3.68s, +0.00s): [-72, -12052]
22:50:47 Model found (3.68s, +0.00s): [-72, -12062]
22:50:47 Model found (3.68s, +0.00s): [-72, -12072]
22:50:47 Model found (3.68s, +0.00s): [-72, -12082]
22:50:47 Model found (3.68s, +0.00s): [-72, -12092]
22:50:47 Model found (3.69s, +0.00s): [-72, -12102]
22:50:47 Model found (3.69s, +0.00s): [-72, -12112]
22:50:47 Model found (3.69s, +0.00s): [-72, -12122]
22:50:47 Model found (3.69s, +0.00s): [-72, -12132]
22:50:47 Model found (3.70s, +0.00s): [-72, -12142]
22:50:47 Model found (3.70s, +0.00s): [-72, -12152]
22:50:47 Model found (3.70s, +0.00s): [-72, -12162]
22:50:47 Model found (3.70s, +0.00s): [-72, -12172]
22:50:47 Model found (3.70s, +0.00s): [-72, -12182]
22:50:47 Model found (3.71s, +0.00s): [-72, -12192]
22:50:47 Model found (3.71s, +0.00s): [-72, -12202]
22:50:47 Model found (3.71s, +0.00s): [-72, -12212]
22:50:47 Model found (3.71s, +0.00s): [-72, -12222]
22:50:47 Model found (3.71s, +0.00s): [-72, -12232]
22:50:47 Model found (3.72s, +0.00s): [-72, -12242]
22:50:47 Model found (3.72s, +0.00s): [-72, -12252]
22:50:47 Model found (3.72s, +0.00s): [-72, -12262]
22:50:47 Model found (3.72s, +0.00s): [-72, -12272]
22:50:47 Model found (3.73s, +0.00s): [-72, -12282]
22:50:47 Model found (3.73s, +0.00s): [-72, -12292]
22:50:47 Model found (3.73s, +0.00s): [-72, -12302]
22:50:47 Model found (3.73s, +0.00s): [-72, -12312]
22:50:47 Model found (3.73s, +0.00s): [-72, -12322]
22:50:47 Model found (3.74s, +0.00s): [-72, -12332]
22:50:47 Model found (3.74s, +0.00s): [-72, -12342]
22:50:47 Model found (3.74s, +0.00s): [-72, -12352]
22:50:47 Model found (3.74s, +0.00s): [-72, -12362]
22:50:47 Model found (3.75s, +0.00s): [-72, -12372]
22:50:47 Model found (3.75s, +0.00s): [-72, -12382]
22:50:47 Model found (3.75s, +0.00s): [-72, -12392]
22:50:47 Model found (3.75s, +0.00s): [-72, -12402]
22:50:47 Model found (3.75s, +0.00s): [-72, -12412]
22:50:47 Model found (3.76s, +0.00s): [-72, -12422]
22:50:47 Model found (3.76s, +0.00s): [-72, -12432]
22:50:47 Model found (3.76s, +0.00s): [-72, -12442]
22:50:47 Model found (3.76s, +0.00s): [-72, -12452]
22:50:47 Model found (3.76s, +0.00s): [-72, -12462]
22:50:47 Model found (3.77s, +0.00s): [-72, -12472]
22:50:47 Model found (3.77s, +0.00s): [-72, -12482]
22:50:47 Model found (3.77s, +0.00s): [-72, -12492]
22:50:47 Model found (3.77s, +0.00s): [-72, -12502]
22:50:47 Model found (3.78s, +0.00s): [-72, -12512]
22:50:47 Model found (3.78s, +0.00s): [-72, -12522]
22:50:47 Model found (3.78s, +0.00s): [-72, -12532]
22:50:47 Model found (3.78s, +0.00s): [-72, -12542]
22:50:47 Model found (3.78s, +0.00s): [-72, -12552]
22:50:47 Model found (3.79s, +0.00s): [-72, -12562]
22:50:47 Model found (3.79s, +0.00s): [-72, -12572]
22:50:47 Model found (3.79s, +0.00s): [-72, -12582]
22:50:47 Model found (3.79s, +0.00s): [-72, -12592]
22:50:47 Model found (3.79s, +0.00s): [-72, -12602]
22:50:47 Model found (3.80s, +0.00s): [-72, -12612]
22:50:47 Model found (3.80s, +0.00s): [-72, -12622]
22:50:47 Model found (3.80s, +0.00s): [-72, -12632]
22:50:47 Model found (3.80s, +0.00s): [-72, -12642]
22:50:47 Model found (3.80s, +0.00s): [-72, -12652]
22:50:47 Model found (3.81s, +0.00s): [-72, -12662]
22:50:47 Model found (3.81s, +0.00s): [-72, -12672]
22:50:47 Model found (3.81s, +0.00s): [-72, -12682]
22:50:47 Model found (3.81s, +0.00s): [-72, -12692]
22:50:47 Model found (3.81s, +0.00s): [-72, -12702]
22:50:47 Model found (3.82s, +0.00s): [-72, -12712]
22:50:47 Model found (3.82s, +0.00s): [-72, -12722]
22:50:47 Model found (3.82s, +0.00s): [-72, -12732]
22:50:47 Model found (3.82s, +0.00s): [-72, -12742]
22:50:47 Model found (3.83s, +0.00s): [-72, -12752]
22:50:47 Model found (3.83s, +0.00s): [-72, -12762]
22:50:47 Model found (3.83s, +0.00s): [-72, -12772]
22:50:47 Model found (3.83s, +0.00s): [-72, -12782]
22:50:47 Model found (3.83s, +0.00s): [-72, -12792]
22:50:47 Model found (3.84s, +0.00s): [-72, -12802]
22:50:47 Model found (3.84s, +0.00s): [-72, -12812]
22:50:47 Model found (3.84s, +0.00s): [-72, -12822]
22:50:47 Model found (3.84s, +0.00s): [-72, -12832]
22:50:47 Model found (3.84s, +0.00s): [-72, -12842]
22:50:47 Model found (3.85s, +0.00s): [-72, -12852]
22:50:47 Model found (3.85s, +0.00s): [-72, -12862]
22:50:47 Model found (3.85s, +0.00s): [-72, -12872]
22:50:47 Model found (3.85s, +0.00s): [-72, -12882]
22:50:47 Model found (3.86s, +0.00s): [-72, -12892]
22:50:47 Model found (3.86s, +0.00s): [-72, -12902]
22:50:47 Model found (3.86s, +0.00s): [-72, -12912]
22:50:47 Model found (3.86s, +0.00s): [-72, -12922]
22:50:47 Model found (3.87s, +0.00s): [-72, -12932]
22:50:47 Model found (3.87s, +0.00s): [-72, -12942]
22:50:47 Model found (3.87s, +0.00s): [-72, -12952]
22:50:47 Model found (3.87s, +0.00s): [-72, -12962]
22:50:47 Model found (3.87s, +0.00s): [-72, -12972]
22:50:47 Model found (3.88s, +0.00s): [-72, -12982]
22:50:47 Model found (3.88s, +0.00s): [-72, -12992]
22:50:47 Model found (3.88s, +0.00s): [-72, -13002]
22:50:47 Model found (3.88s, +0.00s): [-72, -13012]
22:50:47 Model found (3.88s, +0.00s): [-72, -13022]
22:50:47 Model found (3.89s, +0.00s): [-72, -13032]
22:50:47 Model found (3.89s, +0.00s): [-72, -13042]
22:50:47 Model found (3.89s, +0.00s): [-72, -13052]
22:50:47 Model found (3.89s, +0.00s): [-72, -13062]
22:50:47 Model found (3.89s, +0.00s): [-72, -13072]
22:50:47 Model found (3.90s, +0.00s): [-72, -13082]
22:50:47 Model found (3.90s, +0.00s): [-72, -13092]
22:50:47 Model found (3.90s, +0.00s): [-72, -13102]
22:50:47 Model found (3.90s, +0.00s): [-72, -13112]
22:50:47 Model found (3.91s, +0.00s): [-72, -13122]
22:50:47 Model found (3.91s, +0.00s): [-72, -13132]
22:50:47 Model found (3.91s, +0.00s): [-72, -13142]
22:50:47 Model found (3.91s, +0.00s): [-72, -13152]
22:50:47 Model found (3.91s, +0.00s): [-72, -13162]
22:50:47 Model found (3.92s, +0.00s): [-72, -13172]
22:50:47 Model found (3.92s, +0.00s): [-72, -13182]
22:50:47 Model found (3.92s, +0.00s): [-72, -13192]
22:50:47 Model found (3.92s, +0.00s): [-72, -13202]
22:50:47 Model found (3.92s, +0.00s): [-72, -13212]
22:50:47 Model found (3.93s, +0.00s): [-72, -13222]
22:50:47 Model found (3.93s, +0.00s): [-72, -13232]
22:50:47 Model found (3.93s, +0.00s): [-72, -13242]
22:50:47 Model found (3.93s, +0.00s): [-72, -13252]
22:50:47 Model found (3.94s, +0.00s): [-72, -13262]
22:50:47 Model found (3.94s, +0.00s): [-72, -13272]
22:50:47 Model found (3.94s, +0.00s): [-72, -13282]
22:50:47 Model found (3.94s, +0.00s): [-72, -13292]
22:50:47 Model found (3.94s, +0.00s): [-72, -13302]
22:50:47 Model found (3.95s, +0.00s): [-72, -13312]
22:50:47 Model found (3.95s, +0.00s): [-72, -13322]
22:50:47 Model found (3.95s, +0.00s): [-72, -13332]
22:50:47 Model found (3.95s, +0.00s): [-72, -13342]
22:50:47 Model found (3.96s, +0.00s): [-72, -13352]
22:50:47 Model found (3.96s, +0.00s): [-72, -13362]
22:50:47 Model found (3.96s, +0.00s): [-72, -13372]
22:50:47 Model found (3.96s, +0.00s): [-72, -13382]
22:50:47 Model found (3.97s, +0.00s): [-72, -13392]
22:50:47 Model found (3.97s, +0.00s): [-72, -13402]
22:50:47 Model found (3.97s, +0.00s): [-72, -13412]
22:50:47 Model found (3.97s, +0.00s): [-72, -13422]
22:50:47 Model found (3.98s, +0.00s): [-72, -13432]
22:50:47 Model found (3.98s, +0.00s): [-72, -13442]
22:50:47 Model found (3.98s, +0.00s): [-72, -13452]
22:50:47 Model found (3.98s, +0.00s): [-72, -13462]
22:50:47 Model found (3.98s, +0.00s): [-72, -13472]
22:50:47 Model found (3.99s, +0.00s): [-72, -13482]
22:50:47 Model found (3.99s, +0.00s): [-72, -13492]
22:50:47 Model found (3.99s, +0.00s): [-72, -13502]
22:50:47 Model found (3.99s, +0.00s): [-72, -13512]
22:50:47 Model found (4.00s, +0.00s): [-72, -13522]
22:50:47 Model found (4.00s, +0.00s): [-72, -13532]
22:50:47 Model found (4.00s, +0.00s): [-72, -13542]
22:50:47 Model found (4.00s, +0.00s): [-72, -13552]
22:50:47 Model found (4.00s, +0.00s): [-72, -13562]
22:50:47 Model found (4.01s, +0.00s): [-72, -13572]
22:50:47 Model found (4.01s, +0.00s): [-72, -13582]
22:50:47 Model found (4.01s, +0.00s): [-72, -13592]
22:50:47 Model found (4.01s, +0.00s): [-72, -13602]
22:50:47 Model found (4.02s, +0.00s): [-72, -13612]
22:50:47 Model found (4.02s, +0.00s): [-72, -13622]
22:50:47 Model found (4.02s, +0.00s): [-72, -13632]
22:50:47 Model found (4.02s, +0.00s): [-72, -13642]
22:50:47 Model found (4.03s, +0.00s): [-72, -13652]
22:50:47 Model found (4.03s, +0.00s): [-72, -13662]
22:50:47 Model found (4.03s, +0.00s): [-72, -13672]
22:50:47 Model found (4.03s, +0.00s): [-72, -13682]
22:50:47 Model found (4.03s, +0.00s): [-72, -13692]
22:50:47 Model found (4.04s, +0.00s): [-72, -13702]
22:50:47 Model found (4.04s, +0.00s): [-72, -13712]
22:50:47 Model found (4.04s, +0.00s): [-72, -13722]
22:50:47 Model found (4.04s, +0.00s): [-72, -13732]
22:50:47 Model found (4.04s, +0.00s): [-72, -13742]
22:50:47 Model found (4.05s, +0.00s): [-72, -13752]
22:50:47 Model found (4.05s, +0.00s): [-72, -13762]
22:50:47 Model found (4.05s, +0.00s): [-72, -13772]
22:50:47 Model found (4.05s, +0.00s): [-72, -13782]
22:50:47 Model found (4.06s, +0.00s): [-72, -13792]
22:50:47 Model found (4.06s, +0.00s): [-72, -13802]
22:50:47 Model found (4.06s, +0.00s): [-72, -13812]
22:50:47 Model found (4.06s, +0.00s): [-72, -13822]
22:50:47 Model found (4.06s, +0.00s): [-72, -13832]
22:50:47 Model found (4.07s, +0.00s): [-72, -13842]
22:50:47 Model found (4.07s, +0.00s): [-72, -13852]
22:50:47 Model found (4.07s, +0.00s): [-72, -13862]
22:50:47 Model found (4.07s, +0.00s): [-72, -13872]
22:50:47 Model found (4.07s, +0.00s): [-72, -13882]
22:50:47 Model found (4.08s, +0.00s): [-72, -13892]
22:50:47 Model found (4.08s, +0.00s): [-72, -13902]
22:50:47 Model found (4.08s, +0.00s): [-72, -13912]
22:50:47 Model found (4.08s, +0.00s): [-72, -13922]
22:50:47 Model found (4.09s, +0.00s): [-72, -13932]
22:50:47 Model found (4.09s, +0.00s): [-72, -13942]
22:50:47 Model found (4.09s, +0.00s): [-72, -13952]
22:50:47 Model found (4.09s, +0.00s): [-72, -13962]
22:50:47 Model found (4.10s, +0.00s): [-72, -13972]
22:50:47 Model found (4.10s, +0.00s): [-72, -13982]
22:50:47 Model found (4.10s, +0.00s): [-72, -13992]
22:50:47 Model found (4.10s, +0.00s): [-72, -14002]
22:50:47 Model found (4.10s, +0.00s): [-72, -14012]
22:50:47 Model found (4.11s, +0.00s): [-72, -14022]
22:50:47 Model found (4.11s, +0.00s): [-72, -14032]
22:50:47 Model found (4.11s, +0.00s): [-72, -14042]
22:50:47 Model found (4.11s, +0.00s): [-72, -14052]
22:50:47 Model found (4.12s, +0.00s): [-72, -14062]
22:50:47 Model found (4.12s, +0.00s): [-72, -14072]
22:50:47 Model found (4.12s, +0.00s): [-72, -14082]
22:50:47 Model found (4.12s, +0.00s): [-72, -14092]
22:50:47 Model found (4.12s, +0.00s): [-72, -14102]
22:50:47 Model found (4.13s, +0.00s): [-72, -14112]
22:50:47 Model found (4.13s, +0.00s): [-72, -14122]
22:50:47 Model found (4.13s, +0.00s): [-72, -14132]
22:50:47 Model found (4.13s, +0.00s): [-72, -14142]
22:50:47 Model found (4.13s, +0.00s): [-72, -14152]
22:50:47 Model found (4.14s, +0.00s): [-72, -14162]
22:50:47 Model found (4.14s, +0.00s): [-72, -14172]
22:50:47 Model found (4.14s, +0.00s): [-72, -14182]
22:50:47 Model found (4.14s, +0.00s): [-72, -14192]
22:50:47 Model found (4.15s, +0.00s): [-72, -14202]
22:50:47 Model found (4.15s, +0.00s): [-72, -14212]
22:50:47 Model found (4.15s, +0.00s): [-72, -14222]
22:50:47 Model found (4.15s, +0.00s): [-72, -14232]
22:50:47 Model found (4.15s, +0.00s): [-72, -14242]
22:50:47 Model found (4.16s, +0.00s): [-72, -14252]
22:50:47 Model found (4.16s, +0.00s): [-72, -14262]
22:50:47 Model found (4.16s, +0.00s): [-72, -14272]
22:50:47 Model found (4.16s, +0.00s): [-72, -14282]
22:50:47 Model found (4.17s, +0.00s): [-72, -14292]
22:50:47 Model found (4.17s, +0.00s): [-72, -14302]
22:50:47 Model found (4.17s, +0.00s): [-72, -14312]
22:50:47 Model found (4.17s, +0.00s): [-72, -14322]
22:50:47 Model found (4.17s, +0.00s): [-72, -14332]
22:50:47 Model found (4.18s, +0.00s): [-72, -14342]
22:50:47 Model found (4.18s, +0.00s): [-72, -14352]
22:50:47 Model found (4.18s, +0.00s): [-72, -14362]
22:50:47 Model found (4.18s, +0.00s): [-72, -14372]
22:50:47 Model found (4.18s, +0.00s): [-72, -14382]
22:50:47 Model found (4.19s, +0.00s): [-72, -14392]
22:50:47 Model found (4.19s, +0.00s): [-72, -14402]
22:50:47 Model found (4.19s, +0.00s): [-72, -14412]
22:50:47 Model found (4.19s, +0.00s): [-72, -14422]
22:50:47 Model found (4.20s, +0.00s): [-72, -14432]
22:50:47 Model found (4.20s, +0.00s): [-72, -14442]
22:50:47 Model found (4.20s, +0.00s): [-72, -14452]
22:50:47 Model found (4.20s, +0.00s): [-72, -14462]
22:50:47 Model found (4.21s, +0.00s): [-72, -14472]
22:50:47 Model found (4.21s, +0.00s): [-72, -14482]
22:50:47 Model found (4.21s, +0.00s): [-72, -14492]
22:50:47 Model found (4.21s, +0.00s): [-72, -14502]
22:50:47 Model found (4.21s, +0.00s): [-72, -14512]
22:50:47 Model found (4.22s, +0.00s): [-72, -14522]
22:50:47 Model found (4.22s, +0.00s): [-72, -14532]
22:50:47 Model found (4.22s, +0.00s): [-72, -14542]
22:50:47 Model found (4.22s, +0.00s): [-72, -14552]
22:50:47 Model found (4.22s, +0.00s): [-72, -14562]
22:50:47 Model found (4.23s, +0.00s): [-72, -14572]
22:50:47 Model found (4.23s, +0.00s): [-72, -14582]
22:50:47 Model found (4.23s, +0.00s): [-72, -14592]
22:50:47 Model found (4.23s, +0.00s): [-72, -14602]
22:50:47 Model found (4.24s, +0.00s): [-72, -14612]
22:50:47 Model found (4.24s, +0.00s): [-72, -14622]
22:50:47 Model found (4.24s, +0.00s): [-72, -14632]
22:50:47 Model found (4.24s, +0.00s): [-72, -14642]
22:50:47 Model found (4.24s, +0.00s): [-72, -14652]
22:50:47 Model found (4.25s, +0.00s): [-72, -14662]
22:50:47 Model found (4.25s, +0.00s): [-72, -14672]
22:50:47 Model found (4.25s, +0.00s): [-72, -14682]
22:50:47 Model found (4.25s, +0.00s): [-72, -14692]
22:50:47 Model found (4.25s, +0.00s): [-72, -14702]
22:50:47 Model found (4.26s, +0.00s): [-72, -14712]
22:50:47 Model found (4.26s, +0.00s): [-72, -14722]
22:50:47 Model found (4.26s, +0.00s): [-72, -14732]
22:50:47 Model found (4.26s, +0.00s): [-72, -14742]
22:50:47 Model found (4.27s, +0.00s): [-72, -14752]
22:50:47 Model found (4.27s, +0.00s): [-72, -14762]
22:50:47 Model found (4.27s, +0.00s): [-72, -14772]
22:50:47 Model found (4.27s, +0.00s): [-72, -14782]
22:50:47 Model found (4.27s, +0.00s): [-72, -14792]
22:50:47 Model found (4.28s, +0.00s): [-72, -14802]
22:50:47 Model found (4.28s, +0.00s): [-72, -14812]
22:50:47 Model found (4.28s, +0.00s): [-72, -14822]
22:50:47 Model found (4.28s, +0.00s): [-72, -14832]
22:50:47 Model found (4.29s, +0.00s): [-72, -14842]
22:50:47 Model found (4.29s, +0.00s): [-72, -14852]
22:50:47 Model found (4.29s, +0.00s): [-72, -14862]
22:50:47 Model found (4.29s, +0.00s): [-72, -14872]
22:50:47 Model found (4.30s, +0.00s): [-72, -14882]
22:50:47 Model found (4.30s, +0.00s): [-72, -14892]
22:50:47 Model found (4.30s, +0.00s): [-72, -14902]
22:50:47 Model found (4.30s, +0.00s): [-72, -14912]
22:50:47 Model found (4.31s, +0.00s): [-72, -14922]
22:50:47 Model found (4.31s, +0.00s): [-72, -14932]
22:50:47 Model found (4.31s, +0.00s): [-72, -14942]
22:50:47 Model found (4.31s, +0.00s): [-72, -14952]
22:50:47 Model found (4.32s, +0.00s): [-72, -14962]
22:50:47 Model found (4.32s, +0.00s): [-72, -14972]
22:50:47 Model found (4.32s, +0.00s): [-72, -14982]
22:50:47 Model found (4.32s, +0.00s): [-72, -14992]
22:50:47 Model found (4.33s, +0.00s): [-72, -15002]
22:50:47 Model found (4.33s, +0.00s): [-72, -15012]
22:50:47 Model found (4.33s, +0.00s): [-72, -15022]
22:50:47 Model found (4.33s, +0.00s): [-72, -15032]
22:50:47 Model found (4.33s, +0.00s): [-72, -15042]
22:50:47 Model found (4.34s, +0.00s): [-72, -15052]
22:50:47 Model found (4.34s, +0.00s): [-72, -15062]
22:50:47 Model found (4.34s, +0.00s): [-72, -15072]
22:50:47 Model found (4.34s, +0.00s): [-72, -15082]
22:50:47 Model found (4.35s, +0.00s): [-72, -15092]
22:50:47 Model found (4.35s, +0.00s): [-72, -15102]
22:50:47 Model found (4.35s, +0.00s): [-72, -15112]
22:50:47 Model found (4.35s, +0.00s): [-72, -15122]
22:50:47 Model found (4.35s, +0.00s): [-72, -15132]
22:50:47 Model found (4.36s, +0.00s): [-72, -15142]
22:50:47 Model found (4.36s, +0.00s): [-72, -15152]
22:50:47 Model found (4.36s, +0.00s): [-72, -15162]
22:50:47 Model found (4.36s, +0.00s): [-72, -15172]
22:50:47 Model found (4.37s, +0.00s): [-72, -15182]
22:50:47 Model found (4.37s, +0.00s): [-72, -15192]
22:50:47 Model found (4.37s, +0.00s): [-72, -15202]
22:50:47 Model found (4.37s, +0.00s): [-72, -15212]
22:50:47 Model found (4.37s, +0.00s): [-72, -15222]
22:50:47 Model found (4.38s, +0.00s): [-72, -15232]
22:50:47 Model found (4.38s, +0.00s): [-72, -15242]
22:50:47 Model found (4.38s, +0.00s): [-72, -15252]
22:50:47 Model found (4.38s, +0.00s): [-72, -15262]
22:50:47 Model found (4.39s, +0.00s): [-72, -15272]
22:50:47 Model found (4.39s, +0.00s): [-72, -15282]
22:50:47 Model found (4.39s, +0.00s): [-72, -15292]
22:50:47 Model found (4.39s, +0.00s): [-72, -15302]
22:50:47 Model found (4.40s, +0.00s): [-72, -15312]
22:50:47 Model found (4.40s, +0.00s): [-72, -15322]
22:50:47 Model found (4.40s, +0.00s): [-72, -15332]
22:50:47 Model found (4.40s, +0.00s): [-72, -15342]
22:50:47 Model found (4.41s, +0.00s): [-72, -15352]
22:50:47 Model found (4.41s, +0.00s): [-72, -15362]
22:50:47 Model found (4.41s, +0.00s): [-72, -15372]
22:50:47 Model found (4.41s, +0.00s): [-72, -15382]
22:50:47 Model found (4.42s, +0.00s): [-72, -15392]
22:50:47 Model found (4.42s, +0.00s): [-72, -15402]
22:50:47 Model found (4.42s, +0.00s): [-72, -15412]
22:50:47 Model found (4.42s, +0.00s): [-72, -15422]
22:50:47 Model found (4.43s, +0.00s): [-72, -15432]
22:50:47 Model found (4.43s, +0.00s): [-72, -15442]
22:50:47 Model found (4.43s, +0.00s): [-72, -15452]
22:50:47 Model found (4.43s, +0.00s): [-72, -15462]
22:50:47 Model found (4.43s, +0.00s): [-72, -15472]
22:50:47 Model found (4.44s, +0.00s): [-72, -15482]
22:50:47 Model found (4.44s, +0.00s): [-72, -15492]
22:50:47 Model found (4.44s, +0.00s): [-72, -15502]
22:50:47 Model found (4.44s, +0.00s): [-72, -15512]
22:50:47 Model found (4.45s, +0.00s): [-72, -15522]
22:50:47 Model found (4.45s, +0.00s): [-72, -15532]
22:50:47 Model found (4.45s, +0.00s): [-72, -15542]
22:50:47 Model found (4.45s, +0.00s): [-72, -15552]
22:50:47 Model found (4.46s, +0.00s): [-72, -15562]
22:50:47 Model found (4.46s, +0.00s): [-72, -15572]
22:50:47 Model found (4.46s, +0.00s): [-72, -15582]
22:50:47 Model found (4.46s, +0.00s): [-72, -15592]
22:50:47 Model found (4.47s, +0.00s): [-72, -15602]
22:50:47 Model found (4.47s, +0.00s): [-72, -15612]
22:50:47 Model found (4.47s, +0.00s): [-72, -15622]
22:50:47 Model found (4.47s, +0.00s): [-72, -15632]
22:50:47 Model found (4.47s, +0.00s): [-72, -15642]
22:50:47 Model found (4.48s, +0.00s): [-72, -15652]
22:50:47 Model found (4.48s, +0.00s): [-72, -15662]
22:50:47 Model found (4.48s, +0.00s): [-72, -15672]
22:50:47 Model found (4.48s, +0.00s): [-72, -15682]
22:50:47 Model found (4.49s, +0.00s): [-72, -15692]
22:50:47 Model found (4.49s, +0.00s): [-72, -15702]
22:50:47 Model found (4.49s, +0.00s): [-72, -15712]
22:50:47 Model found (4.49s, +0.00s): [-72, -15722]
22:50:47 Model found (4.50s, +0.00s): [-72, -15732]
22:50:47 Model found (4.50s, +0.00s): [-72, -15742]
22:50:47 Model found (4.50s, +0.00s): [-72, -15752]
22:50:47 Model found (4.50s, +0.00s): [-72, -15762]
22:50:47 Model found (4.51s, +0.00s): [-72, -15772]
22:50:47 Model found (4.51s, +0.00s): [-72, -15782]
22:50:47 Model found (4.51s, +0.00s): [-72, -15792]
22:50:47 Model found (4.51s, +0.00s): [-72, -15802]
22:50:47 Model found (4.52s, +0.00s): [-72, -15812]
22:50:47 Model found (4.52s, +0.00s): [-72, -15822]
22:50:47 Model found (4.52s, +0.00s): [-72, -15832]
22:50:47 Model found (4.52s, +0.00s): [-72, -15842]
22:50:47 Model found (4.53s, +0.00s): [-72, -15852]
22:50:47 Model found (4.53s, +0.00s): [-72, -15862]
22:50:47 Model found (4.53s, +0.00s): [-72, -15872]
22:50:47 Model found (4.53s, +0.00s): [-72, -15882]
22:50:47 Model found (4.54s, +0.00s): [-72, -15892]
22:50:47 Model found (4.54s, +0.00s): [-72, -15902]
22:50:47 Model found (4.54s, +0.00s): [-72, -15912]
22:50:47 Model found (4.54s, +0.00s): [-72, -15922]
22:50:47 Model found (4.54s, +0.00s): [-72, -15932]
22:50:47 Model found (4.55s, +0.00s): [-72, -15942]
22:50:47 Model found (4.55s, +0.00s): [-72, -15952]
22:50:47 Model found (4.55s, +0.00s): [-72, -15962]
22:50:47 Model found (4.55s, +0.00s): [-72, -15972]
22:50:47 Model found (4.56s, +0.00s): [-72, -15982]
22:50:47 Model found (4.56s, +0.00s): [-72, -15992]
22:50:47 Model found (4.56s, +0.00s): [-72, -16002]
22:50:47 Model found (4.56s, +0.00s): [-72, -16012]
22:50:47 Model found (4.56s, +0.00s): [-72, -16022]
22:50:47 Model found (4.57s, +0.00s): [-72, -16032]
22:50:47 Model found (4.57s, +0.00s): [-72, -16042]
22:50:47 Model found (4.57s, +0.00s): [-72, -16052]
22:50:48 Model found (4.57s, +0.00s): [-72, -16062]
22:50:48 Model found (4.58s, +0.00s): [-72, -16072]
22:50:48 Model found (4.58s, +0.00s): [-72, -16082]
22:50:48 Model found (4.58s, +0.00s): [-72, -16092]
22:50:48 Model found (4.58s, +0.00s): [-72, -16102]
22:50:48 Model found (4.58s, +0.00s): [-72, -16112]
22:50:48 Model found (4.59s, +0.00s): [-72, -16122]
22:50:48 Model found (4.59s, +0.00s): [-72, -16132]
22:50:48 Model found (4.59s, +0.00s): [-72, -16142]
22:50:48 Model found (4.59s, +0.00s): [-72, -16152]
22:50:48 Model found (4.60s, +0.00s): [-72, -16162]
22:50:48 Model found (4.60s, +0.00s): [-72, -16172]
22:50:48 Model found (4.60s, +0.00s): [-72, -16182]
22:50:48 Model found (4.60s, +0.00s): [-72, -16192]
22:50:48 Model found (4.60s, +0.00s): [-72, -16202]
22:50:48 Model found (4.61s, +0.00s): [-72, -16212]
22:50:48 Model found (4.61s, +0.00s): [-72, -16222]
22:50:48 Model found (4.61s, +0.00s): [-72, -16232]
22:50:48 Model found (4.62s, +0.00s): [-72, -16242]
22:50:48 Model found (4.62s, +0.00s): [-72, -16252]
22:50:48 Model found (4.62s, +0.00s): [-72, -16262]
22:50:48 Model found (4.62s, +0.00s): [-72, -16272]
22:50:48 Model found (4.62s, +0.00s): [-72, -16282]
22:50:48 Model found (4.63s, +0.00s): [-72, -16292]
22:50:48 Model found (4.63s, +0.00s): [-72, -16302]
22:50:48 Model found (4.63s, +0.00s): [-72, -16312]
22:50:48 Model found (4.63s, +0.00s): [-72, -16322]
22:50:48 Model found (4.64s, +0.00s): [-72, -16332]
22:50:48 Model found (4.64s, +0.00s): [-72, -16342]
22:50:48 Model found (4.64s, +0.00s): [-72, -16352]
22:50:48 Model found (4.64s, +0.00s): [-72, -16362]
22:50:48 Model found (4.65s, +0.00s): [-72, -16372]
22:50:48 Model found (4.65s, +0.00s): [-72, -16382]
22:50:48 Model found (4.65s, +0.00s): [-72, -16392]
22:50:48 Model found (4.65s, +0.00s): [-72, -16402]
22:50:48 Model found (4.66s, +0.00s): [-72, -16412]
22:50:48 Model found (4.66s, +0.00s): [-72, -16422]
22:50:48 Model found (4.66s, +0.00s): [-72, -16432]
22:50:48 Model found (4.66s, +0.00s): [-72, -16442]
22:50:48 Model found (4.66s, +0.00s): [-72, -16452]
22:50:48 Model found (4.67s, +0.00s): [-72, -16462]
22:50:48 Model found (4.67s, +0.00s): [-72, -16472]
22:50:48 Model found (4.67s, +0.00s): [-72, -16482]
22:50:48 Model found (4.67s, +0.00s): [-72, -16492]
22:50:48 Model found (4.68s, +0.00s): [-72, -16502]
22:50:48 Model found (4.68s, +0.00s): [-72, -16512]
22:50:48 Model found (4.68s, +0.00s): [-72, -16522]
22:50:48 Model found (4.68s, +0.00s): [-72, -16532]
22:50:48 Model found (4.69s, +0.00s): [-72, -16542]
22:50:48 Model found (4.69s, +0.00s): [-72, -16552]
22:50:48 Model found (4.69s, +0.00s): [-72, -16562]
22:50:48 Model found (4.69s, +0.00s): [-72, -16572]
22:50:48 Model found (4.70s, +0.00s): [-72, -16582]
22:50:48 Model found (4.70s, +0.00s): [-72, -16592]
22:50:48 Model found (4.70s, +0.00s): [-72, -16602]
22:50:48 Model found (4.70s, +0.00s): [-72, -16612]
22:50:48 Model found (4.70s, +0.00s): [-72, -16622]
22:50:48 Model found (4.71s, +0.00s): [-72, -16632]
22:50:48 Model found (4.71s, +0.00s): [-72, -16642]
22:50:48 Model found (4.71s, +0.00s): [-72, -16652]
22:50:48 Model found (4.71s, +0.00s): [-72, -16662]
22:50:48 Model found (4.72s, +0.00s): [-72, -16672]
22:50:48 Model found (4.72s, +0.00s): [-72, -16682]
22:50:48 Model found (4.72s, +0.00s): [-72, -16692]
22:50:48 Model found (4.72s, +0.00s): [-72, -16702]
22:50:48 Model found (4.73s, +0.00s): [-72, -16712]
22:50:48 Model found (4.73s, +0.00s): [-72, -16722]
22:50:48 Model found (4.73s, +0.00s): [-72, -16732]
22:50:48 Model found (4.73s, +0.00s): [-72, -16742]
22:50:48 Model found (4.73s, +0.00s): [-72, -16752]
22:50:48 Model found (4.74s, +0.00s): [-72, -16762]
22:50:48 Model found (4.74s, +0.00s): [-72, -16772]
22:50:48 Model found (4.74s, +0.00s): [-72, -16782]
22:50:48 Model found (4.74s, +0.00s): [-72, -16792]
22:50:48 Model found (4.75s, +0.00s): [-72, -16802]
22:50:48 Model found (4.75s, +0.00s): [-72, -16812]
22:50:48 Model found (4.75s, +0.00s): [-72, -16822]
22:50:48 Model found (4.75s, +0.00s): [-72, -16832]
22:50:48 Model found (4.76s, +0.00s): [-72, -16842]
22:50:48 Model found (4.76s, +0.00s): [-72, -16852]
22:50:48 Model found (4.76s, +0.00s): [-72, -16862]
22:50:48 Model found (4.76s, +0.00s): [-72, -16872]
22:50:48 Model found (4.76s, +0.00s): [-72, -16882]
22:50:48 Model found (4.77s, +0.00s): [-72, -16892]
22:50:48 Model found (4.77s, +0.00s): [-72, -16902]
22:50:48 Model found (4.77s, +0.00s): [-72, -16912]
22:50:48 Model found (4.77s, +0.00s): [-72, -16922]
22:50:48 Model found (4.78s, +0.00s): [-72, -16932]
22:50:48 Model found (4.78s, +0.00s): [-72, -16942]
22:50:48 Model found (4.78s, +0.00s): [-72, -16952]
22:50:48 Model found (4.78s, +0.00s): [-72, -16962]
22:50:48 Model found (4.79s, +0.00s): [-72, -16972]
22:50:48 Model found (4.79s, +0.00s): [-72, -16982]
22:50:48 Model found (4.79s, +0.00s): [-72, -16992]
22:50:48 Model found (4.79s, +0.00s): [-72, -17002]
22:50:48 Model found (4.80s, +0.00s): [-72, -17012]
22:50:48 Model found (4.80s, +0.00s): [-72, -17022]
22:50:48 Model found (4.80s, +0.00s): [-72, -17032]
22:50:48 Model found (4.80s, +0.00s): [-72, -17042]
22:50:48 Model found (4.81s, +0.00s): [-72, -17052]
22:50:48 Model found (4.81s, +0.00s): [-72, -17062]
22:50:48 Model found (4.81s, +0.00s): [-72, -17072]
22:50:48 Model found (4.81s, +0.00s): [-72, -17082]
22:50:48 Model found (4.82s, +0.00s): [-72, -17092]
22:50:48 Model found (4.82s, +0.00s): [-72, -17102]
22:50:48 Model found (4.82s, +0.00s): [-72, -17112]
22:50:48 Model found (4.83s, +0.00s): [-72, -17122]
22:50:48 Model found (4.83s, +0.00s): [-72, -17132]
22:50:48 Model found (4.83s, +0.00s): [-72, -17142]
22:50:48 Model found (4.83s, +0.00s): [-72, -17152]
22:50:48 Model found (4.83s, +0.00s): [-72, -17162]
22:50:48 Model found (4.84s, +0.00s): [-72, -17172]
22:50:48 Model found (4.84s, +0.00s): [-72, -17182]
22:50:48 Model found (4.84s, +0.00s): [-72, -17192]
22:50:48 Model found (4.84s, +0.00s): [-72, -17202]
22:50:48 Model found (4.85s, +0.00s): [-72, -17212]
22:50:48 Model found (4.85s, +0.00s): [-72, -17222]
22:50:48 Model found (4.85s, +0.00s): [-72, -17232]
22:50:48 Model found (4.85s, +0.00s): [-72, -17242]
22:50:48 Model found (4.86s, +0.00s): [-72, -17252]
22:50:48 Model found (4.86s, +0.00s): [-72, -17262]
22:50:48 Model found (4.86s, +0.00s): [-72, -17272]
22:50:48 Model found (4.86s, +0.00s): [-72, -17282]
22:50:48 Model found (4.87s, +0.00s): [-72, -17292]
22:50:48 Model found (4.87s, +0.00s): [-72, -17302]
22:50:48 Model found (4.87s, +0.00s): [-72, -17312]
22:50:48 Model found (4.88s, +0.00s): [-72, -17322]
22:50:48 Model found (4.88s, +0.00s): [-72, -17332]
22:50:48 Model found (4.88s, +0.00s): [-72, -17342]
22:50:48 Model found (4.88s, +0.00s): [-72, -17352]
22:50:48 Model found (4.88s, +0.00s): [-72, -17362]
22:50:48 Model found (4.89s, +0.00s): [-72, -17372]
22:50:48 Model found (4.89s, +0.00s): [-72, -17382]
22:50:48 Model found (4.89s, +0.00s): [-72, -17392]
22:50:48 Model found (4.89s, +0.00s): [-72, -17402]
22:50:48 Model found (4.90s, +0.00s): [-72, -17412]
22:50:48 Model found (4.90s, +0.00s): [-72, -17422]
22:50:48 Model found (4.90s, +0.00s): [-72, -17432]
22:50:48 Model found (4.90s, +0.00s): [-72, -17442]
22:50:48 Model found (4.91s, +0.00s): [-72, -17452]
22:50:48 Model found (4.91s, +0.00s): [-72, -17462]
22:50:48 Model found (4.91s, +0.00s): [-72, -17472]
22:50:48 Model found (4.91s, +0.00s): [-72, -17482]
22:50:48 Model found (4.92s, +0.00s): [-72, -17492]
22:50:48 Model found (4.92s, +0.00s): [-72, -17502]
22:50:48 Model found (4.92s, +0.00s): [-72, -17512]
22:50:48 Model found (4.92s, +0.00s): [-72, -17522]
22:50:48 Model found (4.93s, +0.00s): [-72, -17532]
22:50:48 Model found (4.93s, +0.00s): [-72, -17542]
22:50:48 Model found (4.93s, +0.00s): [-72, -17552]
22:50:48 Model found (4.93s, +0.00s): [-72, -17562]
22:50:48 Model found (4.94s, +0.00s): [-72, -17572]
22:50:48 Model found (4.94s, +0.00s): [-72, -17582]
22:50:48 Model found (4.94s, +0.00s): [-72, -17592]
22:50:48 Model found (4.94s, +0.00s): [-72, -17602]
22:50:48 Model found (4.95s, +0.00s): [-72, -17612]
22:50:48 Model found (4.95s, +0.00s): [-72, -17622]
22:50:48 Model found (4.95s, +0.00s): [-72, -17632]
22:50:48 Model found (4.95s, +0.00s): [-72, -17642]
22:50:48 Model found (4.95s, +0.00s): [-72, -17652]
22:50:48 Model found (4.96s, +0.00s): [-72, -17662]
22:50:48 Model found (4.96s, +0.00s): [-72, -17672]
22:50:48 Model found (4.96s, +0.00s): [-72, -17682]
22:50:48 Model found (4.96s, +0.00s): [-72, -17692]
22:50:48 Model found (4.97s, +0.00s): [-72, -17702]
22:50:48 Model found (4.97s, +0.00s): [-72, -17712]
22:50:48 Model found (4.97s, +0.00s): [-72, -17722]
22:50:48 Model found (4.97s, +0.00s): [-72, -17732]
22:50:48 Model found (4.98s, +0.00s): [-72, -17742]
22:50:48 Model found (4.98s, +0.00s): [-72, -17752]
22:50:48 Model found (4.98s, +0.00s): [-72, -17762]
22:50:48 Model found (4.98s, +0.00s): [-72, -17772]
22:50:48 Model found (4.99s, +0.00s): [-72, -17782]
22:50:48 Model found (4.99s, +0.00s): [-72, -17792]
22:50:48 Model found (4.99s, +0.00s): [-72, -17802]
22:50:48 Model found (4.99s, +0.00s): [-72, -17812]
22:50:48 Model found (5.00s, +0.00s): [-72, -17822]
22:50:48 Model found (5.00s, +0.00s): [-72, -17832]
22:50:48 Model found (5.00s, +0.00s): [-72, -17842]
22:50:48 Model found (5.00s, +0.00s): [-72, -17852]
22:50:48 Model found (5.00s, +0.00s): [-72, -17862]
22:50:48 Model found (5.01s, +0.00s): [-72, -17872]
22:50:48 Model found (5.01s, +0.00s): [-72, -17882]
22:50:48 Model found (5.01s, +0.00s): [-72, -17892]
22:50:48 Model found (5.01s, +0.00s): [-72, -17902]
22:50:48 Model found (5.02s, +0.00s): [-72, -17912]
22:50:48 Model found (5.02s, +0.00s): [-72, -17922]
22:50:48 Model found (5.02s, +0.00s): [-72, -17932]
22:50:48 Model found (5.02s, +0.00s): [-72, -17942]
22:50:48 Model found (5.03s, +0.00s): [-72, -17952]
22:50:48 Model found (5.03s, +0.00s): [-72, -17962]
22:50:48 Model found (5.03s, +0.00s): [-72, -17972]
22:50:48 Model found (5.04s, +0.00s): [-72, -17982]
22:50:48 Model found (5.04s, +0.00s): [-72, -17992]
22:50:48 Model found (5.04s, +0.00s): [-72, -18002]
22:50:48 Model found (5.04s, +0.00s): [-72, -18012]
22:50:48 Model found (5.04s, +0.00s): [-72, -18022]
22:50:48 Model found (5.05s, +0.00s): [-72, -18032]
22:50:48 Model found (5.05s, +0.00s): [-72, -18042]
22:50:48 Model found (5.05s, +0.00s): [-72, -18052]
22:50:48 Model found (5.05s, +0.00s): [-72, -18062]
22:50:48 Model found (5.06s, +0.00s): [-72, -18072]
22:50:48 Model found (5.06s, +0.00s): [-72, -18082]
22:50:48 Model found (5.06s, +0.00s): [-72, -18092]
22:50:48 Model found (5.06s, +0.00s): [-72, -18102]
22:50:48 Model found (5.07s, +0.00s): [-72, -18112]
22:50:48 Model found (5.07s, +0.00s): [-72, -18122]
22:50:48 Model found (5.07s, +0.00s): [-72, -18132]
22:50:48 Model found (5.07s, +0.00s): [-72, -18142]
22:50:48 Model found (5.08s, +0.00s): [-72, -18152]
22:50:48 Model found (5.08s, +0.00s): [-72, -18162]
22:50:48 Model found (5.08s, +0.00s): [-72, -18172]
22:50:48 Model found (5.08s, +0.00s): [-72, -18182]
22:50:48 Model found (5.08s, +0.00s): [-72, -18192]
22:50:48 Model found (5.09s, +0.00s): [-72, -18202]
22:50:48 Model found (5.09s, +0.00s): [-72, -18212]
22:50:48 Model found (5.09s, +0.00s): [-72, -18222]
22:50:48 Model found (5.09s, +0.00s): [-72, -18232]
22:50:48 Model found (5.10s, +0.00s): [-72, -18242]
22:50:48 Model found (5.10s, +0.00s): [-72, -18252]
22:50:48 Model found (5.10s, +0.00s): [-72, -18262]
22:50:48 Model found (5.10s, +0.00s): [-72, -18272]
22:50:48 Model found (5.11s, +0.00s): [-72, -18282]
22:50:48 Model found (5.11s, +0.00s): [-72, -18292]
22:50:48 Model found (5.11s, +0.00s): [-72, -18302]
22:50:48 Model found (5.11s, +0.00s): [-72, -18312]
22:50:48 Model found (5.11s, +0.00s): [-72, -18322]
22:50:48 Model found (5.12s, +0.00s): [-72, -18332]
22:50:48 Model found (5.12s, +0.00s): [-72, -18342]
22:50:48 Model found (5.12s, +0.00s): [-72, -18352]
22:50:48 Model found (5.12s, +0.00s): [-72, -18362]
22:50:48 Model found (5.13s, +0.00s): [-72, -18372]
22:50:48 Model found (5.13s, +0.00s): [-72, -18382]
22:50:48 Model found (5.13s, +0.00s): [-72, -18392]
22:50:48 Model found (5.13s, +0.00s): [-72, -18402]
22:50:48 Model found (5.14s, +0.00s): [-72, -18412]
22:50:48 Model found (5.14s, +0.00s): [-72, -18422]
22:50:48 Model found (5.14s, +0.00s): [-72, -18432]
22:50:48 Model found (5.14s, +0.00s): [-72, -18442]
22:50:48 Model found (5.15s, +0.00s): [-72, -18452]
22:50:48 Model found (5.15s, +0.00s): [-72, -18462]
22:50:48 Model found (5.15s, +0.00s): [-72, -18472]
22:50:48 Model found (5.15s, +0.00s): [-72, -18482]
22:50:48 Model found (5.15s, +0.00s): [-72, -18492]
22:50:48 Model found (5.16s, +0.00s): [-72, -18502]
22:50:48 Model found (5.16s, +0.00s): [-72, -18512]
22:50:48 Model found (5.16s, +0.00s): [-72, -18522]
22:50:48 Model found (5.16s, +0.00s): [-72, -18532]
22:50:48 Model found (5.17s, +0.00s): [-72, -18542]
22:50:48 Model found (5.17s, +0.00s): [-72, -18552]
22:50:48 Model found (5.17s, +0.00s): [-72, -18562]
22:50:48 Model found (5.17s, +0.00s): [-72, -18572]
22:50:48 Model found (5.18s, +0.00s): [-72, -18582]
22:50:48 Model found (5.18s, +0.00s): [-72, -18592]
22:50:48 Model found (5.18s, +0.00s): [-72, -18602]
22:50:48 Model found (5.18s, +0.00s): [-72, -18612]
22:50:48 Model found (5.19s, +0.00s): [-72, -18622]
22:50:48 Model found (5.19s, +0.00s): [-72, -18632]
22:50:48 Model found (5.19s, +0.01s): [-72, -18642]
22:50:48 Model found (5.20s, +0.00s): [-72, -18652]
22:50:48 Model found (5.20s, +0.00s): [-72, -18662]
22:50:48 Model found (5.21s, +0.00s): [-72, -18672]
22:50:48 Model found (5.21s, +0.00s): [-72, -18682]
22:50:48 Model found (5.21s, +0.00s): [-72, -18692]
22:50:48 Model found (5.21s, +0.00s): [-72, -18702]
22:50:48 Model found (5.22s, +0.00s): [-72, -18712]
22:50:48 Model found (5.22s, +0.00s): [-72, -18722]
22:50:48 Model found (5.22s, +0.00s): [-72, -18732]
22:50:48 Model found (5.22s, +0.00s): [-72, -18742]
22:50:48 Model found (5.23s, +0.00s): [-72, -18752]
22:50:48 Model found (5.23s, +0.00s): [-72, -18762]
22:50:48 Model found (5.23s, +0.00s): [-72, -18772]
22:50:48 Model found (5.23s, +0.00s): [-72, -18782]
22:50:48 Model found (5.24s, +0.00s): [-72, -18792]
22:50:48 Model found (5.24s, +0.00s): [-72, -18802]
22:50:48 Model found (5.24s, +0.00s): [-72, -18812]
22:50:48 Model found (5.24s, +0.00s): [-72, -18822]
22:50:48 Model found (5.25s, +0.00s): [-72, -18832]
22:50:48 Model found (5.25s, +0.00s): [-72, -18842]
22:50:48 Model found (5.25s, +0.00s): [-72, -18852]
22:50:48 Model found (5.25s, +0.00s): [-72, -18862]
22:50:48 Model found (5.25s, +0.00s): [-72, -18872]
22:50:48 Model found (5.26s, +0.00s): [-72, -18882]
22:50:48 Model found (5.26s, +0.00s): [-72, -18892]
22:50:48 Model found (5.26s, +0.00s): [-72, -18902]
22:50:48 Model found (5.26s, +0.00s): [-72, -18912]
22:50:48 Model found (5.27s, +0.00s): [-72, -18922]
22:50:48 Model found (5.27s, +0.00s): [-72, -18932]
22:50:48 Model found (5.27s, +0.00s): [-72, -18942]
22:50:48 Model found (5.27s, +0.00s): [-72, -18952]
22:50:48 Model found (5.28s, +0.00s): [-72, -18962]
22:50:48 Model found (5.28s, +0.00s): [-72, -18972]
22:50:48 Model found (5.28s, +0.00s): [-72, -18982]
22:50:48 Model found (5.28s, +0.00s): [-72, -18992]
22:50:48 Model found (5.29s, +0.00s): [-72, -19002]
22:50:48 Model found (5.29s, +0.00s): [-72, -19012]
22:50:48 Model found (5.29s, +0.00s): [-72, -19022]
22:50:48 Model found (5.29s, +0.00s): [-72, -19032]
22:50:48 Model found (5.30s, +0.00s): [-72, -19042]
22:50:48 Model found (5.30s, +0.00s): [-72, -19052]
22:50:48 Model found (5.30s, +0.00s): [-72, -19062]
22:50:48 Model found (5.30s, +0.00s): [-72, -19072]
22:50:48 Model found (5.31s, +0.00s): [-72, -19082]
22:50:48 Model found (5.31s, +0.00s): [-72, -19092]
22:50:48 Model found (5.31s, +0.00s): [-72, -19102]
22:50:48 Model found (5.31s, +0.00s): [-72, -19112]
22:50:48 Model found (5.32s, +0.00s): [-72, -19122]
22:50:48 Model found (5.32s, +0.00s): [-72, -19132]
22:50:48 Model found (5.32s, +0.00s): [-72, -19142]
22:50:48 Model found (5.32s, +0.00s): [-72, -19152]
22:50:48 Model found (5.32s, +0.00s): [-72, -19162]
22:50:48 Model found (5.33s, +0.00s): [-72, -19172]
22:50:48 Model found (5.33s, +0.00s): [-72, -19182]
22:50:48 Model found (5.33s, +0.00s): [-72, -19192]
22:50:48 Model found (5.33s, +0.00s): [-72, -19202]
22:50:48 Model found (5.34s, +0.00s): [-72, -19212]
22:50:48 Model found (5.34s, +0.00s): [-72, -19222]
22:50:48 Model found (5.34s, +0.00s): [-72, -19232]
22:50:48 Model found (5.34s, +0.00s): [-72, -19242]
22:50:48 Model found (5.35s, +0.00s): [-72, -19252]
22:50:48 Model found (5.35s, +0.00s): [-72, -19262]
22:50:48 Model found (5.35s, +0.00s): [-72, -19272]
22:50:48 Model found (5.35s, +0.00s): [-72, -19282]
22:50:48 Model found (5.36s, +0.00s): [-72, -19292]
22:50:48 Model found (5.36s, +0.00s): [-72, -19302]
22:50:48 Model found (5.36s, +0.00s): [-72, -19312]
22:50:48 Model found (5.36s, +0.00s): [-72, -19322]
22:50:48 Model found (5.37s, +0.00s): [-72, -19332]
22:50:48 Model found (5.37s, +0.00s): [-72, -19342]
22:50:48 Model found (5.37s, +0.00s): [-72, -19352]
22:50:48 Model found (5.37s, +0.00s): [-72, -19362]
22:50:48 Model found (5.38s, +0.00s): [-72, -19372]
22:50:48 Model found (5.38s, +0.00s): [-72, -19382]
22:50:48 Model found (5.38s, +0.00s): [-72, -19392]
22:50:48 Model found (5.38s, +0.00s): [-72, -19402]
22:50:48 Model found (5.39s, +0.00s): [-72, -19412]
22:50:48 Model found (5.39s, +0.00s): [-72, -19422]
22:50:48 Model found (5.39s, +0.00s): [-72, -19432]
22:50:48 Model found (5.39s, +0.00s): [-72, -19442]
22:50:48 Model found (5.40s, +0.00s): [-72, -19452]
22:50:48 Model found (5.40s, +0.00s): [-72, -19462]
22:50:48 Model found (5.40s, +0.00s): [-72, -19472]
22:50:48 Model found (5.40s, +0.00s): [-72, -19482]
22:50:48 Model found (5.41s, +0.00s): [-72, -19492]
22:50:48 Model found (5.41s, +0.00s): [-72, -19502]
22:50:48 Model found (5.41s, +0.00s): [-72, -19512]
22:50:48 Model found (5.41s, +0.00s): [-72, -19522]
22:50:48 Model found (5.41s, +0.00s): [-72, -19532]
22:50:48 Model found (5.42s, +0.00s): [-72, -19542]
22:50:48 Model found (5.42s, +0.00s): [-72, -19552]
22:50:48 Model found (5.42s, +0.00s): [-72, -19562]
22:50:48 Model found (5.43s, +0.00s): [-72, -19572]
22:50:48 Model found (5.43s, +0.00s): [-72, -19582]
22:50:48 Model found (5.43s, +0.00s): [-72, -19592]
22:50:48 Model found (5.43s, +0.00s): [-72, -19602]
22:50:48 Model found (5.44s, +0.00s): [-72, -19612]
22:50:48 Model found (5.44s, +0.00s): [-72, -19622]
22:50:48 Model found (5.44s, +0.00s): [-72, -19632]
22:50:48 Model found (5.44s, +0.00s): [-72, -19642]
22:50:48 Model found (5.44s, +0.00s): [-72, -19652]
22:50:48 Model found (5.45s, +0.00s): [-72, -19662]
22:50:48 Model found (5.45s, +0.00s): [-72, -19672]
22:50:48 Model found (5.45s, +0.00s): [-72, -19682]
22:50:48 Model found (5.46s, +0.00s): [-72, -19692]
22:50:48 Model found (5.46s, +0.00s): [-72, -19702]
22:50:48 Model found (5.46s, +0.00s): [-72, -19712]
22:50:48 Model found (5.46s, +0.00s): [-72, -19722]
22:50:48 Model found (5.47s, +0.00s): [-72, -19732]
22:50:48 Model found (5.47s, +0.00s): [-72, -19742]
22:50:48 Model found (5.47s, +0.00s): [-72, -19752]
22:50:48 Model found (5.47s, +0.00s): [-72, -19762]
22:50:48 Model found (5.47s, +0.00s): [-72, -19772]
22:50:48 Model found (5.48s, +0.00s): [-72, -19782]
22:50:48 Model found (5.48s, +0.00s): [-72, -19792]
22:50:48 Model found (5.48s, +0.00s): [-72, -19802]
22:50:48 Model found (5.49s, +0.00s): [-72, -19812]
22:50:48 Model found (5.49s, +0.00s): [-72, -19822]
22:50:48 Model found (5.49s, +0.00s): [-72, -19832]
22:50:48 Model found (5.49s, +0.00s): [-72, -19842]
22:50:48 Model found (5.50s, +0.00s): [-72, -19852]
22:50:48 Model found (5.50s, +0.00s): [-72, -19862]
22:50:48 Model found (5.50s, +0.00s): [-72, -19872]
22:50:48 Model found (5.50s, +0.00s): [-72, -19882]
22:50:48 Model found (5.51s, +0.00s): [-72, -19892]
22:50:48 Model found (5.51s, +0.00s): [-72, -19902]
22:50:48 Model found (5.51s, +0.00s): [-72, -19912]
22:50:48 Model found (5.51s, +0.00s): [-72, -19922]
22:50:48 Model found (5.52s, +0.00s): [-72, -19932]
22:50:48 Model found (5.52s, +0.00s): [-72, -19942]
22:50:48 Model found (5.52s, +0.00s): [-72, -19952]
22:50:48 Model found (5.52s, +0.00s): [-72, -19962]
22:50:48 Model found (5.53s, +0.00s): [-72, -19972]
22:50:48 Model found (5.53s, +0.00s): [-72, -19982]
22:50:48 Model found (5.53s, +0.00s): [-72, -19992]
22:50:48 Model found (5.54s, +0.00s): [-72, -20002]
22:50:48 Model found (5.54s, +0.00s): [-72, -20012]
22:50:48 Model found (5.54s, +0.00s): [-72, -20022]
22:50:48 Model found (5.54s, +0.00s): [-72, -20032]
22:50:48 Model found (5.55s, +0.00s): [-72, -20042]
22:50:48 Model found (5.55s, +0.00s): [-72, -20052]
22:50:48 Model found (5.55s, +0.00s): [-72, -20062]
22:50:48 Model found (5.55s, +0.00s): [-72, -20072]
22:50:48 Model found (5.56s, +0.00s): [-72, -20082]
22:50:48 Model found (5.56s, +0.00s): [-72, -20092]
22:50:48 Model found (5.56s, +0.00s): [-72, -20102]
22:50:48 Model found (5.56s, +0.00s): [-72, -20112]
22:50:48 Model found (5.57s, +0.00s): [-72, -20122]
22:50:48 Model found (5.57s, +0.00s): [-72, -20132]
22:50:48 Model found (5.57s, +0.00s): [-72, -20142]
22:50:49 Model found (5.57s, +0.00s): [-72, -20152]
22:50:49 Model found (5.58s, +0.00s): [-72, -20162]
22:50:49 Model found (5.58s, +0.00s): [-72, -20172]
22:50:49 Model found (5.58s, +0.00s): [-72, -20182]
22:50:49 Model found (5.58s, +0.00s): [-72, -20192]
22:50:49 Model found (5.59s, +0.00s): [-72, -20202]
22:50:49 Model found (5.59s, +0.00s): [-72, -20212]
22:50:49 Model found (5.59s, +0.00s): [-72, -20222]
22:50:49 Model found (5.59s, +0.00s): [-72, -20232]
22:50:49 Model found (5.60s, +0.00s): [-72, -20242]
22:50:49 Model found (5.60s, +0.00s): [-72, -20252]
22:50:49 Model found (5.60s, +0.00s): [-72, -20262]
22:50:49 Model found (5.60s, +0.00s): [-72, -20272]
22:50:49 Model found (5.61s, +0.00s): [-72, -20282]
22:50:49 Model found (5.61s, +0.00s): [-72, -20292]
22:50:49 Model found (5.61s, +0.00s): [-72, -20302]
22:50:49 Model found (5.61s, +0.00s): [-72, -20312]
22:50:49 Model found (5.62s, +0.00s): [-72, -20322]
22:50:49 Model found (5.62s, +0.00s): [-72, -20332]
22:50:49 Model found (5.62s, +0.00s): [-72, -20342]
22:50:49 Model found (5.62s, +0.00s): [-72, -20352]
22:50:49 Model found (5.63s, +0.00s): [-72, -20362]
22:50:49 Model found (5.63s, +0.00s): [-72, -20372]
22:50:49 Model found (5.63s, +0.00s): [-72, -20382]
22:50:49 Model found (5.63s, +0.00s): [-72, -20392]
22:50:49 Model found (5.64s, +0.00s): [-72, -20402]
22:50:49 Model found (5.64s, +0.00s): [-72, -20412]
22:50:49 Model found (5.64s, +0.00s): [-72, -20422]
22:50:49 Model found (5.64s, +0.00s): [-72, -20432]
22:50:49 Model found (5.65s, +0.00s): [-72, -20442]
22:50:49 Model found (5.65s, +0.00s): [-72, -20452]
22:50:49 Model found (5.65s, +0.00s): [-72, -20462]
22:50:49 Model found (5.66s, +0.00s): [-72, -20472]
22:50:49 Model found (5.66s, +0.00s): [-72, -20482]
22:50:49 Model found (5.66s, +0.00s): [-72, -20492]
22:50:49 Model found (5.66s, +0.00s): [-72, -20502]
22:50:49 Model found (5.66s, +0.00s): [-72, -20512]
22:50:49 Model found (5.67s, +0.00s): [-72, -20522]
22:50:49 Model found (5.67s, +0.00s): [-72, -20532]
22:50:49 Model found (5.67s, +0.00s): [-72, -20542]
22:50:49 Model found (5.67s, +0.00s): [-72, -20552]
22:50:49 Model found (5.68s, +0.00s): [-72, -20562]
22:50:49 Model found (5.68s, +0.00s): [-72, -20572]
22:50:49 Model found (5.68s, +0.00s): [-72, -20582]
22:50:49 Model found (5.68s, +0.00s): [-72, -20592]
22:50:49 Model found (5.69s, +0.00s): [-72, -20602]
22:50:49 Model found (5.69s, +0.00s): [-72, -20612]
22:50:49 Model found (5.69s, +0.00s): [-72, -20622]
22:50:49 Model found (5.70s, +0.00s): [-72, -20632]
22:50:49 Model found (5.70s, +0.00s): [-72, -20642]
22:50:49 Model found (5.70s, +0.00s): [-72, -20652]
22:50:49 Model found (5.70s, +0.00s): [-72, -20662]
22:50:49 Model found (5.71s, +0.00s): [-72, -20672]
22:50:49 Model found (5.71s, +0.00s): [-72, -20682]
22:50:49 Model found (5.71s, +0.00s): [-72, -20692]
22:50:49 Model found (5.71s, +0.00s): [-72, -20702]
22:50:49 Model found (5.71s, +0.00s): [-72, -20712]
22:50:49 Model found (5.72s, +0.00s): [-72, -20722]
22:50:49 Model found (5.72s, +0.00s): [-72, -20732]
22:50:49 Model found (5.72s, +0.00s): [-72, -20742]
22:50:49 Model found (5.72s, +0.00s): [-72, -20752]
22:50:49 Model found (5.73s, +0.00s): [-72, -20762]
22:50:49 Model found (5.73s, +0.00s): [-72, -20772]
22:50:49 Model found (5.73s, +0.00s): [-72, -20782]
22:50:49 Model found (5.73s, +0.00s): [-72, -20792]
22:50:49 Model found (5.74s, +0.00s): [-72, -20802]
22:50:49 Model found (5.74s, +0.00s): [-72, -20812]
22:50:49 Model found (5.74s, +0.00s): [-72, -20822]
22:50:49 Model found (5.74s, +0.00s): [-72, -20832]
22:50:49 Model found (5.75s, +0.00s): [-72, -20842]
22:50:49 Model found (5.75s, +0.00s): [-72, -20852]
22:50:49 Model found (5.75s, +0.00s): [-72, -20862]
22:50:49 Model found (5.75s, +0.00s): [-72, -20872]
22:50:49 Model found (5.76s, +0.00s): [-72, -20882]
22:50:49 Model found (5.76s, +0.00s): [-72, -20892]
22:50:49 Model found (5.76s, +0.00s): [-72, -20902]
22:50:49 Model found (5.77s, +0.00s): [-72, -20912]
22:50:49 Model found (5.77s, +0.00s): [-72, -20922]
22:50:49 Model found (5.77s, +0.00s): [-72, -20932]
22:50:49 Model found (5.77s, +0.00s): [-72, -20942]
22:50:49 Model found (5.78s, +0.00s): [-72, -20952]
22:50:49 Model found (5.78s, +0.00s): [-72, -20962]
22:50:49 Model found (5.78s, +0.00s): [-72, -20972]
22:50:49 Model found (5.78s, +0.00s): [-72, -20982]
22:50:49 Model found (5.79s, +0.00s): [-72, -20992]
22:50:49 Model found (5.79s, +0.00s): [-72, -21002]
22:50:49 Model found (5.79s, +0.00s): [-72, -21012]
22:50:49 Model found (5.79s, +0.00s): [-72, -21022]
22:50:49 Model found (5.80s, +0.00s): [-72, -21032]
22:50:49 Model found (5.80s, +0.00s): [-72, -21042]
22:50:49 Model found (5.80s, +0.00s): [-72, -21052]
22:50:49 Model found (5.80s, +0.00s): [-72, -21062]
22:50:49 Model found (5.81s, +0.00s): [-72, -21072]
22:50:49 Model found (5.81s, +0.00s): [-72, -21082]
22:50:49 Model found (5.81s, +0.00s): [-72, -21092]
22:50:49 Model found (5.81s, +0.00s): [-72, -21102]
22:50:49 Model found (5.82s, +0.00s): [-72, -21112]
22:50:49 Model found (5.82s, +0.00s): [-72, -21122]
22:50:49 Model found (5.82s, +0.00s): [-72, -21132]
22:50:49 Model found (5.82s, +0.00s): [-72, -21142]
22:50:49 Model found (5.83s, +0.00s): [-72, -21152]
22:50:49 Model found (5.83s, +0.00s): [-72, -21162]
22:50:49 Model found (5.83s, +0.00s): [-72, -21172]
22:50:49 Model found (5.83s, +0.00s): [-72, -21182]
22:50:49 Model found (5.83s, +0.00s): [-72, -21192]
22:50:49 Model found (5.84s, +0.00s): [-72, -21202]
22:50:49 Model found (5.84s, +0.00s): [-72, -21212]
22:50:49 Model found (5.84s, +0.00s): [-72, -21222]
22:50:49 Model found (5.84s, +0.00s): [-72, -21232]
22:50:49 Model found (5.85s, +0.00s): [-72, -21242]
22:50:49 Model found (5.85s, +0.00s): [-72, -21252]
22:50:49 Model found (5.85s, +0.00s): [-72, -21262]
22:50:49 Model found (5.85s, +0.00s): [-72, -21272]
22:50:49 Model found (5.86s, +0.00s): [-72, -21282]
22:50:49 Model found (5.86s, +0.00s): [-72, -21292]
22:50:49 Model found (5.86s, +0.00s): [-72, -21302]
22:50:49 Model found (5.87s, +0.00s): [-72, -21312]
22:50:49 Model found (5.87s, +0.00s): [-72, -21322]
22:50:49 Model found (5.87s, +0.00s): [-72, -21332]
22:50:49 Model found (5.87s, +0.00s): [-72, -21342]
22:50:49 Model found (5.88s, +0.00s): [-72, -21352]
22:50:49 Model found (5.88s, +0.00s): [-72, -21362]
22:50:49 Model found (5.88s, +0.00s): [-72, -21372]
22:50:49 Model found (5.88s, +0.00s): [-72, -21382]
22:50:49 Model found (5.89s, +0.00s): [-72, -21392]
22:50:49 Model found (5.89s, +0.00s): [-72, -21402]
22:50:49 Model found (5.89s, +0.00s): [-72, -21412]
22:50:49 Model found (5.89s, +0.00s): [-72, -21422]
22:50:49 Model found (5.90s, +0.00s): [-72, -21432]
22:50:49 Model found (5.90s, +0.00s): [-72, -21442]
22:50:49 Model found (5.90s, +0.00s): [-72, -21452]
22:50:49 Model found (5.91s, +0.00s): [-72, -21462]
22:50:49 Model found (5.91s, +0.00s): [-72, -21472]
22:50:49 Model found (5.91s, +0.00s): [-72, -21482]
22:50:49 Model found (5.91s, +0.00s): [-72, -21492]
22:50:49 Model found (5.92s, +0.00s): [-72, -21502]
22:50:49 Model found (5.92s, +0.00s): [-72, -21512]
22:50:49 Model found (5.92s, +0.00s): [-72, -21522]
22:50:49 Model found (5.92s, +0.00s): [-72, -21532]
22:50:49 Model found (5.93s, +0.00s): [-72, -21542]
22:50:49 Model found (5.93s, +0.00s): [-72, -21552]
22:50:49 Model found (5.93s, +0.00s): [-72, -21562]
22:50:49 Model found (5.93s, +0.00s): [-72, -21572]
22:50:49 Model found (5.93s, +0.00s): [-72, -21582]
22:50:49 Model found (5.94s, +0.00s): [-72, -21592]
22:50:49 Model found (5.94s, +0.00s): [-72, -21602]
22:50:49 Model found (5.94s, +0.00s): [-72, -21612]
22:50:49 Model found (5.95s, +0.00s): [-72, -21622]
22:50:49 Model found (5.95s, +0.00s): [-72, -21632]
22:50:49 Model found (5.95s, +0.00s): [-72, -21642]
22:50:49 Model found (5.95s, +0.00s): [-72, -21652]
22:50:49 Model found (5.95s, +0.00s): [-72, -21662]
22:50:49 Model found (5.96s, +0.00s): [-72, -21672]
22:50:49 Model found (5.96s, +0.00s): [-72, -21682]
22:50:49 Model found (5.96s, +0.00s): [-72, -21692]
22:50:49 Model found (5.97s, +0.00s): [-72, -21702]
22:50:49 Model found (5.97s, +0.00s): [-72, -21712]
22:50:49 Model found (5.97s, +0.00s): [-72, -21722]
22:50:49 Model found (5.97s, +0.00s): [-72, -21732]
22:50:49 Model found (5.98s, +0.00s): [-72, -21742]
22:50:49 Model found (5.98s, +0.00s): [-72, -21752]
22:50:49 Model found (5.98s, +0.00s): [-72, -21762]
22:50:49 Model found (5.98s, +0.00s): [-72, -21772]
22:50:49 Model found (5.99s, +0.00s): [-72, -21782]
22:50:49 Model found (5.99s, +0.00s): [-72, -21792]
22:50:49 Model found (5.99s, +0.00s): [-72, -21802]
22:50:49 Model found (6.00s, +0.00s): [-72, -21812]
22:50:49 Model found (6.00s, +0.00s): [-72, -21822]
22:50:49 Model found (6.00s, +0.00s): [-72, -21832]
22:50:49 Model found (6.00s, +0.00s): [-72, -21842]
22:50:49 Model found (6.01s, +0.00s): [-72, -21852]
22:50:49 Model found (6.01s, +0.00s): [-72, -21862]
22:50:49 Model found (6.01s, +0.00s): [-72, -21872]
22:50:49 Model found (6.01s, +0.00s): [-72, -21882]
22:50:49 Model found (6.02s, +0.00s): [-72, -21892]
22:50:49 Model found (6.02s, +0.00s): [-72, -21902]
22:50:49 Model found (6.02s, +0.00s): [-72, -21912]
22:50:49 Model found (6.02s, +0.00s): [-72, -21922]
22:50:49 Model found (6.03s, +0.00s): [-72, -21932]
22:50:49 Model found (6.03s, +0.00s): [-72, -21942]
22:50:49 Model found (6.03s, +0.00s): [-72, -21952]
22:50:49 Model found (6.03s, +0.00s): [-72, -21962]
22:50:49 Model found (6.04s, +0.00s): [-72, -21972]
22:50:49 Model found (6.04s, +0.00s): [-72, -21982]
22:50:49 Model found (6.04s, +0.00s): [-72, -21992]
22:50:49 Model found (6.04s, +0.00s): [-72, -22002]
22:50:49 Model found (6.05s, +0.00s): [-72, -22012]
22:50:49 Model found (6.05s, +0.00s): [-72, -22022]
22:50:49 Model found (6.05s, +0.00s): [-72, -22032]
22:50:49 Model found (6.05s, +0.00s): [-72, -22042]
22:50:49 Model found (6.06s, +0.00s): [-72, -22052]
22:50:49 Model found (6.06s, +0.00s): [-72, -22062]
22:50:49 Model found (6.06s, +0.00s): [-72, -22072]
22:50:49 Model found (6.06s, +0.00s): [-72, -22082]
22:50:49 Model found (6.07s, +0.00s): [-72, -22092]
22:50:49 Model found (6.07s, +0.00s): [-72, -22102]
22:50:49 Model found (6.07s, +0.00s): [-72, -22112]
22:50:49 Model found (6.07s, +0.00s): [-72, -22122]
22:50:49 Model found (6.08s, +0.00s): [-72, -22132]
22:50:49 Model found (6.08s, +0.00s): [-72, -22142]
22:50:49 Model found (6.08s, +0.00s): [-72, -22152]
22:50:49 Model found (6.08s, +0.00s): [-72, -22162]
22:50:49 Model found (6.09s, +0.00s): [-72, -22172]
22:50:49 Model found (6.09s, +0.00s): [-72, -22182]
22:50:49 Model found (6.09s, +0.00s): [-72, -22192]
22:50:49 Model found (6.09s, +0.00s): [-72, -22202]
22:50:49 Model found (6.10s, +0.00s): [-72, -22212]
22:50:49 Model found (6.10s, +0.00s): [-72, -22222]
22:50:49 Model found (6.10s, +0.00s): [-72, -22232]
22:50:49 Model found (6.10s, +0.00s): [-72, -22242]
22:50:49 Model found (6.11s, +0.00s): [-72, -22252]
22:50:49 Model found (6.11s, +0.00s): [-72, -22262]
22:50:49 Model found (6.11s, +0.00s): [-72, -22272]
22:50:49 Model found (6.11s, +0.00s): [-72, -22282]
22:50:49 Model found (6.12s, +0.00s): [-72, -22292]
22:50:49 Model found (6.12s, +0.00s): [-72, -22302]
22:50:49 Model found (6.12s, +0.00s): [-72, -22312]
22:50:49 Model found (6.12s, +0.00s): [-72, -22322]
22:50:49 Model found (6.13s, +0.00s): [-72, -22332]
22:50:49 Model found (6.13s, +0.00s): [-72, -22342]
22:50:49 Model found (6.13s, +0.00s): [-72, -22352]
22:50:49 Model found (6.13s, +0.00s): [-72, -22362]
22:50:49 Model found (6.14s, +0.00s): [-72, -22372]
22:50:49 Model found (6.14s, +0.00s): [-72, -22382]
22:50:49 Model found (6.14s, +0.00s): [-72, -22392]
22:50:49 Model found (6.15s, +0.00s): [-72, -22402]
22:50:49 Model found (6.15s, +0.00s): [-72, -22412]
22:50:49 Model found (6.15s, +0.00s): [-72, -22422]
22:50:49 Model found (6.15s, +0.00s): [-72, -22432]
22:50:49 Model found (6.16s, +0.00s): [-72, -22442]
22:50:49 Model found (6.16s, +0.00s): [-72, -22452]
22:50:49 Model found (6.16s, +0.00s): [-72, -22462]
22:50:49 Model found (6.16s, +0.00s): [-72, -22472]
22:50:49 Model found (6.17s, +0.00s): [-72, -22482]
22:50:49 Model found (6.17s, +0.00s): [-72, -22492]
22:50:49 Model found (6.17s, +0.00s): [-72, -22502]
22:50:49 Model found (6.17s, +0.00s): [-72, -22512]
22:50:49 Model found (6.18s, +0.00s): [-72, -22522]
22:50:49 Model found (6.18s, +0.00s): [-72, -22532]
22:50:49 Model found (6.18s, +0.00s): [-72, -22542]
22:50:49 Model found (6.18s, +0.00s): [-72, -22552]
22:50:49 Model found (6.19s, +0.00s): [-72, -22562]
22:50:49 Model found (6.19s, +0.00s): [-72, -22572]
22:50:49 Model found (6.19s, +0.00s): [-72, -22582]
22:50:49 Model found (6.19s, +0.00s): [-72, -22592]
22:50:49 Model found (6.20s, +0.00s): [-72, -22602]
22:50:49 Model found (6.20s, +0.00s): [-72, -22612]
22:50:49 Model found (6.20s, +0.00s): [-72, -22622]
22:50:49 Model found (6.21s, +0.01s): [-72, -22632]
22:50:49 Model found (6.21s, +0.00s): [-72, -22642]
22:50:49 Model found (6.21s, +0.00s): [-72, -22652]
22:50:49 Model found (6.22s, +0.00s): [-72, -22662]
22:50:49 Model found (6.22s, +0.00s): [-72, -22672]
22:50:49 Model found (6.22s, +0.00s): [-72, -22682]
22:50:49 Model found (6.22s, +0.00s): [-72, -22692]
22:50:49 Model found (6.23s, +0.00s): [-72, -22702]
22:50:49 Model found (6.23s, +0.00s): [-72, -22712]
22:50:49 Model found (6.23s, +0.00s): [-72, -22722]
22:50:49 Model found (6.23s, +0.00s): [-72, -22732]
22:50:49 Model found (6.24s, +0.00s): [-72, -22742]
22:50:49 Model found (6.24s, +0.00s): [-72, -22752]
22:50:49 Model found (6.24s, +0.00s): [-72, -22762]
22:50:49 Model found (6.24s, +0.00s): [-72, -22772]
22:50:49 Model found (6.25s, +0.00s): [-72, -22782]
22:50:49 Model found (6.25s, +0.00s): [-72, -22792]
22:50:49 Model found (6.25s, +0.00s): [-72, -22802]
22:50:49 Model found (6.25s, +0.00s): [-72, -22812]
22:50:49 Model found (6.26s, +0.00s): [-72, -22822]
22:50:49 Model found (6.26s, +0.00s): [-72, -22832]
22:50:49 Model found (6.26s, +0.00s): [-72, -22842]
22:50:49 Model found (6.26s, +0.00s): [-72, -22852]
22:50:49 Model found (6.27s, +0.00s): [-72, -22862]
22:50:49 Model found (6.27s, +0.00s): [-72, -22872]
22:50:49 Model found (6.27s, +0.00s): [-72, -22882]
22:50:49 Model found (6.27s, +0.00s): [-72, -22892]
22:50:49 Model found (6.28s, +0.00s): [-72, -22902]
22:50:49 Model found (6.28s, +0.00s): [-72, -22912]
22:50:49 Model found (6.28s, +0.00s): [-72, -22922]
22:50:49 Model found (6.28s, +0.00s): [-72, -22932]
22:50:49 Model found (6.29s, +0.00s): [-72, -22942]
22:50:49 Model found (6.29s, +0.00s): [-72, -22952]
22:50:49 Model found (6.29s, +0.00s): [-72, -22962]
22:50:49 Model found (6.29s, +0.00s): [-72, -22972]
22:50:49 Model found (6.30s, +0.00s): [-72, -22982]
22:50:49 Model found (6.30s, +0.00s): [-72, -22992]
22:50:49 Model found (6.30s, +0.00s): [-72, -23002]
22:50:49 Model found (6.30s, +0.00s): [-72, -23012]
22:50:49 Model found (6.31s, +0.00s): [-72, -23022]
22:50:49 Model found (6.31s, +0.00s): [-72, -23032]
22:50:49 Model found (6.31s, +0.00s): [-72, -23042]
22:50:49 Model found (6.31s, +0.00s): [-72, -23052]
22:50:49 Model found (6.32s, +0.00s): [-72, -23062]
22:50:49 Model found (6.32s, +0.00s): [-72, -23072]
22:50:49 Model found (6.32s, +0.00s): [-72, -23082]
22:50:49 Model found (6.32s, +0.00s): [-72, -23092]
22:50:49 Model found (6.33s, +0.00s): [-72, -23102]
22:50:49 Model found (6.33s, +0.00s): [-72, -23112]
22:50:49 Model found (6.33s, +0.00s): [-72, -23122]
22:50:49 Model found (6.33s, +0.00s): [-72, -23132]
22:50:49 Model found (6.34s, +0.00s): [-72, -23142]
22:50:49 Model found (6.34s, +0.00s): [-72, -23152]
22:50:49 Model found (6.34s, +0.00s): [-72, -23162]
22:50:49 Model found (6.35s, +0.00s): [-72, -23172]
22:50:49 Model found (6.35s, +0.00s): [-72, -23182]
22:50:49 Model found (6.35s, +0.00s): [-72, -23192]
22:50:49 Model found (6.35s, +0.00s): [-72, -23202]
22:50:49 Model found (6.36s, +0.00s): [-72, -23212]
22:50:49 Model found (6.36s, +0.00s): [-72, -23222]
22:50:49 Model found (6.36s, +0.00s): [-72, -23232]
22:50:49 Model found (6.36s, +0.00s): [-72, -23242]
22:50:49 Model found (6.37s, +0.00s): [-72, -23252]
22:50:49 Model found (6.37s, +0.00s): [-72, -23262]
22:50:49 Model found (6.37s, +0.00s): [-72, -23272]
22:50:49 Model found (6.37s, +0.00s): [-72, -23282]
22:50:49 Model found (6.38s, +0.00s): [-72, -23292]
22:50:49 Model found (6.38s, +0.00s): [-72, -23302]
22:50:49 Model found (6.38s, +0.00s): [-72, -23312]
22:50:49 Model found (6.39s, +0.00s): [-72, -23322]
22:50:49 Model found (6.39s, +0.00s): [-72, -23332]
22:50:49 Model found (6.39s, +0.00s): [-72, -23342]
22:50:49 Model found (6.39s, +0.00s): [-72, -23352]
22:50:49 Model found (6.40s, +0.00s): [-72, -23362]
22:50:49 Model found (6.40s, +0.00s): [-72, -23372]
22:50:49 Model found (6.40s, +0.00s): [-72, -23382]
22:50:49 Model found (6.40s, +0.00s): [-72, -23392]
22:50:49 Model found (6.41s, +0.00s): [-72, -23402]
22:50:49 Model found (6.41s, +0.00s): [-72, -23412]
22:50:49 Model found (6.41s, +0.00s): [-72, -23422]
22:50:49 Model found (6.41s, +0.00s): [-72, -23432]
22:50:49 Model found (6.42s, +0.00s): [-72, -23442]
22:50:49 Model found (6.42s, +0.00s): [-72, -23452]
22:50:49 Model found (6.42s, +0.00s): [-72, -23462]
22:50:49 Model found (6.43s, +0.00s): [-72, -23472]
22:50:49 Model found (6.43s, +0.00s): [-72, -23482]
22:50:49 Model found (6.43s, +0.00s): [-72, -23492]
22:50:49 Model found (6.43s, +0.00s): [-72, -23502]
22:50:49 Model found (6.44s, +0.00s): [-72, -23512]
22:50:49 Model found (6.44s, +0.00s): [-72, -23522]
22:50:49 Model found (6.44s, +0.00s): [-72, -23532]
22:50:49 Model found (6.45s, +0.00s): [-72, -23542]
22:50:49 Model found (6.45s, +0.00s): [-72, -23552]
22:50:49 Model found (6.45s, +0.00s): [-72, -23562]
22:50:49 Model found (6.45s, +0.00s): [-72, -23572]
22:50:49 Model found (6.46s, +0.00s): [-72, -23582]
22:50:49 Model found (6.46s, +0.00s): [-72, -23592]
22:50:49 Model found (6.46s, +0.00s): [-72, -23602]
22:50:49 Model found (6.46s, +0.00s): [-72, -23612]
22:50:49 Model found (6.47s, +0.00s): [-72, -23622]
22:50:49 Model found (6.47s, +0.00s): [-72, -23632]
22:50:49 Model found (6.47s, +0.00s): [-72, -23642]
22:50:49 Model found (6.48s, +0.00s): [-72, -23652]
22:50:49 Model found (6.48s, +0.00s): [-72, -23662]
22:50:49 Model found (6.48s, +0.00s): [-72, -23672]
22:50:49 Model found (6.49s, +0.00s): [-72, -23682]
22:50:49 Model found (6.49s, +0.00s): [-72, -23692]
22:50:49 Model found (6.49s, +0.00s): [-72, -23702]
22:50:49 Model found (6.49s, +0.00s): [-72, -23712]
22:50:49 Model found (6.50s, +0.00s): [-72, -23722]
22:50:49 Model found (6.50s, +0.00s): [-72, -23732]
22:50:49 Model found (6.50s, +0.00s): [-72, -23742]
22:50:49 Model found (6.50s, +0.00s): [-72, -23752]
22:50:49 Model found (6.51s, +0.00s): [-72, -23762]
22:50:49 Model found (6.51s, +0.00s): [-72, -23772]
22:50:49 Model found (6.51s, +0.00s): [-72, -23782]
22:50:49 Model found (6.52s, +0.00s): [-72, -23792]
22:50:49 Model found (6.52s, +0.00s): [-72, -23802]
22:50:49 Model found (6.52s, +0.00s): [-72, -23812]
22:50:49 Model found (6.52s, +0.00s): [-72, -23822]
22:50:49 Model found (6.53s, +0.00s): [-72, -23832]
22:50:49 Model found (6.53s, +0.00s): [-72, -23842]
22:50:49 Model found (6.53s, +0.00s): [-72, -23852]
22:50:49 Model found (6.53s, +0.00s): [-72, -23862]
22:50:49 Model found (6.54s, +0.00s): [-72, -23872]
22:50:49 Model found (6.54s, +0.00s): [-72, -23882]
22:50:49 Model found (6.54s, +0.00s): [-72, -23892]
22:50:49 Model found (6.55s, +0.00s): [-72, -23902]
22:50:49 Model found (6.55s, +0.00s): [-72, -23912]
22:50:49 Model found (6.55s, +0.00s): [-72, -23922]
22:50:49 Model found (6.55s, +0.00s): [-72, -23932]
22:50:49 Model found (6.56s, +0.00s): [-72, -23942]
22:50:49 Model found (6.56s, +0.00s): [-72, -23952]
22:50:49 Model found (6.57s, +0.01s): [-72, -23962]
22:50:49 Model found (6.57s, +0.00s): [-72, -23972]
22:50:50 Model found (6.57s, +0.00s): [-72, -23982]
22:50:50 Model found (6.57s, +0.00s): [-72, -23992]
22:50:50 Model found (6.58s, +0.00s): [-72, -24002]
22:50:50 Model found (6.58s, +0.00s): [-72, -24012]
22:50:50 Model found (6.58s, +0.00s): [-72, -24022]
22:50:50 Model found (6.59s, +0.00s): [-72, -24032]
22:50:50 Model found (6.59s, +0.00s): [-72, -24042]
22:50:50 Model found (6.59s, +0.00s): [-72, -24052]
22:50:50 Model found (6.59s, +0.00s): [-72, -24062]
22:50:50 Model found (6.60s, +0.00s): [-72, -24072]
22:50:50 Model found (6.60s, +0.00s): [-72, -24082]
22:50:50 Model found (6.60s, +0.00s): [-72, -24092]
22:50:50 Model found (6.60s, +0.00s): [-72, -24102]
22:50:50 Model found (6.61s, +0.00s): [-72, -24112]
22:50:50 Model found (6.61s, +0.00s): [-72, -24122]
22:50:50 Model found (6.61s, +0.00s): [-72, -24132]
22:50:50 Model found (6.61s, +0.00s): [-72, -24142]
22:50:50 Model found (6.62s, +0.00s): [-72, -24152]
22:50:50 Model found (6.62s, +0.00s): [-72, -24162]
22:50:50 Model found (6.62s, +0.00s): [-72, -24172]
22:50:50 Model found (6.62s, +0.00s): [-72, -24182]
22:50:50 Model found (6.63s, +0.00s): [-72, -24192]
22:50:50 Model found (6.63s, +0.00s): [-72, -24202]
22:50:50 Model found (6.63s, +0.00s): [-72, -24212]
22:50:50 Model found (6.63s, +0.00s): [-72, -24222]
22:50:50 Model found (6.64s, +0.00s): [-72, -24232]
22:50:50 Model found (6.64s, +0.00s): [-72, -24242]
22:50:50 Model found (6.64s, +0.00s): [-72, -24252]
22:50:50 Model found (6.64s, +0.00s): [-72, -24262]
22:50:50 Model found (6.65s, +0.00s): [-72, -24272]
22:50:50 Model found (6.65s, +0.00s): [-72, -24282]
22:50:50 Model found (6.65s, +0.00s): [-72, -24292]
22:50:50 Model found (6.66s, +0.00s): [-72, -24302]
22:50:50 Model found (6.66s, +0.00s): [-72, -24312]
22:50:50 Model found (6.66s, +0.00s): [-72, -24322]
22:50:50 Model found (6.66s, +0.00s): [-72, -24332]
22:50:50 Model found (6.67s, +0.00s): [-72, -24342]
22:50:50 Model found (6.67s, +0.00s): [-72, -24352]
22:50:50 Model found (6.67s, +0.00s): [-72, -24362]
22:50:50 Model found (6.67s, +0.00s): [-72, -24372]
22:50:50 Model found (6.68s, +0.00s): [-72, -24382]
22:50:50 Model found (6.68s, +0.00s): [-72, -24392]
22:50:50 Model found (6.68s, +0.00s): [-72, -24402]
22:50:50 Model found (6.68s, +0.00s): [-72, -24412]
22:50:50 Model found (6.69s, +0.00s): [-72, -24422]
22:50:50 Model found (6.69s, +0.00s): [-72, -24432]
22:50:50 Model found (6.69s, +0.00s): [-72, -24442]
22:50:50 Model found (6.69s, +0.00s): [-72, -24452]
22:50:50 Model found (6.70s, +0.00s): [-72, -24462]
22:50:50 Model found (6.70s, +0.00s): [-72, -24472]
22:50:50 Model found (6.70s, +0.00s): [-72, -24482]
22:50:50 Model found (6.70s, +0.00s): [-72, -24492]
22:50:50 Model found (6.71s, +0.00s): [-72, -24502]
22:50:50 Model found (6.71s, +0.00s): [-72, -24512]
22:50:50 Model found (6.71s, +0.00s): [-72, -24522]
22:50:50 Model found (6.71s, +0.00s): [-72, -24532]
22:50:50 Model found (6.72s, +0.00s): [-72, -24542]
22:50:50 Model found (6.72s, +0.00s): [-72, -24552]
22:50:50 Model found (6.72s, +0.00s): [-72, -24562]
22:50:50 Model found (6.72s, +0.00s): [-72, -24572]
22:50:50 Model found (6.73s, +0.00s): [-72, -24582]
22:50:50 Model found (6.73s, +0.00s): [-72, -24592]
22:50:50 Model found (6.73s, +0.00s): [-72, -24602]
22:50:50 Model found (6.73s, +0.00s): [-72, -24612]
22:50:50 Model found (6.74s, +0.01s): [-72, -24622]
22:50:50 Model found (6.74s, +0.00s): [-72, -24632]
22:50:50 Model found (6.75s, +0.00s): [-72, -24642]
22:50:50 Model found (6.75s, +0.00s): [-72, -24652]
22:50:50 Model found (6.75s, +0.00s): [-72, -24662]
22:50:50 Model found (6.75s, +0.00s): [-72, -24672]
22:50:50 Model found (6.76s, +0.00s): [-72, -24682]
22:50:50 Model found (6.76s, +0.00s): [-72, -24692]
22:50:50 Model found (6.76s, +0.00s): [-72, -24702]
22:50:50 Model found (6.76s, +0.00s): [-72, -24712]
22:50:50 Model found (6.77s, +0.00s): [-72, -24722]
22:50:50 Model found (6.77s, +0.00s): [-72, -24732]
22:50:50 Model found (6.77s, +0.00s): [-72, -24742]
22:50:50 Model found (6.78s, +0.00s): [-72, -24752]
22:50:50 Model found (6.78s, +0.00s): [-72, -24762]
22:50:50 Model found (6.78s, +0.00s): [-72, -24772]
22:50:50 Model found (6.78s, +0.00s): [-72, -24782]
22:50:50 Model found (6.79s, +0.00s): [-72, -24792]
22:50:50 Model found (6.79s, +0.00s): [-72, -24802]
22:50:50 Model found (6.79s, +0.00s): [-72, -24812]
22:50:50 Model found (6.79s, +0.00s): [-72, -24822]
22:50:50 Model found (6.80s, +0.00s): [-72, -24832]
22:50:50 Model found (6.80s, +0.00s): [-72, -24842]
22:50:50 Model found (6.80s, +0.00s): [-72, -24852]
22:50:50 Model found (6.81s, +0.00s): [-72, -24862]
22:50:50 Model found (6.81s, +0.00s): [-72, -24872]
22:50:50 Model found (6.81s, +0.00s): [-72, -24882]
22:50:50 Model found (6.81s, +0.00s): [-72, -24892]
22:50:50 Model found (6.82s, +0.00s): [-72, -24902]
22:50:50 Model found (6.82s, +0.00s): [-72, -24912]
22:50:50 Model found (6.82s, +0.00s): [-72, -24922]
22:50:50 Model found (6.82s, +0.00s): [-72, -24932]
22:50:50 Model found (6.83s, +0.00s): [-72, -24942]
22:50:50 Model found (6.83s, +0.00s): [-72, -24952]
22:50:50 Model found (6.83s, +0.00s): [-72, -24962]
22:50:50 Model found (6.83s, +0.00s): [-72, -24972]
22:50:50 Model found (6.84s, +0.00s): [-72, -24982]
22:50:50 Model found (6.84s, +0.00s): [-72, -24992]
22:50:50 Model found (6.84s, +0.00s): [-72, -25002]
22:50:50 Model found (6.84s, +0.00s): [-72, -25012]
22:50:50 Model found (6.85s, +0.00s): [-72, -25022]
22:50:50 Model found (6.85s, +0.00s): [-72, -25032]
22:50:50 Model found (6.85s, +0.00s): [-72, -25042]
22:50:50 Model found (6.85s, +0.00s): [-72, -25052]
22:50:50 Model found (6.86s, +0.00s): [-72, -25062]
22:50:50 Model found (6.86s, +0.00s): [-72, -25072]
22:50:50 Model found (6.86s, +0.00s): [-72, -25082]
22:50:50 Model found (6.87s, +0.00s): [-72, -25092]
22:50:50 Model found (6.87s, +0.00s): [-72, -25102]
22:50:50 Model found (6.87s, +0.00s): [-72, -25112]
22:50:50 Model found (6.87s, +0.00s): [-72, -25122]
22:50:50 Model found (6.88s, +0.00s): [-72, -25132]
22:50:50 Model found (6.88s, +0.00s): [-72, -25142]
22:50:50 Model found (6.88s, +0.00s): [-72, -25152]
22:50:50 Model found (6.88s, +0.00s): [-72, -25162]
22:50:50 Model found (6.89s, +0.00s): [-72, -25172]
22:50:50 Model found (6.89s, +0.00s): [-72, -25182]
22:50:50 Model found (6.89s, +0.00s): [-72, -25192]
22:50:50 Model found (6.89s, +0.00s): [-72, -25202]
22:50:50 Model found (6.90s, +0.00s): [-72, -25212]
22:50:50 Model found (6.90s, +0.00s): [-72, -25222]
22:50:50 Model found (6.90s, +0.00s): [-72, -25232]
22:50:50 Model found (6.90s, +0.00s): [-72, -25242]
22:50:50 Model found (6.91s, +0.00s): [-72, -25252]
22:50:50 Model found (6.91s, +0.00s): [-72, -25262]
22:50:50 Model found (6.91s, +0.00s): [-72, -25272]
22:50:50 Model found (6.91s, +0.00s): [-72, -25282]
22:50:50 Model found (6.92s, +0.00s): [-72, -25292]
22:50:50 Model found (6.92s, +0.00s): [-72, -25302]
22:50:50 Model found (6.92s, +0.00s): [-72, -25312]
22:50:50 Model found (6.93s, +0.00s): [-72, -25322]
22:50:50 Model found (6.93s, +0.00s): [-72, -25332]
22:50:50 Model found (6.93s, +0.00s): [-72, -25342]
22:50:50 Model found (6.93s, +0.00s): [-72, -25352]
22:50:50 Model found (6.94s, +0.00s): [-72, -25362]
22:50:50 Model found (6.94s, +0.00s): [-72, -25372]
22:50:50 Model found (6.94s, +0.00s): [-72, -25382]
22:50:50 Model found (6.94s, +0.00s): [-72, -25392]
22:50:50 Model found (6.95s, +0.00s): [-72, -25402]
22:50:50 Model found (6.95s, +0.00s): [-72, -25412]
22:50:50 Model found (6.95s, +0.00s): [-72, -25422]
22:50:50 Model found (6.96s, +0.00s): [-72, -25432]
22:50:50 Model found (6.96s, +0.00s): [-72, -25442]
22:50:50 Model found (6.96s, +0.00s): [-72, -25452]
22:50:50 Model found (6.96s, +0.00s): [-72, -25462]
22:50:50 Model found (6.97s, +0.00s): [-72, -25472]
22:50:50 Model found (6.97s, +0.00s): [-72, -25482]
22:50:50 Model found (6.97s, +0.00s): [-72, -25492]
22:50:50 Model found (6.97s, +0.00s): [-72, -25502]
22:50:50 Model found (6.98s, +0.00s): [-72, -25512]
22:50:50 Model found (6.98s, +0.00s): [-72, -25522]
22:50:50 Model found (6.98s, +0.00s): [-72, -25532]
22:50:50 Model found (6.98s, +0.00s): [-72, -25542]
22:50:50 Model found (6.99s, +0.00s): [-72, -25552]
22:50:50 Model found (6.99s, +0.00s): [-72, -25562]
22:50:50 Model found (6.99s, +0.00s): [-72, -25572]
22:50:50 Model found (6.99s, +0.00s): [-72, -25582]
22:50:50 Model found (7.00s, +0.00s): [-72, -25592]
22:50:50 Model found (7.00s, +0.00s): [-72, -25602]
22:50:50 Model found (7.00s, +0.00s): [-72, -25612]
22:50:50 Model found (7.01s, +0.00s): [-72, -25622]
22:50:50 Model found (7.01s, +0.00s): [-72, -25632]
22:50:50 Model found (7.01s, +0.00s): [-72, -25642]
22:50:50 Model found (7.01s, +0.00s): [-72, -25652]
22:50:50 Model found (7.02s, +0.00s): [-72, -25662]
22:50:50 Model found (7.02s, +0.00s): [-72, -25672]
22:50:50 Model found (7.02s, +0.00s): [-72, -25682]
22:50:50 Model found (7.02s, +0.00s): [-72, -25692]
22:50:50 Model found (7.03s, +0.00s): [-72, -25702]
22:50:50 Model found (7.03s, +0.00s): [-72, -25712]
22:50:50 Model found (7.03s, +0.00s): [-72, -25722]
22:50:50 Model found (7.03s, +0.00s): [-72, -25732]
22:50:50 Model found (7.04s, +0.00s): [-72, -25742]
22:50:50 Model found (7.04s, +0.00s): [-72, -25752]
22:50:50 Model found (7.04s, +0.00s): [-72, -25762]
22:50:50 Model found (7.04s, +0.00s): [-72, -25772]
22:50:50 Model found (7.05s, +0.00s): [-72, -25782]
22:50:50 Model found (7.05s, +0.00s): [-72, -25792]
22:50:50 Model found (7.05s, +0.00s): [-72, -25802]
22:50:50 Model found (7.05s, +0.00s): [-72, -25812]
22:50:50 Model found (7.06s, +0.00s): [-72, -25822]
22:50:50 Model found (7.06s, +0.00s): [-72, -25832]
22:50:50 Model found (7.06s, +0.00s): [-72, -25842]
22:50:50 Model found (7.06s, +0.00s): [-72, -25852]
22:50:50 Model found (7.07s, +0.00s): [-72, -25862]
22:50:50 Model found (7.07s, +0.00s): [-72, -25872]
22:50:50 Model found (7.07s, +0.00s): [-72, -25882]
22:50:50 Model found (7.07s, +0.00s): [-72, -25892]
22:50:50 Model found (7.08s, +0.00s): [-72, -25902]
22:50:50 Model found (7.08s, +0.00s): [-72, -25912]
22:50:50 Model found (7.08s, +0.00s): [-72, -25922]
22:50:50 Model found (7.08s, +0.00s): [-72, -25932]
22:50:50 Model found (7.09s, +0.00s): [-72, -25942]
22:50:50 Model found (7.09s, +0.00s): [-72, -25952]
22:50:50 Model found (7.09s, +0.00s): [-72, -25962]
22:50:50 Model found (7.10s, +0.00s): [-72, -25972]
22:50:50 Model found (7.10s, +0.00s): [-72, -25982]
22:50:50 Model found (7.10s, +0.00s): [-72, -25992]
22:50:50 Model found (7.11s, +0.00s): [-72, -26002]
22:50:50 Model found (7.11s, +0.00s): [-72, -26012]
22:50:50 Model found (7.11s, +0.00s): [-72, -26022]
22:50:50 Model found (7.11s, +0.00s): [-72, -26032]
22:50:50 Model found (7.12s, +0.00s): [-72, -26042]
22:50:50 Model found (7.12s, +0.00s): [-72, -26052]
22:50:50 Model found (7.12s, +0.00s): [-72, -26062]
22:50:50 Model found (7.12s, +0.00s): [-72, -26072]
22:50:50 Model found (7.13s, +0.00s): [-72, -26082]
22:50:50 Model found (7.13s, +0.00s): [-72, -26092]
22:50:50 Model found (7.13s, +0.00s): [-72, -26102]
22:50:50 Model found (7.13s, +0.00s): [-72, -26112]
22:50:50 Model found (7.14s, +0.00s): [-72, -26122]
22:50:50 Model found (7.14s, +0.00s): [-72, -26132]
22:50:50 Model found (7.14s, +0.00s): [-72, -26142]
22:50:50 Model found (7.15s, +0.00s): [-72, -26152]
22:50:50 Model found (7.15s, +0.00s): [-72, -26162]
22:50:50 Model found (7.15s, +0.00s): [-72, -26172]
22:50:50 Model found (7.15s, +0.00s): [-72, -26182]
22:50:50 Model found (7.16s, +0.00s): [-72, -26192]
22:50:50 Model found (7.16s, +0.00s): [-72, -26202]
22:50:50 Model found (7.16s, +0.00s): [-72, -26212]
22:50:50 Model found (7.16s, +0.00s): [-72, -26222]
22:50:50 Model found (7.17s, +0.00s): [-72, -26232]
22:50:50 Model found (7.17s, +0.00s): [-72, -26242]
22:50:50 Model found (7.17s, +0.00s): [-72, -26252]
22:50:50 Model found (7.17s, +0.00s): [-72, -26262]
22:50:50 Model found (7.18s, +0.00s): [-72, -26272]
22:50:50 Model found (7.18s, +0.00s): [-72, -26282]
22:50:50 Model found (7.18s, +0.00s): [-72, -26292]
22:50:50 Model found (7.18s, +0.00s): [-72, -26302]
22:50:50 Model found (7.19s, +0.00s): [-72, -26312]
22:50:50 Model found (7.19s, +0.00s): [-72, -26322]
22:50:50 Model found (7.19s, +0.00s): [-72, -26332]
22:50:50 Model found (7.19s, +0.00s): [-72, -26342]
22:50:50 Model found (7.20s, +0.00s): [-72, -26352]
22:50:50 Model found (7.20s, +0.00s): [-72, -26362]
22:50:50 Model found (7.20s, +0.00s): [-72, -26372]
22:50:50 Model found (7.20s, +0.00s): [-72, -26382]
22:50:50 Model found (7.21s, +0.00s): [-72, -26392]
22:50:50 Model found (7.21s, +0.00s): [-72, -26402]
22:50:50 Model found (7.21s, +0.00s): [-72, -26412]
22:50:50 Model found (7.22s, +0.00s): [-72, -26422]
22:50:50 Model found (7.22s, +0.00s): [-72, -26432]
22:50:50 Model found (7.22s, +0.00s): [-72, -26442]
22:50:50 Model found (7.22s, +0.00s): [-72, -26452]
22:50:50 Model found (7.23s, +0.00s): [-72, -26462]
22:50:50 Model found (7.23s, +0.00s): [-72, -26472]
22:50:50 Model found (7.23s, +0.00s): [-72, -26482]
22:50:50 Model found (7.23s, +0.00s): [-72, -26492]
22:50:50 Model found (7.24s, +0.00s): [-72, -26502]
22:50:50 Model found (7.24s, +0.00s): [-72, -26512]
22:50:50 Model found (7.24s, +0.00s): [-72, -26522]
22:50:50 Model found (7.24s, +0.00s): [-72, -26532]
22:50:50 Model found (7.25s, +0.00s): [-72, -26542]
22:50:50 Model found (7.25s, +0.00s): [-72, -26552]
22:50:50 Model found (7.25s, +0.00s): [-72, -26562]
22:50:50 Model found (7.26s, +0.00s): [-72, -26572]
22:50:50 Model found (7.26s, +0.00s): [-72, -26582]
22:50:50 Model found (7.26s, +0.00s): [-72, -26592]
22:50:50 Model found (7.26s, +0.00s): [-72, -26602]
22:50:50 Model found (7.27s, +0.00s): [-72, -26612]
22:50:50 Model found (7.27s, +0.00s): [-72, -26622]
22:50:50 Model found (7.27s, +0.00s): [-72, -26632]
22:50:50 Model found (7.28s, +0.00s): [-72, -26642]
22:50:50 Model found (7.28s, +0.00s): [-72, -26652]
22:50:50 Model found (7.28s, +0.00s): [-72, -26662]
22:50:50 Model found (7.28s, +0.00s): [-72, -26672]
22:50:50 Model found (7.29s, +0.00s): [-72, -26682]
22:50:50 Model found (7.29s, +0.00s): [-72, -26692]
22:50:50 Model found (7.29s, +0.00s): [-72, -26702]
22:50:50 Model found (7.29s, +0.00s): [-72, -26712]
22:50:50 Model found (7.30s, +0.00s): [-72, -26722]
22:50:50 Model found (7.30s, +0.00s): [-72, -26732]
22:50:50 Model found (7.30s, +0.00s): [-72, -26742]
22:50:50 Model found (7.31s, +0.00s): [-72, -26752]
22:50:50 Model found (7.31s, +0.00s): [-72, -26762]
22:50:50 Model found (7.31s, +0.00s): [-72, -26772]
22:50:50 Model found (7.31s, +0.00s): [-72, -26782]
22:50:50 Model found (7.32s, +0.00s): [-72, -26792]
22:50:50 Model found (7.32s, +0.00s): [-72, -26802]
22:50:50 Model found (7.32s, +0.00s): [-72, -26812]
22:50:50 Model found (7.33s, +0.00s): [-72, -26822]
22:50:50 Model found (7.33s, +0.00s): [-72, -26832]
22:50:50 Model found (7.33s, +0.00s): [-72, -26842]
22:50:50 Model found (7.33s, +0.00s): [-72, -26852]
22:50:50 Model found (7.34s, +0.00s): [-72, -26862]
22:50:50 Model found (7.34s, +0.00s): [-72, -26872]
22:50:50 Model found (7.34s, +0.00s): [-72, -26882]
22:50:50 Model found (7.34s, +0.00s): [-72, -26892]
22:50:50 Model found (7.35s, +0.00s): [-72, -26902]
22:50:50 Model found (7.35s, +0.00s): [-72, -26912]
22:50:50 Model found (7.35s, +0.00s): [-72, -26922]
22:50:50 Model found (7.36s, +0.00s): [-72, -26932]
22:50:50 Model found (7.36s, +0.00s): [-72, -26942]
22:50:50 Model found (7.36s, +0.00s): [-72, -26952]
22:50:50 Model found (7.36s, +0.00s): [-72, -26962]
22:50:50 Model found (7.37s, +0.00s): [-72, -26972]
22:50:50 Model found (7.37s, +0.00s): [-72, -26982]
22:50:50 Model found (7.37s, +0.00s): [-72, -26992]
22:50:50 Model found (7.37s, +0.00s): [-72, -27002]
22:50:50 Model found (7.38s, +0.00s): [-72, -27012]
22:50:50 Model found (7.38s, +0.00s): [-72, -27022]
22:50:50 Model found (7.38s, +0.00s): [-72, -27032]
22:50:50 Model found (7.38s, +0.00s): [-72, -27042]
22:50:50 Model found (7.39s, +0.00s): [-72, -27052]
22:50:50 Model found (7.39s, +0.00s): [-72, -27062]
22:50:50 Model found (7.39s, +0.00s): [-72, -27072]
22:50:50 Model found (7.39s, +0.00s): [-72, -27082]
22:50:50 Model found (7.40s, +0.00s): [-72, -27092]
22:50:50 Model found (7.40s, +0.00s): [-72, -27102]
22:50:50 Model found (7.40s, +0.00s): [-72, -27112]
22:50:50 Model found (7.41s, +0.00s): [-72, -27122]
22:50:50 Model found (7.41s, +0.00s): [-72, -27132]
22:50:50 Model found (7.41s, +0.00s): [-72, -27142]
22:50:50 Model found (7.41s, +0.00s): [-72, -27152]
22:50:50 Model found (7.42s, +0.00s): [-72, -27162]
22:50:50 Model found (7.42s, +0.00s): [-72, -27172]
22:50:50 Model found (7.42s, +0.00s): [-72, -27182]
22:50:50 Model found (7.43s, +0.00s): [-72, -27192]
22:50:50 Model found (7.43s, +0.00s): [-72, -27202]
22:50:50 Model found (7.43s, +0.00s): [-72, -27212]
22:50:50 Model found (7.43s, +0.00s): [-72, -27222]
22:50:50 Model found (7.44s, +0.00s): [-72, -27232]
22:50:50 Model found (7.44s, +0.00s): [-72, -27242]
22:50:50 Model found (7.44s, +0.00s): [-72, -27252]
22:50:50 Model found (7.45s, +0.00s): [-72, -27262]
22:50:50 Model found (7.45s, +0.00s): [-72, -27272]
22:50:50 Model found (7.45s, +0.00s): [-72, -27282]
22:50:50 Model found (7.45s, +0.00s): [-72, -27292]
22:50:50 Model found (7.46s, +0.00s): [-72, -27302]
22:50:50 Model found (7.46s, +0.00s): [-72, -27312]
22:50:50 Model found (7.46s, +0.00s): [-72, -27322]
22:50:50 Model found (7.46s, +0.00s): [-72, -27332]
22:50:50 Model found (7.47s, +0.00s): [-72, -27342]
22:50:50 Model found (7.47s, +0.00s): [-72, -27352]
22:50:50 Model found (7.47s, +0.00s): [-72, -27362]
22:50:50 Model found (7.47s, +0.00s): [-72, -27372]
22:50:50 Model found (7.48s, +0.00s): [-72, -27382]
22:50:50 Model found (7.48s, +0.00s): [-72, -27392]
22:50:50 Model found (7.48s, +0.00s): [-72, -27402]
22:50:50 Model found (7.48s, +0.00s): [-72, -27412]
22:50:50 Model found (7.49s, +0.00s): [-72, -27422]
22:50:50 Model found (7.49s, +0.00s): [-72, -27432]
22:50:50 Model found (7.49s, +0.00s): [-72, -27442]
22:50:50 Model found (7.49s, +0.00s): [-72, -27452]
22:50:50 Model found (7.50s, +0.00s): [-72, -27462]
22:50:50 Model found (7.50s, +0.00s): [-72, -27472]
22:50:50 Model found (7.50s, +0.00s): [-72, -27482]
22:50:50 Model found (7.51s, +0.00s): [-72, -27492]
22:50:50 Model found (7.51s, +0.00s): [-72, -27502]
22:50:50 Model found (7.51s, +0.00s): [-72, -27512]
22:50:50 Model found (7.51s, +0.00s): [-72, -27522]
22:50:50 Model found (7.52s, +0.00s): [-72, -27532]
22:50:50 Model found (7.52s, +0.00s): [-72, -27542]
22:50:50 Model found (7.52s, +0.00s): [-72, -27552]
22:50:50 Model found (7.52s, +0.00s): [-72, -27562]
22:50:50 Model found (7.53s, +0.00s): [-72, -27572]
22:50:50 Model found (7.53s, +0.00s): [-72, -27582]
22:50:50 Model found (7.53s, +0.00s): [-72, -27592]
22:50:50 Model found (7.53s, +0.00s): [-72, -27602]
22:50:50 Model found (7.54s, +0.00s): [-72, -27612]
22:50:50 Model found (7.54s, +0.00s): [-72, -27622]
22:50:50 Model found (7.54s, +0.00s): [-72, -27632]
22:50:50 Model found (7.55s, +0.00s): [-72, -27642]
22:50:50 Model found (7.55s, +0.00s): [-72, -27652]
22:50:50 Model found (7.55s, +0.00s): [-72, -27662]
22:50:50 Model found (7.56s, +0.00s): [-72, -27672]
22:50:50 Model found (7.56s, +0.00s): [-72, -27682]
22:50:50 Model found (7.56s, +0.00s): [-72, -27692]
22:50:50 Model found (7.56s, +0.00s): [-72, -27702]
22:50:50 Model found (7.57s, +0.00s): [-72, -27712]
22:50:50 Model found (7.57s, +0.00s): [-72, -27722]
22:50:50 Model found (7.57s, +0.00s): [-72, -27732]
22:50:51 Model found (7.57s, +0.00s): [-72, -27742]
22:50:51 Model found (7.58s, +0.00s): [-72, -27752]
22:50:51 Model found (7.58s, +0.00s): [-72, -27762]
22:50:51 Model found (7.58s, +0.00s): [-72, -27772]
22:50:51 Model found (7.58s, +0.00s): [-72, -27782]
22:50:51 Model found (7.59s, +0.00s): [-72, -27792]
22:50:51 Model found (7.59s, +0.00s): [-72, -27802]
22:50:51 Model found (7.59s, +0.00s): [-72, -27812]
22:50:51 Model found (7.59s, +0.00s): [-72, -27822]
22:50:51 Model found (7.60s, +0.00s): [-72, -27832]
22:50:51 Model found (7.60s, +0.00s): [-72, -27842]
22:50:51 Model found (7.60s, +0.00s): [-72, -27852]
22:50:51 Model found (7.61s, +0.00s): [-72, -27862]
22:50:51 Model found (7.61s, +0.00s): [-72, -27872]
22:50:51 Model found (7.61s, +0.00s): [-72, -27882]
22:50:51 Model found (7.61s, +0.00s): [-72, -27892]
22:50:51 Model found (7.62s, +0.00s): [-72, -27902]
22:50:51 Model found (7.62s, +0.00s): [-72, -27912]
22:50:51 Model found (7.62s, +0.00s): [-72, -27922]
22:50:51 Model found (7.62s, +0.00s): [-72, -27932]
22:50:51 Model found (7.63s, +0.00s): [-72, -27942]
22:50:51 Model found (7.63s, +0.00s): [-72, -27952]
22:50:51 Model found (7.63s, +0.00s): [-72, -27962]
22:50:51 Model found (7.63s, +0.00s): [-72, -27972]
22:50:51 Model found (7.64s, +0.00s): [-72, -27982]
22:50:51 Model found (7.64s, +0.00s): [-72, -27992]
22:50:51 Model found (7.64s, +0.00s): [-72, -28002]
22:50:51 Model found (7.65s, +0.00s): [-72, -28012]
22:50:51 Model found (7.65s, +0.00s): [-72, -28022]
22:50:51 Model found (7.65s, +0.00s): [-72, -28032]
22:50:51 Model found (7.65s, +0.00s): [-72, -28042]
22:50:51 Model found (7.66s, +0.00s): [-72, -28052]
22:50:51 Model found (7.66s, +0.00s): [-72, -28062]
22:50:51 Model found (7.67s, +0.01s): [-72, -28072]
22:50:51 Model found (7.67s, +0.00s): [-72, -28082]
22:50:51 Model found (7.67s, +0.00s): [-72, -28092]
22:50:51 Model found (7.67s, +0.00s): [-72, -28102]
22:50:51 Model found (7.68s, +0.00s): [-72, -28112]
22:50:51 Model found (7.68s, +0.00s): [-72, -28122]
22:50:51 Model found (7.68s, +0.00s): [-72, -28132]
22:50:51 Model found (7.69s, +0.00s): [-72, -28142]
22:50:51 Model found (7.69s, +0.00s): [-72, -28152]
22:50:51 Model found (7.69s, +0.00s): [-72, -28162]
22:50:51 Model found (7.69s, +0.00s): [-72, -28172]
22:50:51 Model found (7.70s, +0.00s): [-72, -28182]
22:50:51 Model found (7.70s, +0.00s): [-72, -28192]
22:50:51 Model found (7.70s, +0.00s): [-72, -28202]
22:50:51 Model found (7.70s, +0.00s): [-72, -28212]
22:50:51 Model found (7.71s, +0.00s): [-72, -28222]
22:50:51 Model found (7.71s, +0.00s): [-72, -28232]
22:50:51 Model found (7.71s, +0.00s): [-72, -28242]
22:50:51 Model found (7.71s, +0.00s): [-72, -28252]
22:50:51 Model found (7.72s, +0.00s): [-72, -28262]
22:50:51 Model found (7.72s, +0.00s): [-72, -28272]
22:50:51 Model found (7.72s, +0.00s): [-72, -28282]
22:50:51 Model found (7.73s, +0.00s): [-72, -28292]
22:50:51 Model found (7.73s, +0.00s): [-72, -28302]
22:50:51 Model found (7.73s, +0.00s): [-72, -28312]
22:50:51 Model found (7.73s, +0.00s): [-72, -28322]
22:50:51 Model found (7.74s, +0.00s): [-72, -28332]
22:50:51 Model found (7.74s, +0.00s): [-72, -28342]
22:50:51 Model found (7.74s, +0.00s): [-72, -28352]
22:50:51 Model found (7.74s, +0.00s): [-72, -28362]
22:50:51 Model found (7.75s, +0.00s): [-72, -28372]
22:50:51 Model found (7.75s, +0.00s): [-72, -28382]
22:50:51 Model found (7.75s, +0.00s): [-72, -28392]
22:50:51 Model found (7.75s, +0.00s): [-72, -28402]
22:50:51 Model found (7.76s, +0.00s): [-72, -28412]
22:50:51 Model found (7.76s, +0.00s): [-72, -28422]
22:50:51 Model found (7.76s, +0.00s): [-72, -28432]
22:50:51 Model found (7.77s, +0.00s): [-72, -28442]
22:50:51 Model found (7.77s, +0.00s): [-72, -28452]
22:50:51 Model found (7.77s, +0.00s): [-72, -28462]
22:50:51 Model found (7.77s, +0.00s): [-72, -28472]
22:50:51 Model found (7.78s, +0.00s): [-72, -28482]
22:50:51 Model found (7.78s, +0.00s): [-72, -28492]
22:50:51 Model found (7.78s, +0.00s): [-72, -28502]
22:50:51 Model found (7.79s, +0.00s): [-72, -28512]
22:50:51 Model found (7.79s, +0.00s): [-72, -28522]
22:50:51 Model found (7.79s, +0.00s): [-72, -28532]
22:50:51 Model found (7.80s, +0.00s): [-72, -28542]
22:50:51 Model found (7.80s, +0.00s): [-72, -28552]
22:50:51 Model found (7.80s, +0.00s): [-72, -28562]
22:50:51 Model found (7.81s, +0.00s): [-72, -28572]
22:50:51 Model found (7.81s, +0.00s): [-72, -28582]
22:50:51 Model found (7.81s, +0.00s): [-72, -28592]
22:50:51 Model found (7.82s, +0.00s): [-72, -28602]
22:50:51 Model found (7.82s, +0.00s): [-72, -28612]
22:50:51 Model found (7.82s, +0.00s): [-72, -28622]
22:50:51 Model found (7.82s, +0.00s): [-72, -28632]
22:50:51 Model found (7.83s, +0.00s): [-72, -28642]
22:50:51 Model found (7.83s, +0.00s): [-72, -28652]
22:50:51 Model found (7.83s, +0.00s): [-72, -28662]
22:50:51 Model found (7.83s, +0.00s): [-72, -28672]
22:50:51 Model found (7.84s, +0.00s): [-72, -28682]
22:50:51 Model found (7.84s, +0.00s): [-72, -28692]
22:50:51 Model found (7.84s, +0.00s): [-72, -28702]
22:50:51 Model found (7.84s, +0.00s): [-72, -28712]
22:50:51 Model found (7.85s, +0.00s): [-72, -28722]
22:50:51 Model found (7.85s, +0.00s): [-72, -28732]
22:50:51 Model found (7.85s, +0.00s): [-72, -28742]
22:50:51 Model found (7.86s, +0.00s): [-72, -28752]
22:50:51 Model found (7.86s, +0.00s): [-72, -28762]
22:50:51 Model found (7.86s, +0.00s): [-72, -28772]
22:50:51 Model found (7.86s, +0.00s): [-72, -28782]
22:50:51 Model found (7.87s, +0.00s): [-72, -28792]
22:50:51 Model found (7.87s, +0.00s): [-72, -28802]
22:50:51 Model found (7.87s, +0.00s): [-72, -28812]
22:50:51 Model found (7.87s, +0.00s): [-72, -28822]
22:50:51 Model found (7.88s, +0.00s): [-72, -28832]
22:50:51 Model found (7.88s, +0.00s): [-72, -28842]
22:50:51 Model found (7.88s, +0.00s): [-72, -28852]
22:50:51 Model found (7.89s, +0.00s): [-72, -28862]
22:50:51 Model found (7.89s, +0.00s): [-72, -28872]
22:50:51 Model found (7.89s, +0.00s): [-72, -28882]
22:50:51 Model found (7.89s, +0.00s): [-72, -28892]
22:50:51 Model found (7.90s, +0.00s): [-72, -28902]
22:50:51 Model found (7.90s, +0.00s): [-72, -28912]
22:50:51 Model found (7.90s, +0.00s): [-72, -28922]
22:50:51 Model found (7.91s, +0.00s): [-72, -28932]
22:50:51 Model found (7.91s, +0.00s): [-72, -28942]
22:50:51 Model found (7.91s, +0.00s): [-72, -28952]
22:50:51 Model found (7.92s, +0.01s): [-72, -28962]
22:50:51 Model found (7.92s, +0.00s): [-72, -28972]
22:50:51 Model found (7.93s, +0.00s): [-72, -28982]
22:50:51 Model found (7.93s, +0.00s): [-72, -28992]
22:50:51 Model found (7.93s, +0.00s): [-72, -29002]
22:50:51 Model found (7.94s, +0.00s): [-72, -29012]
22:50:51 Model found (7.94s, +0.00s): [-72, -29022]
22:50:51 Model found (7.95s, +0.00s): [-72, -29032]
22:50:51 Model found (7.95s, +0.00s): [-72, -29042]
22:50:51 Model found (7.96s, +0.00s): [-72, -29052]
22:50:51 Model found (7.96s, +0.00s): [-72, -29062]
22:50:51 Model found (7.96s, +0.00s): [-72, -29072]
22:50:51 Model found (7.97s, +0.00s): [-72, -29082]
22:50:51 Model found (7.97s, +0.00s): [-72, -29092]
22:50:51 Model found (7.97s, +0.00s): [-72, -29102]
22:50:51 Model found (7.98s, +0.00s): [-72, -29112]
22:50:51 Model found (7.98s, +0.00s): [-72, -29122]
22:50:51 Model found (7.98s, +0.00s): [-72, -29132]
22:50:51 Model found (7.99s, +0.00s): [-72, -29142]
22:50:51 Model found (7.99s, +0.00s): [-72, -29152]
22:50:51 Model found (7.99s, +0.00s): [-72, -29162]
22:50:51 Model found (7.99s, +0.00s): [-72, -29172]
22:50:51 Model found (8.00s, +0.00s): [-72, -29182]
22:50:51 Model found (8.00s, +0.00s): [-72, -29192]
22:50:51 Model found (8.00s, +0.00s): [-72, -29202]
22:50:51 Model found (8.01s, +0.00s): [-72, -29212]
22:50:51 Model found (8.01s, +0.00s): [-72, -29222]
22:50:51 Model found (8.01s, +0.00s): [-72, -29232]
22:50:51 Model found (8.01s, +0.00s): [-72, -29242]
22:50:51 Model found (8.02s, +0.00s): [-72, -29252]
22:50:51 Model found (8.02s, +0.00s): [-72, -29262]
22:50:51 Model found (8.02s, +0.00s): [-72, -29272]
22:50:51 Model found (8.02s, +0.00s): [-72, -29282]
22:50:51 Model found (8.03s, +0.00s): [-72, -29289]
22:50:51 Model found (8.03s, +0.00s): [-72, -29299]
22:50:51 Model found (8.03s, +0.00s): [-72, -29307]
22:50:51 Model found (8.04s, +0.00s): [-72, -29317]
22:50:51 Model found (8.04s, +0.00s): [-72, -29325]
22:50:51 Model found (8.04s, +0.00s): [-72, -29335]
22:50:51 Model found (8.04s, +0.00s): [-72, -29343]
22:50:51 Model found (8.05s, +0.00s): [-72, -29353]
22:50:51 Model found (8.05s, +0.00s): [-72, -29363]
22:50:51 Model found (8.05s, +0.00s): [-72, -29373]
22:50:51 Model found (8.06s, +0.00s): [-72, -29381]
22:50:51 Model found (8.06s, +0.01s): [-72, -29391]
22:50:51 Model found (8.07s, +0.00s): [-72, -29399]
22:50:51 Model found (8.07s, +0.00s): [-72, -29409]
22:50:51 Model found (8.07s, +0.00s): [-72, -29419]
22:50:51 Model found (8.07s, +0.00s): [-72, -29429]
22:50:51 Model found (8.08s, +0.00s): [-72, -29439]
22:50:51 Model found (8.08s, +0.00s): [-72, -29449]
22:50:51 Model found (8.08s, +0.00s): [-72, -29459]
22:50:51 Model found (8.09s, +0.00s): [-72, -29469]
22:50:51 Model found (8.09s, +0.00s): [-72, -29479]
22:50:51 Model found (8.09s, +0.00s): [-72, -29489]
22:50:51 Model found (8.09s, +0.00s): [-72, -29499]
22:50:51 Model found (8.10s, +0.00s): [-72, -29509]
22:50:51 Model found (8.10s, +0.00s): [-72, -29519]
22:50:51 Model found (8.11s, +0.00s): [-72, -29529]
22:50:51 Model found (8.11s, +0.00s): [-72, -29539]
22:50:51 Model found (8.11s, +0.00s): [-72, -29549]
22:50:51 Model found (8.12s, +0.00s): [-72, -29559]
22:50:51 Model found (8.12s, +0.00s): [-72, -29569]
22:50:51 Model found (8.12s, +0.00s): [-72, -29579]
22:50:51 Model found (8.13s, +0.00s): [-72, -29589]
22:50:51 Model found (8.13s, +0.00s): [-72, -29599]
22:50:51 Model found (8.13s, +0.00s): [-72, -29618]
22:50:51 Model found (8.14s, +0.00s): [-72, -29635]
22:50:51 Model found (8.14s, +0.00s): [-72, -29645]
22:50:51 Model found (8.15s, +0.00s): [-72, -29655]
22:50:51 Model found (8.15s, +0.00s): [-72, -29663]
22:50:51 Model found (8.15s, +0.00s): [-72, -29673]
22:50:51 Model found (8.16s, +0.00s): [-72, -29683]
22:50:51 Model found (8.16s, +0.00s): [-72, -29693]
22:50:51 Model found (8.16s, +0.00s): [-72, -29703]
22:50:51 Model found (8.17s, +0.00s): [-72, -29713]
22:50:51 Model found (8.17s, +0.00s): [-72, -29723]
22:50:51 Model found (8.17s, +0.00s): [-72, -29733]
22:50:51 Model found (8.18s, +0.00s): [-72, -29743]
22:50:51 Model found (8.18s, +0.00s): [-72, -29753]
22:50:51 Model found (8.18s, +0.00s): [-72, -29763]
22:50:51 Model found (8.19s, +0.00s): [-72, -29773]
22:50:51 Model found (8.19s, +0.00s): [-72, -29783]
22:50:51 Model found (8.19s, +0.00s): [-72, -29793]
22:50:51 Model found (8.20s, +0.00s): [-72, -29803]
22:50:51 Model found (8.20s, +0.00s): [-72, -29813]
22:50:51 Model found (8.20s, +0.00s): [-72, -29823]
22:50:51 Model found (8.21s, +0.00s): [-72, -29833]
22:50:51 Model found (8.21s, +0.00s): [-72, -29840]
22:50:51 Model found (8.22s, +0.01s): [-72, -29850]
22:50:51 Model found (8.22s, +0.00s): [-72, -29860]
22:50:51 Model found (8.22s, +0.00s): [-72, -29870]
22:50:51 Model found (8.23s, +0.00s): [-72, -29880]
22:50:51 Model found (8.23s, +0.00s): [-72, -29890]
22:50:51 Model found (8.23s, +0.00s): [-72, -29900]
22:50:51 Model found (8.24s, +0.00s): [-72, -29910]
22:50:51 Model found (8.24s, +0.00s): [-72, -29920]
22:50:51 Model found (8.24s, +0.00s): [-72, -29930]
22:50:51 Model found (8.25s, +0.00s): [-72, -29940]
22:50:51 Model found (8.25s, +0.00s): [-72, -29950]
22:50:51 Model found (8.26s, +0.00s): [-72, -29960]
22:50:51 Model found (8.26s, +0.00s): [-72, -29970]
22:50:51 Model found (8.26s, +0.00s): [-72, -29977]
22:50:51 Model found (8.27s, +0.00s): [-72, -29987]
22:50:51 Model found (8.27s, +0.00s): [-72, -29997]
22:50:51 Model found (8.27s, +0.00s): [-72, -30007]
22:50:51 Model found (8.28s, +0.00s): [-72, -30017]
22:50:51 Model found (8.28s, +0.00s): [-72, -30027]
22:50:51 Model found (8.28s, +0.00s): [-72, -30035]
22:50:51 Model found (8.29s, +0.00s): [-72, -30043]
22:50:51 Model found (8.29s, +0.00s): [-72, -30053]
22:50:51 Model found (8.29s, +0.00s): [-72, -30063]
22:50:51 Model found (8.30s, +0.00s): [-72, -30073]
22:50:51 Model found (8.30s, +0.00s): [-72, -30083]
22:50:51 Model found (8.31s, +0.00s): [-72, -30091]
22:50:51 Model found (8.31s, +0.00s): [-72, -30099]
22:50:51 Model found (8.31s, +0.00s): [-72, -30107]
22:50:51 Model found (8.32s, +0.00s): [-72, -30117]
22:50:51 Model found (8.32s, +0.00s): [-72, -30125]
22:50:51 Model found (8.33s, +0.01s): [-72, -30127]
22:50:51 Model found (8.33s, +0.00s): [-72, -30137]
22:50:51 Model found (8.33s, +0.00s): [-72, -30145]
22:50:51 Model found (8.34s, +0.00s): [-72, -30147]
22:50:51 Model found (8.34s, +0.00s): [-72, -30157]
22:50:51 Model found (8.35s, +0.00s): [-72, -30167]
22:50:51 Model found (8.35s, +0.00s): [-72, -30175]
22:50:51 Model found (8.35s, +0.00s): [-72, -30183]
22:50:51 Model found (8.36s, +0.00s): [-72, -30185]
22:50:51 Model found (8.36s, +0.00s): [-72, -30193]
22:50:51 Model found (8.37s, +0.01s): [-72, -30195]
22:50:51 Model found (8.38s, +0.01s): [-72, -30205]
22:50:51 Model found (8.38s, +0.00s): [-72, -30215]
22:50:51 Model found (8.39s, +0.01s): [-72, -30225]
22:50:51 Model found (8.40s, +0.02s): [-72, -30235]
22:50:51 Model found (8.43s, +0.02s): [-72, -30245]
22:50:51 Model found (8.45s, +0.02s): [-72, -30255]
22:50:51 Model found (8.47s, +0.02s): [-72, -30265]
22:50:51 Model found (8.52s, +0.04s): [-72, -30275]
22:50:52 Model found (8.71s, +0.19s): [-72, -30276]
22:50:52 Model found (8.71s, +0.00s): [-72, -30284]
22:50:52 Model found (8.72s, +0.01s): [-72, -30294]
22:50:52 Model found (8.72s, +0.01s): [-72, -30304]
22:50:52 Model found (8.73s, +0.01s): [-72, -30321]
22:50:52 Model found (8.73s, +0.00s): [-72, -30331]
22:50:52 Model found (8.74s, +0.00s): [-72, -30341]
22:50:52 Model found (8.75s, +0.01s): [-72, -30351]
22:50:52 Model found (8.76s, +0.02s): [-72, -30361]
22:50:52 Model found (8.78s, +0.02s): [-72, -30371]
22:50:52 Model found (8.80s, +0.02s): [-72, -30381]
22:50:52 Model found (8.84s, +0.04s): [-72, -30391]
22:50:52 Model found (8.88s, +0.04s): [-72, -30401]
22:50:52 Model found (8.92s, +0.04s): [-72, -30409]
22:50:52 Model found (8.96s, +0.04s): [-72, -30417]
22:50:52 Model found (9.00s, +0.04s): [-72, -30425]
22:50:52 Model found (9.11s, +0.11s): [-72, -30427]
22:50:52 Model found (9.12s, +0.00s): [-72, -30435]
22:50:52 Model found (9.20s, +0.09s): [-76, -30445]
22:50:52 Model found (9.24s, +0.04s): [-76, -30453]
22:50:52 Model found (9.29s, +0.04s): [-76, -30455]
22:50:52 Model found (9.29s, +0.00s): [-76, -30463]
22:50:52 Model found (9.37s, +0.08s): [-76, -30471]
22:50:52 Model found (9.37s, +0.01s): [-76, -30479]
22:50:52 Model found (9.38s, +0.00s): [-76, -30487]
22:50:52 Model found (9.38s, +0.00s): [-76, -30495]
22:50:52 Model found (9.39s, +0.00s): [-76, -30503]
22:50:52 Model found (9.39s, +0.00s): [-76, -30511]
22:50:52 Model found (9.41s, +0.02s): [-76, -30519]
22:50:52 Model found (9.50s, +0.09s): [-76, -30535]
22:50:52 Model found (9.50s, +0.00s): [-76, -30543]
22:50:52 Model found (9.51s, +0.00s): [-76, -30544]
22:50:52 Model found (9.51s, +0.00s): [-76, -30551]
22:50:52 Model found (9.52s, +0.00s): [-76, -30552]
22:50:52 Model found (9.54s, +0.02s): [-76, -30561]
22:50:52 Model found (9.54s, +0.01s): [-76, -30562]
22:50:52 Model found (9.55s, +0.01s): [-76, -30569]
22:50:52 Model found (9.55s, +0.00s): [-76, -30579]
22:50:52 Model found (9.56s, +0.00s): [-76, -30580]
22:50:52 Model found (9.57s, +0.01s): [-76, -30587]
22:50:53 Model found (9.58s, +0.01s): [-76, -30588]
22:50:53 Model found (9.60s, +0.02s): [-76, -30595]
22:50:53 Model found (9.60s, +0.01s): [-76, -30596]
22:50:53 Model found (9.62s, +0.01s): [-76, -30603]
22:50:53 Model found (9.62s, +0.01s): [-76, -30604]
22:50:53 Model found (9.64s, +0.01s): [-76, -30611]
22:50:53 Model found (9.64s, +0.01s): [-76, -30612]
22:50:53 Model found (9.68s, +0.04s): [-76, -30619]
22:50:53 Model found (9.68s, +0.01s): [-76, -30620]
22:50:53 Model found (9.72s, +0.04s): [-76, -30621]
22:50:53 Model found (9.72s, +0.01s): [-76, -30629]
22:50:53 Model found (9.73s, +0.01s): [-76, -30637]
22:50:53 Model found (9.74s, +0.01s): [-76, -30645]
22:50:53 Model found (9.74s, +0.01s): [-76, -30646]
22:50:53 Model found (9.81s, +0.07s): [-76, -30655]
22:50:53 Model found (9.81s, +0.00s): [-76, -30663]
22:50:53 Model found (9.82s, +0.01s): [-76, -30664]
22:50:53 Model found (9.88s, +0.06s): [-76, -30671]
22:50:53 Model found (9.89s, +0.01s): [-76, -30672]
22:50:53 Model found (9.95s, +0.06s): [-76, -30679]
22:50:53 Model found (9.95s, +0.01s): [-76, -30680]
22:50:53 Model found (10.01s, +0.06s): [-76, -30687]
22:50:53 Model found (10.02s, +0.01s): [-76, -30688]
22:50:53 Model found (10.08s, +0.06s): [-76, -30695]
22:50:53 Model found (10.09s, +0.01s): [-76, -30696]
22:50:53 Model found (10.15s, +0.06s): [-76, -30703]
22:50:53 Model found (10.15s, +0.01s): [-76, -30704]
22:50:53 Model found (10.26s, +0.11s): [-76, -30711]
22:50:53 Model found (10.27s, +0.01s): [-76, -30719]
22:50:53 Model found (10.32s, +0.05s): [-76, -30720]
22:50:53 Model found (10.43s, +0.11s): [-76, -30727]
22:50:53 Model found (10.44s, +0.01s): [-76, -30728]
22:50:53 Model found (10.54s, +0.10s): [-76, -30729]
22:50:53 Model found (10.55s, +0.00s): [-76, -30739]
22:50:53 Model found (10.55s, +0.00s): [-76, -30749]
22:50:53 Model found (10.55s, +0.00s): [-76, -30757]
22:50:53 Model found (10.56s, +0.00s): [-76, -30767]
22:50:53 Model found (10.57s, +0.01s): [-76, -30775]
22:50:54 Model found (10.58s, +0.01s): [-76, -30776]
22:50:54 Model found (10.59s, +0.01s): [-76, -30783]
22:50:54 Model found (10.60s, +0.01s): [-76, -30784]
22:50:54 Model found (10.60s, +0.01s): [-76, -30791]
22:50:54 Model found (10.61s, +0.00s): [-76, -30792]
22:50:54 Model found (10.62s, +0.01s): [-76, -30799]
22:50:54 Model found (10.62s, +0.01s): [-76, -30800]
22:50:54 Model found (10.63s, +0.01s): [-76, -30808]
22:50:54 Model found (10.64s, +0.01s): [-76, -30816]
22:50:54 Model found (10.64s, +0.01s): [-76, -30824]
22:50:54 Model found (10.66s, +0.01s): [-76, -30834]
22:50:54 Model found (10.67s, +0.01s): [-76, -30844]
22:50:54 Model found (10.67s, +0.00s): [-76, -30852]
22:50:54 Model found (10.68s, +0.01s): [-76, -30860]
22:50:54 Model found (10.72s, +0.03s): [-76, -30868]
22:50:54 Model found (10.73s, +0.02s): [-76, -30876]
22:50:54 Model found (10.75s, +0.01s): [-76, -30884]
22:50:54 Model found (10.76s, +0.02s): [-76, -30886]
22:50:54 Model found (10.78s, +0.02s): [-76, -30906]
22:50:54 Model found (10.80s, +0.02s): [-76, -30916]
22:50:54 Model found (10.82s, +0.02s): [-76, -30924]
22:50:54 Model found (10.85s, +0.02s): [-76, -30932]
22:50:54 Model found (10.87s, +0.02s): [-76, -30940]
22:50:54 Model found (10.89s, +0.02s): [-76, -30948]
22:50:54 Model found (10.91s, +0.02s): [-76, -30956]
22:50:54 Model found (10.95s, +0.04s): [-76, -30958]
22:50:54 Model found (10.96s, +0.00s): [-76, -30966]
22:50:54 Model found (10.96s, +0.01s): [-76, -30974]
22:50:54 Model found (10.98s, +0.02s): [-76, -30982]
22:50:54 Model found (11.00s, +0.02s): [-76, -30990]
22:50:54 Model found (11.09s, +0.09s): [-76, -31032]
22:50:54 Model found (11.09s, +0.01s): [-76, -31042]
22:50:54 Model found (11.10s, +0.01s): [-76, -31044]
22:50:54 Model found (11.11s, +0.00s): [-80, -31014]
22:50:54 Model found (11.11s, +0.01s): [-84, -31024]
22:50:54 Model found (11.12s, +0.00s): [-88, -31034]
22:50:54 Model found (11.12s, +0.00s): [-88, -31042]
22:50:54 Model found (11.13s, +0.01s): [-88, -31044]
22:50:54 Model found (11.18s, +0.05s): [-88, -31097]
22:50:54 Model found (11.19s, +0.01s): [-88, -31107]
22:50:54 Model found (11.19s, +0.01s): [-88, -31117]
22:50:54 Model found (11.20s, +0.01s): [-88, -31127]
22:50:54 Model found (11.21s, +0.01s): [-92, -31080]
22:50:54 Model found (11.22s, +0.01s): [-96, -31090]
22:50:54 Model found (11.23s, +0.01s): [-100, -31100]
22:50:54 Model found (11.23s, +0.00s): [-100, -31110]
22:50:54 Model found (11.25s, +0.02s): [-100, -31120]
22:50:54 Model found (11.25s, +0.00s): [-100, -31130]
22:50:54 Model found (11.26s, +0.01s): [-112, -31103]
22:50:54 Model found (11.27s, +0.00s): [-112, -31113]
22:50:54 Model found (11.28s, +0.01s): [-112, -31123]
22:50:54 Model found (11.28s, +0.00s): [-112, -31133]
22:50:54 Model found (11.29s, +0.01s): [-124, -31106]
22:50:54 Model found (11.30s, +0.00s): [-124, -31116]
22:50:54 Model found (11.35s, +0.06s): [-124, -31126]
22:50:54 Model found (11.49s, +0.13s): [-136, -31108]
22:50:54 Model found (11.49s, +0.01s): [-136, -31109]
22:50:54 Model found (11.50s, +0.00s): [-136, -31119]
22:50:55 Model found (11.60s, +0.10s): [-140, -31119]
22:50:55 Model found (11.60s, +0.01s): [-140, -31129]
22:50:55 Model found (11.62s, +0.02s): [-140, -31137]
22:50:55 Model found (11.64s, +0.02s): [-140, -31139]
22:50:55 Model found (11.65s, +0.01s): [-140, -31147]
22:50:55 Model found (11.69s, +0.05s): [-140, -31155]
22:50:55 Model found (11.70s, +0.00s): [-140, -31163]
22:50:55 Model found (11.70s, +0.00s): [-140, -31171]
22:50:55 Model found (11.73s, +0.03s): [-140, -31179]
22:50:55 Model found (11.76s, +0.03s): [-140, -31181]
22:50:55 Model found (11.77s, +0.01s): [-140, -31189]
22:50:55 Model found (11.90s, +0.12s): [-140, -31191]
22:50:55 Model found (11.90s, +0.00s): [-140, -31199]
22:50:55 Model found (11.93s, +0.03s): [-140, -31207]
22:50:55 Model found (11.95s, +0.01s): [-140, -31215]
22:50:55 Model found (11.97s, +0.03s): [-140, -31223]
22:50:55 Model found (12.02s, +0.04s): [-140, -31231]
22:50:55 Model found (12.06s, +0.04s): [-140, -31232]
22:50:55 Model found (12.09s, +0.03s): [-140, -31233]
22:50:55 Model found (12.09s, +0.00s): [-140, -31243]
22:50:55 Model found (12.10s, +0.00s): [-140, -31253]
22:50:55 Model found (12.10s, +0.00s): [-140, -31263]
22:50:55 Model found (12.10s, +0.00s): [-140, -31271]
22:50:55 Model found (12.13s, +0.03s): [-140, -31279]
22:50:55 Model found (12.14s, +0.01s): [-140, -31289]
22:50:55 Model found (12.14s, +0.00s): [-140, -31299]
22:50:55 Model found (12.14s, +0.00s): [-140, -31309]
22:50:55 Model found (12.15s, +0.00s): [-140, -31319]
22:50:55 Model found (12.15s, +0.00s): [-140, -31329]
22:50:55 Model found (12.16s, +0.00s): [-140, -31336]
22:50:55 Model found (12.28s, +0.12s): [-140, -31345]
22:50:55 Model found (12.28s, +0.01s): [-140, -31352]
22:50:55 Model found (12.29s, +0.01s): [-140, -31353]
22:50:55 Model found (12.41s, +0.12s): [-140, -31411]
22:50:55 Model found (12.44s, +0.03s): [-140, -31421]
22:50:55 Model found (12.47s, +0.04s): [-140, -31428]
22:50:55 Model found (12.54s, +0.07s): [-140, -31429]
22:50:56 Model found (12.59s, +0.05s): [-140, -31436]
22:50:56 Model found (12.64s, +0.05s): [-140, -31437]
22:50:56 Model found (12.69s, +0.05s): [-140, -31444]
22:50:56 Model found (12.74s, +0.05s): [-140, -31445]
22:50:56 Model found (12.88s, +0.14s): [-140, -31446]
22:50:56 Model found (12.89s, +0.01s): [-140, -31453]
22:50:56 Model found (13.04s, +0.14s): [-140, -31454]
22:50:56 Model found (13.05s, +0.01s): [-140, -31455]
22:50:56 Model found (13.09s, +0.04s): [-140, -31462]
22:50:56 Model found (13.10s, +0.01s): [-140, -31463]
22:50:56 Model found (13.13s, +0.03s): [-140, -31464]
22:50:56 Model found (13.31s, +0.18s): [-140, -31473]
22:50:56 Model found (13.34s, +0.03s): [-140, -31491]
22:50:56 Model found (13.35s, +0.01s): [-140, -31501]
22:50:56 Model found (13.36s, +0.01s): [-140, -31509]
22:50:56 Model found (13.37s, +0.01s): [-140, -31517]
22:50:56 Model found (13.39s, +0.02s): [-140, -31524]
22:50:56 Model found (13.41s, +0.02s): [-140, -31526]
22:50:56 Model found (13.43s, +0.02s): [-140, -31527]
22:50:56 Model found (13.44s, +0.01s): [-140, -31534]
22:50:56 Model found (13.46s, +0.02s): [-140, -31536]
22:50:56 Model found (13.51s, +0.05s): [-140, -31544]
22:50:56 Model found (13.52s, +0.01s): [-140, -31551]
22:50:56 Model found (13.54s, +0.02s): [-140, -31553]
22:50:57 Model found (13.83s, +0.29s): [-140, -31570]
22:50:57 Model found (13.88s, +0.05s): [-140, -31578]
22:50:57 Model found (14.21s, +0.33s): [-140, -31582]
22:50:57 Model found (14.22s, +0.01s): [-140, -31589]
22:50:57 Model found (14.26s, +0.05s): [-140, -31591]
22:50:57 Model found (14.31s, +0.05s): [-140, -31597]
22:50:57 Model found (14.33s, +0.02s): [-140, -31599]
22:50:57 Model found (14.37s, +0.04s): [-140, -31600]
22:50:58 Model found (14.63s, +0.26s): [-140, -31606]
22:50:58 Model found (14.64s, +0.01s): [-140, -31614]
22:50:58 Model found (14.66s, +0.02s): [-140, -31615]
22:50:58 Model found (14.67s, +0.01s): [-140, -31623]
22:50:58 Model found (14.68s, +0.01s): [-140, -31630]
22:50:58 Model found (14.69s, +0.01s): [-140, -31631]
22:50:58 Model found (14.70s, +0.02s): [-140, -31640]
22:50:58 Model found (14.71s, +0.01s): [-140, -31647]
22:50:58 Model found (14.75s, +0.04s): [-140, -31648]
22:50:58 Model found (14.76s, +0.01s): [-140, -31655]
22:50:59 Model found (15.92s, +1.16s): [-140, -31657]
22:50:59 Model found (15.95s, +0.04s): [-140, -31659]
22:50:59 Model found (15.98s, +0.02s): [-140, -31665]
22:50:59 Model found (15.98s, +0.01s): [-140, -31667]
22:50:59 Model found (15.99s, +0.01s): [-140, -31669]
22:50:59 Model found (16.02s, +0.02s): [-140, -31671]
22:50:59 Model found (16.02s, +0.01s): [-140, -31673]
22:50:59 Model found (16.03s, +0.01s): [-140, -31675]
22:50:59 Model found (16.06s, +0.03s): [-140, -31678]
22:50:59 Model found (16.07s, +0.01s): [-140, -31684]
22:50:59 Model found (16.25s, +0.18s): [-140, -31686]
22:50:59 Model found (16.26s, +0.01s): [-140, -31692]
22:50:59 Model found (16.51s, +0.25s): [-140, -31695]
22:50:59 Model found (16.52s, +0.01s): [-140, -31697]
22:51:00 Model found (16.60s, +0.08s): [-140, -31703]
22:51:00 Model found (16.61s, +0.01s): [-140, -31705]
22:51:00 Model found (16.78s, +0.17s): [-140, -31714]
22:51:00 Model found (16.79s, +0.01s): [-140, -31715]
22:51:00 Model found (16.94s, +0.15s): [-140, -31719]
22:51:00 Model found (16.94s, +0.01s): [-140, -31729]
22:51:00 Model found (16.95s, +0.01s): [-140, -31739]
22:51:00 Model found (16.95s, +0.01s): [-140, -31749]
22:51:00 Model found (16.96s, +0.01s): [-140, -31759]
22:51:00 Model found (16.97s, +0.01s): [-140, -31767]
22:51:00 Model found (16.97s, +0.01s): [-140, -31777]
22:51:00 Model found (16.98s, +0.01s): [-140, -31787]
22:51:00 Model found (16.99s, +0.01s): [-140, -31797]
22:51:00 Model found (16.99s, +0.01s): [-140, -31807]
22:51:00 Model found (17.00s, +0.01s): [-140, -31817]
22:51:00 Model found (17.00s, +0.01s): [-140, -31819]
22:51:00 Model found (17.04s, +0.04s): [-140, -31826]
22:51:00 Model found (17.05s, +0.01s): [-140, -31828]
22:51:00 Model found (17.07s, +0.02s): [-140, -31833]
22:51:00 Model found (17.08s, +0.01s): [-140, -31835]
22:51:00 Model found (17.10s, +0.02s): [-140, -31836]
22:51:00 Model found (17.12s, +0.02s): [-140, -31845]
22:51:00 Model found (17.13s, +0.01s): [-140, -31852]
22:51:00 Model found (17.44s, +0.31s): [-140, -31853]
22:51:00 Model found (17.46s, +0.02s): [-140, -31858]
22:51:00 Model found (17.47s, +0.01s): [-140, -31860]
22:51:00 Model found (17.49s, +0.03s): [-140, -31863]
22:51:00 Model found (17.50s, +0.01s): [-140, -31870]
22:51:01 Model found (17.70s, +0.20s): [-140, -31879]
22:51:01 Model found (17.71s, +0.01s): [-140, -31887]
22:51:01 Model found (17.77s, +0.06s): [-140, -31889]
22:51:02 Model found (18.66s, +0.89s): [-140, -31896]
22:51:02 Model found (18.72s, +0.06s): [-140, -31906]
22:51:02 Model found (18.74s, +0.02s): [-140, -31916]
22:51:02 Model found (18.75s, +0.01s): [-140, -31926]
22:51:02 Model found (18.76s, +0.01s): [-140, -31936]
22:51:02 Model found (18.80s, +0.04s): [-140, -31953]
22:51:02 Model found (18.88s, +0.09s): [-140, -31954]
22:51:02 Model found (19.10s, +0.21s): [-140, -31958]
22:51:02 Model found (19.10s, +0.01s): [-140, -31965]
22:51:02 Model found (19.11s, +0.01s): [-140, -31972]
22:51:02 Model found (19.11s, +0.01s): [-140, -31974]
22:51:02 Model found (19.14s, +0.02s): [-140, -31980]
22:51:02 Model found (19.14s, +0.01s): [-140, -31982]
22:51:03 Model found (19.61s, +0.46s): [-140, -31990]
22:51:03 Model found (20.01s, +0.40s): [-140, -31998]
22:51:03 Model found (20.02s, +0.01s): [-140, -32006]
22:51:03 Model found (20.02s, +0.01s): [-140, -32008]
22:51:03 Model found (20.03s, +0.01s): [-140, -32016]
22:51:03 Model found (20.04s, +0.01s): [-140, -32024]
22:51:03 Model found (20.13s, +0.09s): [-140, -32034]
22:51:03 Model found (20.19s, +0.06s): [-140, -32044]
22:51:03 Model found (20.20s, +0.01s): [-140, -32054]
22:51:03 Model found (20.20s, +0.01s): [-140, -32064]
22:51:03 Model found (20.21s, +0.01s): [-140, -32072]
22:51:03 Model found (20.30s, +0.09s): [-140, -32074]
22:51:03 Model found (20.31s, +0.01s): [-140, -32082]
22:51:03 Model found (20.32s, +0.01s): [-140, -32090]
22:51:03 Model found (20.32s, +0.01s): [-140, -32098]
22:51:04 Model found (20.59s, +0.26s): [-140, -32106]
22:51:06 Model found (22.88s, +2.30s): [-140, -32453]
22:51:06 Model found (22.89s, +0.01s): [-140, -32463]
22:51:06 Model found (22.90s, +0.01s): [-140, -32487]
22:51:06 Model found (22.90s, +0.00s): [-140, -32495]
22:51:06 Model found (22.92s, +0.02s): [-140, -32503]
22:51:06 Model found (22.93s, +0.01s): [-140, -32505]
22:51:06 Model found (22.94s, +0.00s): [-140, -32515]
22:51:06 Model found (22.94s, +0.00s): [-140, -32525]
22:51:06 Model found (22.95s, +0.00s): [-140, -32535]
22:51:06 Model found (22.95s, +0.01s): [-140, -32543]
22:51:07 Model found (24.22s, +1.27s): [-140, -32550]
22:51:07 Model found (24.23s, +0.01s): [-140, -32558]
22:51:07 Model found (24.24s, +0.01s): [-140, -32566]
22:51:07 Model found (24.25s, +0.01s): [-140, -32574]
22:51:09 Model found (25.93s, +1.68s): [-140, -32581]
22:51:09 Model found (26.13s, +0.20s): [-140, -32582]
22:51:09 Model found (26.23s, +0.10s): [-140, -32589]
22:51:24 Model found (41.56s, +15.33s): [-564, -34267]
22:51:24 Model found (41.57s, +0.00s): [-564, -34277]
22:51:25 Model found (41.57s, +0.00s): [-564, -34287]
22:51:25 Model found (41.58s, +0.01s): [-564, -34297]
22:51:25 Model found (41.58s, +0.00s): [-564, -34307]
22:51:25 Model found (41.59s, +0.00s): [-564, -34317]
22:52:23 Model found (99.61s, +58.02s): [-572, -33714]
22:52:23 Model found (99.62s, +0.01s): [-572, -33724]
22:52:23 Model found (99.64s, +0.02s): [-576, -33734]
22:52:23 Model found (99.65s, +0.01s): [-576, -33742]
22:52:23 Model found (99.70s, +0.06s): [-576, -33752]
22:52:23 Model found (99.71s, +0.01s): [-576, -33760]
22:52:23 Model found (99.83s, +0.12s): [-576, -33788]
22:52:28 Model found (105.53s, +5.70s): [-576, -33931]
22:52:28 Model found (105.54s, +0.01s): [-576, -33941]
22:52:29 Model found (105.59s, +0.05s): [-576, -33943]
22:52:29 Model found (105.60s, +0.01s): [-576, -33951]
22:52:29 Model found (105.72s, +0.12s): [-576, -33953]
22:52:29 Model found (105.80s, +0.08s): [-576, -33961]
22:52:29 Model found (105.96s, +0.16s): [-576, -33963]
22:52:29 Model found (105.96s, +0.01s): [-576, -33971]
22:52:30 Model found (106.81s, +0.85s): [-576, -33982]
22:52:30 Model found (106.83s, +0.02s): [-576, -33992]
22:52:30 Model found (106.84s, +0.02s): [-576, -33993]
22:52:32 Model found (108.82s, +1.97s): [-576, -34012]
22:52:32 Model found (108.83s, +0.01s): [-576, -34020]
22:52:32 Model found (108.84s, +0.01s): [-576, -34028]
22:52:41 Model found (118.22s, +9.39s): [-580, -33890]
22:52:41 Model found (118.23s, +0.01s): [-580, -33900]
22:52:41 Model found (118.24s, +0.01s): [-580, -33908]
22:52:41 Model found (118.25s, +0.01s): [-580, -33909]
22:52:41 Model found (118.26s, +0.01s): [-580, -33917]
22:52:41 Model found (118.29s, +0.02s): [-580, -33925]
22:52:41 Model found (118.30s, +0.01s): [-580, -33932]
22:52:49 Model found (125.62s, +7.33s): [-580, -33944]
22:52:49 Model found (125.89s, +0.26s): [-580, -33954]
22:52:49 Model found (125.90s, +0.02s): [-580, -33964]
22:52:49 Model found (125.91s, +0.01s): [-580, -33972]
22:52:49 Model found (125.94s, +0.03s): [-580, -33980]
22:52:49 Model found (125.98s, +0.03s): [-580, -33982]
22:52:49 Model found (125.98s, +0.01s): [-580, -33990]
22:52:49 Model found (126.00s, +0.02s): [-580, -33998]
22:52:49 Model found (126.02s, +0.02s): [-580, -34000]
22:52:49 Model found (126.03s, +0.01s): [-580, -34008]
22:52:49 Model found (126.10s, +0.07s): [-580, -34016]
22:52:50 Model found (127.25s, +1.15s): [-580, -34024]
22:52:50 Model found (127.34s, +0.09s): [-580, -34026]
22:52:50 Model found (127.35s, +0.01s): [-580, -34034]
22:52:53 Model found (130.12s, +2.77s): [-580, -34036]
22:52:53 Model found (130.13s, +0.01s): [-580, -34038]
22:52:53 Model found (130.14s, +0.01s): [-580, -34046]
22:52:53 Model found (130.15s, +0.01s): [-580, -34054]
22:52:53 Model found (130.17s, +0.01s): [-580, -34062]
22:52:53 Model found (130.18s, +0.02s): [-580, -34070]
22:52:53 Model found (130.30s, +0.12s): [-580, -34071]
22:52:53 Model found (130.33s, +0.03s): [-580, -34080]
22:52:53 Model found (130.35s, +0.02s): [-580, -34081]
22:52:53 Model found (130.37s, +0.02s): [-580, -34090]
22:52:53 Model found (130.45s, +0.07s): [-580, -34098]
22:53:03 Model found (139.70s, +9.26s): [-584, -34018]
22:53:03 Model found (140.13s, +0.43s): [-608, -34045]
22:53:03 Model found (140.15s, +0.01s): [-608, -34055]
22:53:03 Model found (140.24s, +0.09s): [-608, -34065]
22:53:04 Model found (140.78s, +0.54s): [-608, -34073]
22:53:04 Model found (140.83s, +0.05s): [-608, -34075]
22:53:04 Model found (140.84s, +0.01s): [-612, -34085]
22:53:04 Model found (140.89s, +0.06s): [-616, -34095]
22:53:04 Model found (141.05s, +0.16s): [-616, -34097]
22:53:04 Model found (141.06s, +0.01s): [-616, -34105]
22:53:06 Model found (143.23s, +2.17s): [-616, -34106]
22:53:06 Model found (143.24s, +0.01s): [-616, -34116]
22:53:06 Model found (143.28s, +0.04s): [-616, -34126]
22:53:56 Model found (193.07s, +49.79s): [-620, -34093]
22:53:56 Model found (193.17s, +0.10s): [-620, -34103]
22:53:56 Model found (193.19s, +0.02s): [-620, -34113]
22:53:56 Model found (193.22s, +0.03s): [-620, -34121]
22:53:57 Model found (193.64s, +0.42s): [-620, -34122]
22:53:57 Model found (193.65s, +0.01s): [-620, -34132]
22:53:57 Model found (193.82s, +0.17s): [-620, -34139]
22:53:57 Model found (193.83s, +0.01s): [-620, -34140]
22:53:57 Model found (193.92s, +0.09s): [-620, -34148]
22:54:04 Model found (201.07s, +7.15s): [-624, -34063]
22:54:04 Model found (201.09s, +0.02s): [-628, -34081]
22:54:04 Model found (201.24s, +0.15s): [-628, -34091]
22:54:04 Model found (201.25s, +0.01s): [-628, -34101]
22:54:04 Model found (201.29s, +0.04s): [-628, -34102]
22:54:04 Model found (201.32s, +0.02s): [-628, -34111]
22:54:04 Model found (201.55s, +0.24s): [-628, -34113]
22:54:05 Model found (201.69s, +0.14s): [-628, -34115]
22:54:05 Model found (201.75s, +0.05s): [-628, -34121]
22:54:05 Model found (201.76s, +0.01s): [-628, -34123]
22:54:07 Model found (203.88s, +2.12s): [-640, -34085]
22:54:07 Model found (204.31s, +0.43s): [-640, -34093]
22:54:07 Model found (204.34s, +0.02s): [-640, -34094]
22:54:08 Model found (204.84s, +0.50s): [-640, -34103]
22:54:08 Model found (204.85s, +0.01s): [-640, -34104]
22:54:08 Model found (204.94s, +0.09s): [-640, -34111]
22:54:08 Model found (204.95s, +0.01s): [-640, -34112]
22:54:08 Model found (205.23s, +0.28s): [-640, -34127]
22:54:08 Model found (205.24s, +0.01s): [-640, -34129]
22:54:08 Model found (205.35s, +0.12s): [-640, -34139]
22:54:10 Model found (207.46s, +2.10s): [-640, -34153]
22:55:02 Model found (259.52s, +52.06s): [-644, -33935]
22:55:02 Model found (259.54s, +0.03s): [-644, -33943]
22:55:03 Model found (259.68s, +0.14s): [-644, -33953]
22:55:03 Model found (259.72s, +0.04s): [-644, -33963]
22:55:03 Model found (259.73s, +0.01s): [-644, -33971]
22:55:03 Model found (259.79s, +0.06s): [-644, -33973]
22:55:03 Model found (259.80s, +0.01s): [-644, -33981]
22:55:03 Model found (259.82s, +0.02s): [-644, -33989]
22:55:03 Model found (259.98s, +0.15s): [-644, -33991]
22:55:03 Model found (259.98s, +0.01s): [-644, -33999]
22:55:03 Model found (260.02s, +0.04s): [-644, -34009]
22:55:03 Model found (260.06s, +0.03s): [-644, -34019]
22:55:03 Model found (260.27s, +0.21s): [-644, -34027]
22:55:03 Model found (260.39s, +0.12s): [-644, -34029]
22:55:03 Model found (260.40s, +0.01s): [-644, -34037]
22:55:03 Model found (260.52s, +0.12s): [-644, -34046]
22:55:05 Model found (261.73s, +1.22s): [-644, -34049]
22:55:05 Model found (261.74s, +0.01s): [-644, -34050]
22:55:05 Model found (262.16s, +0.41s): [-644, -34057]
22:55:05 Model found (262.28s, +0.12s): [-644, -34065]
22:55:06 Model found (262.60s, +0.32s): [-644, -34067]
22:55:06 Model found (263.32s, +0.72s): [-644, -34068]
22:55:07 Model found (263.84s, +0.52s): [-644, -34075]
22:55:07 Model found (263.93s, +0.09s): [-644, -34083]
22:55:07 Model found (264.04s, +0.11s): [-644, -34091]
22:55:09 Model found (266.20s, +2.16s): [-644, -34095]
22:55:10 Model found (267.43s, +1.23s): [-644, -34097]
22:55:11 Model found (268.43s, +1.00s): [-644, -34146]
22:55:12 Model found (268.70s, +0.28s): [-644, -34151]
22:55:12 Model found (268.75s, +0.05s): [-644, -34158]
22:55:12 Model found (268.76s, +0.01s): [-644, -34165]
22:55:12 Model found (268.89s, +0.13s): [-644, -34173]
22:55:12 Model found (269.25s, +0.36s): [-648, -34183]
22:55:19 Model found (275.73s, +6.48s): [-652, -34154]
22:55:19 Model found (275.75s, +0.02s): [-652, -34164]
22:55:19 Model found (275.75s, +0.01s): [-652, -34174]
22:55:19 Model found (275.76s, +0.01s): [-652, -34184]
22:55:19 Model found (275.77s, +0.01s): [-652, -34194]
22:55:19 Model found (275.78s, +0.01s): [-652, -34201]
22:55:19 Model found (275.79s, +0.01s): [-652, -34202]
22:55:19 Model found (275.80s, +0.01s): [-652, -34209]
22:55:19 Model found (275.83s, +0.02s): [-652, -34217]
22:55:19 Model found (276.17s, +0.34s): [-652, -34235]
22:55:19 Model found (276.20s, +0.03s): [-652, -34245]
22:55:19 Model found (276.21s, +0.01s): [-652, -34255]
22:55:19 Model found (276.22s, +0.01s): [-652, -34263]
22:55:19 Model found (276.27s, +0.05s): [-652, -34264]
22:55:19 Model found (276.29s, +0.02s): [-652, -34265]
22:55:19 Model found (276.31s, +0.01s): [-652, -34272]
22:55:19 Model found (276.32s, +0.01s): [-652, -34273]
22:55:21 Model found (277.71s, +1.39s): [-652, -34275]
22:55:31 Model found (287.57s, +9.86s): [-652, -34280]
22:55:31 Model found (287.58s, +0.01s): [-652, -34290]
22:55:31 Model found (287.64s, +0.06s): [-652, -34298]
22:55:31 Model found (287.66s, +0.01s): [-652, -34306]
22:55:31 Model found (287.86s, +0.21s): [-652, -34308]
22:55:31 Model found (287.87s, +0.01s): [-652, -34318]
22:55:31 Model found (287.88s, +0.01s): [-652, -34325]
22:55:31 Model found (287.89s, +0.01s): [-652, -34335]
22:55:31 Model found (287.90s, +0.01s): [-652, -34343]
22:55:32 Model found (289.35s, +1.45s): [-652, -34379]
22:55:32 Model found (289.40s, +0.05s): [-652, -34387]
22:55:33 Model found (290.42s, +1.01s): [-656, -34387]
22:55:34 Model found (290.67s, +0.25s): [-656, -34395]
22:55:34 Model found (290.92s, +0.25s): [-656, -34397]
22:55:34 Model found (290.93s, +0.01s): [-656, -34405]
22:55:34 Model found (291.17s, +0.24s): [-656, -34415]
22:55:34 Model found (291.42s, +0.25s): [-656, -34423]
22:55:35 Model found (291.68s, +0.25s): [-656, -34425]
22:55:35 Model found (291.69s, +0.01s): [-656, -34433]
22:55:38 Model found (294.91s, +3.22s): [-656, -34443]
22:55:44 Solving done: TIME LIMIT REACHED (299.32s)
% Command: ooanalyzer.py examples/ooa/TinyXml/tinyXmlTest-NewDebug.exe.lp -n -1 --heuristic=domain --configuration=crafty --restarts=F,736 --time-limit=300 --stats
% TIME LIMIT REACHED

Answer: 2974
guessEnabled(method) guessEnabled(constructor) guessEnabled(vftable) guessEnabled(vftable_size) guessEnabled(derived_class) guessEnabled(weak_g1_bonus) guessEnabled(merge) method(4435973) method(4436003) method(4436023) method(4436028) method(4436038) method(4436048) method(4436053) method(4436073) method(4436078) method(4436083) method(4436093) method(4436118) method(4436128) method(4436138) method(4436163) method(4436168) method(4436173) method(4436178) method(4436188) method(4436208) method(4436223) method(4436233) method(4436238) method(4436253) method(4436258) method(4436268) method(4436273) method(4436278) method(4436283) method(4436298) method(4436308) method(4436323) method(4436333) method(4436338) method(4436353) method(4436363) method(4436368) method(4436383) method(4436388) method(4436398) method(4436418) method(4436458) method(4436468) method(4436473) method(4436488) method(4436503) method(4436508) method(4436518) method(4436528) method(4436578) method(4436603) method(4436618) method(4436628) method(4436633) method(4436638) method(4436643) method(4436658) method(4436668) method(4436683) method(4436693) method(4436703) method(4436713) method(4436748) method(4436758) method(4436763) method(4436773) method(4436783) method(4436798) method(4436803) method(4436853) method(4436858) method(4436863) method(4436878) method(4436883) method(4436898) method(4436913) method(4436918) method(4436938) method(4436968) method(4436983) method(4436988) method(4436998) method(4437028) method(4437038) method(4437063) method(4437083) method(4437088) method(4437133) method(4437158) method(4437178) method(4437188) method(4437203) method(4437208) method(4437218) method(4437233) method(4437243) method(4437253) method(4437258) method(4437278) method(4437283) method(4437293) method(4437303) method(4437323) method(4437328) method(4437333) method(4437363) method(4437368) method(4437423) method(4437428) method(4437433) method(4437438) method(4437448) method(4437458) method(4437468) method(4437473) method(4437483) method(4437488) method(4437498) method(4437503) method(4437508) method(4437528) method(4437533) method(4437558) method(4437563) method(4437568) method(4437593) method(4437598) method(4437618) method(4437623) method(4437638) method(4437648) method(4437653) method(4437663) method(4437673) method(4437683) method(4437688) method(4437693) method(4437703) method(4437708) method(4437713) method(4437723) method(4437733) method(4437743) method(4437748) method(4437753) method(4437758) method(4437768) method(4437773) method(4437798) method(4437803) method(4437808) method(4437813) method(4437828) method(4437833) method(4437838) method(4437843) method(4437858) method(4437863) method(4437888) method(4437898) method(4437908) method(4437913) method(4437933) method(4437943) method(4437948) method(4437968) method(4437978) method(4437983) method(4437988) method(4437998) method(4438003) method(4438028) method(4438043) method(4438048) method(4438053) method(4438078) method(4438088) method(4438103) method(4438108) method(4438113) method(4438128) method(4438148) method(4438158) method(4438168) method(4438173) method(4438183) method(4438203) method(4438208) method(4438218) method(4438228) method(4438233) method(4438238) method(4438248) method(4438258) method(4438268) method(4438298) method(4438308) method(4438313) method(4438318) method(4438333) method(4438353) method(4438363) method(4438368) method(4438373) method(4438398) method(4438443) method(4438448) method(4438453) method(4438463) method(4438468) method(4438483) method(4438488) method(4438493) method(4438508) method(4438513) method(4438573) method(4438583) method(4438588) method(4438598) method(4438608) method(4438613) method(4438623) method(4438638) method(4438643) method(4438653) method(4438663) method(4438673) method(4438683) method(4438688) method(4438693) method(4438723) method(4438733) method(4438738) method(4438743) method(4438758) method(4438763) method(4438778) method(4438783) method(4438793) method(4438798) method(4438813) method(4438828) method(4438833) method(4438853) method(4438868) method(4438873) method(4438893) method(4438898) method(4438918) method(4438943) method(4438948) method(4438963) method(4438968) method(4438978) method(4438983) method(4438993) method(4438998) method(4439003) method(4439018) method(4439038) method(4439043) method(4439058) method(4439068) method(4439083) method(4439093) method(4439098) method(4439103) method(4439123) method(4439128) method(4439143) method(4439153) method(4439168) method(4439173) method(4439183) method(4439198) method(4439228) method(4439233) method(4439238) method(4439258) method(4439288) method(4439308) method(4439313) method(4439318) method(4439333) method(4439338) method(4439343) method(4439348) method(4439353) method(4439368) method(4439378) method(4439393) method(4439413) method(4439423) method(4439433) method(4439438) method(4439453) method(4439458) method(4439463) method(4439478) method(4439483) method(4439493) method(4439498) method(4439503) method(4439518) method(4439523) method(4439538) method(4439553) method(4439558) method(4439563) method(4439568) method(4439578) method(4439583) method(4439618) method(4439623) method(4439628) method(4439633) method(4439643) method(4439648) method(4439653) method(4439663) method(4439678) method(4439693) method(4439703) method(4439708) method(4439713) method(4439718) method(4439723) method(4439743) method(4439748) method(4439753) method(4439758) method(4439783) method(4439788) method(4439793) method(4439803) method(4439813) method(4439823) method(4439838) method(4439843) method(4439853) method(4439858) method(4439863) method(4439873) method(4439878) method(4439883) method(4439888) method(4439893) method(4439898) method(4439908) method(4439928) method(4439943) method(4439948) method(4439958) method(4439963) method(4439983) method(4439998) method(4440023) method(4440028) method(4440038) method(4440058) method(4440068) method(4440078) method(4440098) method(4440128) method(4440143) method(4440148) method(4440163) method(4440173) method(4440188) method(4440193) method(4440203) method(4440208) method(4440213) method(4440223) method(4440238) method(4440243) method(4440253) method(4440263) method(4440278) method(4440283) method(4440293) method(4440298) method(4440313) method(4440323) method(4440328) method(4440338) method(4440348) method(4440358) method(4440368) method(4440393) method(4440403) method(4440408) method(4440423) method(4440453) method(4440463) method(4440498) method(4440503) method(4440508) method(4440513) method(4440523) method(4440528) method(4440533) method(4440538) method(4440543) method(4440548) method(4440563) method(4440573) method(4440588) method(4440593) method(4440623) method(4440628) method(4440638) method(4440658) method(4440663) method(4440668) method(4440673) method(4440688) method(4440693) method(4440713) method(4440718) method(4440723) method(4440728) method(4440738) method(4440743) method(4440758) method(4440773) method(4440783) method(4440788) method(4440793) method(4440803) method(4440808) method(4440813) method(4440818) method(4440823) method(4440848) method(4440853) method(4440858) method(4440883) method(4440913) method(4440923) method(4440943) method(4440953) method(4440963) method(4440973) method(4440978) method(4441028) method(4441038) method(4441043) method(4441063) method(4441068) method(4441093) method(4441098) method(4441113) method(4441128) method(4441133) method(4441138) method(4441158) method(4441173) method(4441178) method(4441183) method(4441203) method(4441213) method(4441218) method(4441223) method(4441258) method(4441273) method(4441303) method(4441308) method(4441318) method(4441323) method(4441333) method(4441343) method(4441353) method(4441368) method(4441378) method(4441383) method(4441388) method(4441408) method(4441413) method(4441418) method(4441423) method(4441428) method(4441433) method(4441448) method(4441483) method(4441488) method(4441493) method(4441498) method(4441503) method(4441528) method(4441533) method(4441543) method(4441548) method(4441578) method(4441583) method(4441598) method(4441608) method(4441623) method(4441633) method(4441638) method(4441643) method(4441663) method(4441693) method(4441708) method(4441718) method(4441743) method(4441753) method(4441758) method(4441768) method(4441783) method(4441803) method(4441818) method(4441833) method(4441843) method(4441848) method(4441858) method(4441863) method(4441868) method(4441873) method(4441883) method(4441903) method(4441908) method(4441928) method(4441933) method(4441938) method(4441948) method(4441963) method(4441968) method(4441973) method(4441988) method(4441998) method(4442008) method(4442043) method(4442048) method(4442063) method(4442068) method(4442083) method(4442093) method(4442098) method(4442103) method(4442108) method(4442118) method(4442148) method(4442168) method(4442223) method(4442228) method(4442253) method(4442263) method(4442278) method(4442288) method(4442298) method(4442328) method(4442368) method(4442403) method(4442413) method(4442418) method(4442428) method(4442448) method(4442453) method(4442458) method(4442468) method(4442483) method(4442503) method(4442523) method(4442538) method(4442543) method(4442568) method(4442578) method(4442583) method(4442588) method(4442613) method(4442623) method(4442633) method(4442643) method(4442663) method(4442668) method(4442683) method(4442708) method(4442713) method(4442723) method(4442728) method(4442733) method(4442758) method(4442768) method(4442778) method(4442803) method(4442813) method(4442828) method(4442833) method(4442843) method(4442878) method(4442883) method(4442888) method(4442893) method(4442898) method(4470976) method(4471056) method(4471168) method(4471280) method(4471392) method(4471696) method(4471856) method(4472080) method(4473104) method(4474720) method(4474944) method(4475056) method(4475248) method(4475472) method(4475568) method(4475760) method(4475984) method(4476320) method(4476880) method(4477088) method(4477184) method(4477376) method(4477600) method(4477712) method(4478640) method(4479792) method(4480624) method(4480736) method(4480944) method(4481136) method(4482400) method(4483152) method(4483264) method(4483376) method(4483712) method(4484096) method(4484704) method(4484912) method(4485280) method(4485648) method(4486112) method(4486784) method(4487072) method(4487568) method(4488704) method(4489072) method(4489184) method(4489424) method(4489520) method(4489712) method(4490176) method(4490336) method(4490496) method(4490624) method(4490752) method(4490880) method(4491008) method(4491136) method(4491232) method(4492144) method(4492752) method(4493184) method(4493424) method(4493568) method(4493824) method(4494048) method(4494256) method(4494352) method(4494784) method(4495616) method(4495776) method(4496000) method(4496288) method(4496560) method(4497392) method(4498272) method(4498528) method(4498736) method(4499056) method(4499152) method(4499344) method(4499440) method(4499648) method(4499856) method(4500128) method(4500576) method(4500800) method(4501088) method(4501376) method(4501616) method(4501712) method(4502272) method(4502544) method(4502816) method(4502992) method(4503200) method(4503824) method(4503920) method(4504032) method(4504224) method(4504400) method(4504592) method(4504976) method(4505280) method(4507040) method(4507648) method(4507792) method(4507888) method(4510320) method(4515824) method(4516944) method(4517120) method(4517392) method(4518704) method(4520896) method(4521792) method(4522208) method(4522672) method(4523584) method(4524304) method(4525568) method(4526048) method(4526528) method(4527120) method(4560384) method(4562640) method(4562688) method(4562736) method(4562800) method(4562848) method(4564688) method(4647024) method(4668736) method(4669488) method(4669696) method(4669904) method(4785756) method(4822688) method(4435978) method(4435983) method(4435988) method(4435993) method(4435998) method(4436008) method(4436013) method(4436018) method(4436033) method(4436043) method(4436058) method(4436063) method(4436068) method(4436088) method(4436098) method(4436103) method(4436108) method(4436113) method(4436123) method(4436133) method(4436143) method(4436148) method(4436153) method(4436158) method(4436183) method(4436193) method(4436198) method(4436203) method(4436213) method(4436218) method(4436228) method(4436243) method(4436248) method(4436263) method(4436288) method(4436293) method(4436303) method(4436313) method(4436318) method(4436328) method(4436343) method(4436348) method(4436358) method(4436373) method(4436378) method(4436393) method(4436403) method(4436408) method(4436413) method(4436423) method(4436428) method(4436433) method(4436438) method(4436443) method(4436448) method(4436453) method(4436463) method(4436478) method(4436483) method(4436493) method(4436498) method(4436513) method(4436523) method(4436533) method(4436538) method(4436543) method(4436548) method(4436553) method(4436558) method(4436563) method(4436568) method(4436573) method(4436583) method(4436588) method(4436593) method(4436598) method(4436608) method(4436613) method(4436623) method(4436648) method(4436653) method(4436663) method(4436673) method(4436678) method(4436688) method(4436698) method(4436708) method(4436718) method(4436723) method(4436728) method(4436733) method(4436738) method(4436743) method(4436753) method(4436768) method(4436778) method(4436788) method(4436793) method(4436808) method(4436813) method(4436818) method(4436823) method(4436828) method(4436833) method(4436838) method(4436843) method(4436848) method(4436868) method(4436873) method(4436888) method(4436893) method(4436903) method(4436908) method(4436923) method(4436928) method(4436933) method(4436943) method(4436948) method(4436953) method(4436958) method(4436963) method(4436973) method(4436978) method(4436993) method(4437003) method(4437008) method(4437013) method(4437018) method(4437023) method(4437033) method(4437043) method(4437048) method(4437053) method(4437058) method(4437068) method(4437073) method(4437078) method(4437093) method(4437103) method(4437108) method(4437113) method(4437118) method(4437123) method(4437128) method(4437138) method(4437143) method(4437148) method(4437153) method(4437163) method(4437168) method(4437173) method(4437183) method(4437193) method(4437198) method(4437213) method(4437223) method(4437228) method(4437238) method(4437248) method(4437263) method(4437268) method(4437273) method(4437288) method(4437298) method(4437308) method(4437313) method(4437318) method(4437338) method(4437343) method(4437348) method(4437353) method(4437358) method(4437373) method(4437378) method(4437383) method(4437388) method(4437393) method(4437398) method(4437403) method(4437408) method(4437413) method(4437418) method(4437443) method(4437453) method(4437463) method(4437478) method(4437493) method(4437513) method(4437518) method(4437523) method(4437538) method(4437543) method(4437548) method(4437553) method(4437573) method(4437578) method(4437583) method(4437588) method(4437603) method(4437608) method(4437613) method(4437628) method(4437633) method(4437643) method(4437658) method(4437668) method(4437678) method(4437698) method(4437718) method(4437728) method(4437738) method(4437763) method(4437778) method(4437783) method(4437788) method(4437793) method(4437818) method(4437823) method(4437848) method(4437853) method(4437868) method(4437873) method(4437878) method(4437883) method(4437893) method(4437903) method(4437918) method(4437923) method(4437928) method(4437938) method(4437953) method(4437958) method(4437963) method(4437973) method(4437993) method(4438008) method(4438013) method(4438018) method(4438023) method(4438033) method(4438038) method(4438058) method(4438063) method(4438068) method(4438073) method(4438083) method(4438093) method(4438098) method(4438118) method(4438123) method(4438133) method(4438138) method(4438143) method(4438153) method(4438163) method(4438178) method(4438188) method(4438193) method(4438198) method(4438213) method(4438223) method(4438253) method(4438263) method(4438273) method(4438278) method(4438283) method(4438288) method(4438293) method(4438303) method(4438323) method(4438328) method(4438338) method(4438343) method(4438348) method(4438358) method(4438378) method(4438383) method(4438388) method(4438393) method(4438403) method(4438408) method(4438413) method(4438418) method(4438423) method(4438428) method(4438433) method(4438438) method(4438458) method(4438473) method(4438478) method(4438498) method(4438503) method(4438518) method(4438523) method(4438528) method(4438533) method(4438538) method(4438543) method(4438548) method(4438553) method(4438558) method(4438563) method(4438568) method(4438578) method(4438593) method(4438603) method(4438618) method(4438628) method(4438633) method(4438648) method(4438658) method(4438668) method(4438678) method(4438698) method(4438703) method(4438708) method(4438713) method(4438718) method(4438728) method(4438748) method(4438753) method(4438768) method(4438773) method(4438788) method(4438803) method(4438808) method(4438818) method(4438823) method(4438838) method(4438843) method(4438848) method(4438858) method(4438863) method(4438878) method(4438883) method(4438888) method(4438903) method(4438908) method(4438913) method(4438923) method(4438928) method(4438933) method(4438938) method(4438953) method(4438958) method(4438973) method(4438988) method(4439008) method(4439013) method(4439023) method(4439028) method(4439033) method(4439048) method(4439053) method(4439063) method(4439073) method(4439078) method(4439088) method(4439108) method(4439113) method(4439118) method(4439133) method(4439138) method(4439148) method(4439158) method(4439163) method(4439178) method(4439188) method(4439193) method(4439203) method(4439208) method(4439213) method(4439218) method(4439223) method(4439243) method(4439253) method(4439263) method(4439268) method(4439273) method(4439278) method(4439283) method(4439293) method(4439298) method(4439303) method(4439323) method(4439328) method(4439358) method(4439363) method(4439373) method(4439383) method(4439388) method(4439398) method(4439403) method(4439408) method(4439418) method(4439428) method(4439443) method(4439448) method(4439468) method(4439473) method(4439488) method(4439508) method(4439513) method(4439528) method(4439533) method(4439543) method(4439548) method(4439573) method(4439588) method(4439593) method(4439598) method(4439603) method(4439608) method(4439613) method(4439638) method(4439658) method(4439668) method(4439673) method(4439683) method(4439688) method(4439698) method(4439728) method(4439733) method(4439738) method(4439763) method(4439768) method(4439773) method(4439778) method(4439798) method(4439808) method(4439818) method(4439828) method(4439833) method(4439848) method(4439868) method(4439903) method(4439913) method(4439918) method(4439923) method(4439933) method(4439938) method(4439953) method(4439968) method(4439973) method(4439978) method(4439988) method(4439993) method(4440003) method(4440008) method(4440013) method(4440018) method(4440033) method(4440043) method(4440048) method(4440053) method(4440063) method(4440073) method(4440083) method(4440088) method(4440093) method(4440103) method(4440108) method(4440113) method(4440118) method(4440123) method(4440133) method(4440138) method(4440153) method(4440158) method(4440168) method(4440178) method(4440183) method(4440198) method(4440218) method(4440228) method(4440233) method(4440248) method(4440258) method(4440268) method(4440273) method(4440288) method(4440303) method(4440308) method(4440318) method(4440333) method(4440343) method(4440353) method(4440363) method(4440373) method(4440378) method(4440383) method(4440388) method(4440398) method(4440413) method(4440418) method(4440428) method(4440433) method(4440438) method(4440443) method(4440448) method(4440458) method(4440468) method(4440473) method(4440478) method(4440483) method(4440488) method(4440493) method(4440518) method(4440553) method(4440558) method(4440568) method(4440578) method(4440583) method(4440598) method(4440603) method(4440608) method(4440613) method(4440618) method(4440633) method(4440643) method(4440648) method(4440653) method(4440678) method(4440683) method(4440698) method(4440703) method(4440708) method(4440733) method(4440748) method(4440753) method(4440763) method(4440768) method(4440778) method(4440798) method(4440828) method(4440833) method(4440838) method(4440843) method(4440863) method(4440868) method(4440873) method(4440878) method(4440888) method(4440893) method(4440898) method(4440903) method(4440908) method(4440918) method(4440928) method(4440933) method(4440948) method(4440958) method(4440968) method(4440983) method(4440988) method(4440993) method(4440998) method(4441003) method(4441008) method(4441013) method(4441018) method(4441023) method(4441033) method(4441048) method(4441053) method(4441058) method(4441073) method(4441078) method(4441083) method(4441088) method(4441103) method(4441108) method(4441118) method(4441123) method(4441143) method(4441148) method(4441153) method(4441163) method(4441168) method(4441188) method(4441193) method(4441198) method(4441208) method(4441228) method(4441233) method(4441238) method(4441243) method(4441248) method(4441253) method(4441263) method(4441268) method(4441278) method(4441283) method(4441288) method(4441293) method(4441298) method(4441313) method(4441328) method(4441338) method(4441348) method(4441358) method(4441363) method(4441373) method(4441393) method(4441398) method(4441403) method(4441438) method(4441443) method(4441453) method(4441458) method(4441463) method(4441468) method(4441473) method(4441478) method(4441508) method(4441513) method(4441518) method(4441523) method(4441538) method(4441553) method(4441558) method(4441563) method(4441568) method(4441573) method(4441588) method(4441593) method(4441603) method(4441613) method(4441618) method(4441628) method(4441648) method(4441653) method(4441658) method(4441668) method(4441673) method(4441678) method(4441683) method(4441688) method(4441698) method(4441703) method(4441713) method(4441723) method(4441728) method(4441733) method(4441738) method(4441748) method(4441763) method(4441773) method(4441778) method(4441788) method(4441793) method(4441798) method(4441808) method(4441813) method(4441823) method(4441828) method(4441838) method(4441853) method(4441878) method(4441888) method(4441893) method(4441898) method(4441913) method(4441918) method(4441923) method(4441943) method(4441953) method(4441958) method(4441978) method(4441983) method(4441993) method(4442003) method(4442013) method(4442018) method(4442023) method(4442028) method(4442033) method(4442038) method(4442053) method(4442058) method(4442073) method(4442078) method(4442088) method(4442113) method(4442123) method(4442128) method(4442133) method(4442138) method(4442143) method(4442153) method(4442158) method(4442163) method(4442173) method(4442178) method(4442183) method(4442188) method(4442193) method(4442198) method(4442203) method(4442208) method(4442213) method(4442218) method(4442233) method(4442238) method(4442243) method(4442258) method(4442268) method(4442273) method(4442283) method(4442293) method(4442303) method(4442308) method(4442313) method(4442318) method(4442323) method(4442333) method(4442338) method(4442343) method(4442348) method(4442353) method(4442358) method(4442363) method(4442373) method(4442378) method(4442383) method(4442388) method(4442393) method(4442398) method(4442408) method(4442423) method(4442433) method(4442438) method(4442443) method(4442463) method(4442473) method(4442478) method(4442488) method(4442493) method(4442498) method(4442508) method(4442513) method(4442518) method(4442528) method(4442533) method(4442548) method(4442553) method(4442558) method(4442563) method(4442573) method(4442593) method(4442598) method(4442603) method(4442608) method(4442618) method(4442628) method(4442638) method(4442648) method(4442653) method(4442658) method(4442673) method(4442678) method(4442688) method(4442693) method(4442698) method(4442703) method(4442718) method(4442738) method(4442743) method(4442748) method(4442753) method(4442763) method(4442773) method(4442783) method(4442788) method(4442793) method(4442798) method(4442808) method(4442818) method(4442823) method(4442838) method(4442848) method(4442853) method(4442858) method(4442863) method(4442868) method(4442873) method(4450336) method(4464981) method(4470736) method(4471504) method(4471568) method(4471632) method(4471792) method(4472208) method(4472384) method(4472496) method(4472560) method(4472624) method(4472688) method(4472784) method(4472848) method(4472944) method(4473008) method(4473200) method(4473264) method(4473360) method(4473424) method(4473520) method(4473600) method(4473680) method(4473776) method(4473872) method(4473984) method(4474080) method(4474144) method(4474208) method(4474272) method(4474336) method(4474400) method(4474464) method(4474528) method(4474592) method(4474656) method(4474816) method(4474880) method(4475344) method(4475408) method(4475856) method(4475920) method(4476096) method(4476544) method(4476640) method(4476752) method(4476816) method(4476992) method(4477472) method(4477536) method(4477888) method(4477968) method(4478128) method(4478192) method(4478256) method(4478320) method(4478400) method(4478512) method(4478576) method(4478752) method(4478832) method(4478912) method(4478976) method(4479056) method(4479248) method(4479328) method(4479520) method(4479600) method(4480048) method(4480240) method(4480848) method(4481056) method(4482544) method(4482800) method(4482912) method(4483008) method(4483088) method(4483856) method(4484560) method(4484624) method(4486464) method(4486624) method(4486944) method(4487008) method(4487248) method(4487408) method(4487792) method(4487968) method(4488160) method(4488336) method(4488528) method(4488944) method(4489008) method(4489952) method(4490080) method(4492032) method(4492400) method(4492496) method(4493040) method(4496784) method(4497024) method(4497168) method(4497248) method(4497984) method(4498080) method(4498960) method(4499744) method(4500688) method(4502432) method(4503088) method(4503472) method(4503584) method(4504816) method(4505376) method(4505520) method(4505680) method(4505824) method(4505984) method(4506192) method(4506400) method(4506608) method(4506816) method(4506912) method(4507520) method(4507584) method(4508624) method(4509152) method(4509264) method(4509376) method(4514560) method(4516593) method(4516816) method(4516880) method(4520816) method(4521728) method(4525888) method(4525952) method(4526432) method(4526720) method(4528219) method(4528592) method(4528688) method(4528736) method(4529088) method(4529424) method(4529488) method(4529520) method(4529584) method(4529632) method(4530844) method(4531392) method(4531682) method(4534189) method(4534417) method(4536534) method(4536688) method(4536934) method(4537024) method(4537072) method(4537088) method(4538229) method(4538560) method(4538854) method(4539230) method(4539344) method(4539376) method(4539808) method(4539936) method(4540000) method(4540048) method(4540571) method(4541488) method(4541760) method(4541824) method(4542570) method(4543360) method(4546384) method(4546432) method(4546464) method(4547696) method(4547728) method(4547744) method(4548096) method(4554656) method(4555936) method(4555952) method(4556624) method(4556736) method(4558240) method(4558320) method(4558368) method(4558400) method(4558432) method(4558544) method(4558608) method(4559296) method(4559376) method(4559392) method(4559408) method(4559424) method(4559840) method(4561040) method(4561184) method(4561232) method(4561328) method(4561337) method(4561382) method(4562880) method(4562944) method(4563008) method(4563072) method(4563104) method(4563152) method(4563184) method(4563386) method(4564096) method(4564320) method(4564384) method(4564576) method(4564640) method(4564752) method(4571568) method(4571600) method(4571648) method(4571680) method(4572416) method(4573024) method(4573120) method(4573216) method(4573984) method(4574032) method(4575184) method(4575232) method(4575328) method(4575424) method(4575664) method(4575888) method(4576112) method(4576336) method(4576576) method(4576800) method(4577024) method(4577264) method(4577504) method(4577744) method(4578000) method(4578016) method(4578160) method(4578320) method(4578800) method(4579056) method(4579072) method(4579664) method(4587984) method(4588032) method(4588080) method(4588128) method(4588160) method(4588272) method(4588768) method(4588848) method(4588912) method(4588960) method(4589008) method(4589072) method(4590550) method(4592272) method(4592832) method(4594384) method(4594560) method(4595472) method(4595920) method(4595936) method(4596016) method(4596064) method(4596112) method(4596128) method(4596224) method(4596240) method(4596256) method(4596448) method(4596480) method(4596560) method(4597268) method(4597472) method(4597504) method(4597552) method(4598774) method(4600416) method(4600432) method(4600800) method(4601216) method(4601328) method(4601392) method(4601408) method(4601488) method(4601600) method(4601809) method(4602510) method(4602768) method(4603104) method(4604160) method(4604320) method(4604592) method(4605632) method(4605824) method(4606192) method(4606576) method(4607504) method(4607664) method(4607800) method(4607920) method(4607952) method(4607984) method(4608032) method(4608048) method(4608144) method(4609122) method(4609209) method(4609960) method(4610069) method(4610416) method(4610432) method(4611024) method(4611088) method(4611152) method(4611216) method(4611280) method(4611344) method(4611696) method(4611920) method(4612272) method(4613904) method(4615424) method(4616240) method(4617620) method(4618512) method(4621564) method(4621760) method(4621904) method(4621974) method(4622002) method(4622025) method(4622050) method(4622075) method(4622192) method(4622256) method(4622670) method(4623593) method(4623712) method(4624688) method(4624816) method(4624912) method(4625600) method(4625712) method(4626832) method(4626912) method(4629824) method(4631120) method(4632368) method(4635104) method(4635168) method(4635472) method(4640072) method(4640283) method(4640816) method(4640928) method(4640976) method(4641024) method(4641104) method(4641232) method(4641392) method(4641840) method(4641936) method(4642960) method(4643376) method(4644992) method(4646928) method(4646976) method(4647088) method(4647632) method(4650816) method(4651040) method(4652832) method(4652848) method(4653008) method(4653168) method(4653328) method(4653936) method(4654320) method(4654768) method(4654800) method(4662496) method(4663099) method(4663584) method(4663966) method(4664549) method(4664852) method(4665056) method(4665088) method(4666064) method(4667056) method(4667088) method(4668496) method(4668560) method(4668672) method(4668800) method(4668880) method(4668944) method(4669024) method(4669120) method(4669168) method(4669232) method(4669360) method(4669440) method(4669552) method(4669600) method(4669648) method(4669760) method(4669808) method(4669856) method(4669968) method(4670016) method(4670896) method(4676976) method(4685952) method(4695648) method(4695744) method(4697312) method(4697360) method(4697456) method(4703136) method(4703408) method(4704688) method(4704768) method(4704896) method(4705168) method(4711616) method(4711824) method(4711904) method(4712128) method(4712912) method(4732112) method(4732160) method(4732176) method(4732644) method(4732866) method(4732973) method(4733760) method(4734082) method(4734137) method(4734572) method(4734772) method(4735024) method(4739808) method(4739824) method(4740624) method(4740816) method(4740928) method(4741760) method(4741808) method(4741936) method(4742032) method(4742128) method(4742160) method(4742192) method(4742224) method(4742256) method(4742288) method(4742320) method(4742352) method(4742384) method(4742416) method(4742448) method(4742480) method(4742512) method(4742544) method(4742576) method(4742608) method(4742640) method(4742672) method(4742704) method(4742736) method(4742768) method(4742800) method(4742832) method(4742864) method(4742896) method(4742976) method(4743056) method(4743136) method(4744416) method(4744464) method(4744720) method(4744864) method(4745024) method(4745744) method(4745792) method(4747477) method(4750058) method(4753824) method(4754896) method(4755584) method(4756496) method(4756608) method(4761152) method(4764240) method(4764400) method(4766352) method(4766512) method(4767136) method(4772560) method(4772867) method(4773211) method(4773424) method(4773680) method(4773968) method(4775120) method(4775295) method(4775440) method(4776912) method(4777648) method(4782784) method(4782928) method(4782976) method(4784464) method(4784512) method(4785440) method(4785488) method(4785520) method(4785589) method(4785721) method(4798624) method(4818496) method(4818592) method(4818928) method(4818976) method(4819024) method(4821312) method(4821536) method(4822128) method(4822144) method(4822368) method(4822752) method(4822962) method(4823056) method(4823136) method(4823411) method(4823504) method(4823696) method(4824400) method(4824448) method(4825440) method(4825584) method(4826432) method(4829440) method(4829760) method(4830992) method(4831152) method(4832016) method(4832336) method(4832896) method(4833696) method(4835152) method(4842176) method(4845456) method(4845696) method(4846048) method(4846512) method(4846608) method(4846960) method(4848112) method(4848544) method(4848960) method(4849184) method(4851024) method(4851616) method(4851648) method(4852064) method(4853424) method(4853872) method(4854560) method(4856800) method(4857200) method(4857904) method(4857984) method(4858064) method(4858128) method(4858192) method(4858240) method(4858272) method(4858304) method(4858336) method(4858368) method(4858496) method(4859056) method(4859088) method(4859168) method(4859312) method(4859504) method(4859536) method(4859568) method(4859600) method(4859632) method(4859664) method(4859696) method(4859728) method(4859760) method(4859792) method(4859824) method(4859856) method(4859888) method(4859920) method(4859952) method(4860016) method(4860048) method(4860080) method(4860416) method(4860448) method(4860512) method(4860576) method(4860640) method(4860880) method(4861152) method(4861200) method(4861584) method(4861888) method(4862768) method(4862800) method(4863200) method(4863680) method(4864032) method(4864080) method(4864112) method(4864144) method(4864192) method(4864304) method(4864368) method(4864448) method(4864496) method(4864528) method(4864560) method(4864608) method(4864640) method(4864688) method(4864720) method(4864768) method(4864800) method(4864848) method(4864912) method(4864976) method(4865152) method(4865232) method(4865312) method(4865392) method(4865472) method(4865552) method(4865632) method(4865808) method(4865984) method(4866176) method(4866304) method(4866528) method(4866656) method(4866768) method(4867040) method(4867312) method(4867360) method(4867744) method(4868064) method(4868464) method(4868496) method(4868528) method(4868704) method(4868832) method(4868864) method(4868928) method(4868960) method(4868992) method(4869056) method(4869248) method(4869280) method(4869360) method(4869424) method(4869504) method(4869632) method(4869696) method(4869760) method(4869840) method(4869936) method(4869968) method(4870016) method(4870096) method(4870320) method(4870400) method(4870496) method(4870592) method(4870704) method(4870784) method(4870864) method(4870976) method(4871024) method(4871056) method(4871104) method(4871136) method(4871184) method(4871216) method(4871264) method(4871312) method(4871360) method(4871408) method(4871456) method(4871504) method(4871552) method(4871600) method(4871648) method(4871680) method(4871728) method(4871760) method(4871808) method(4871840) method(4871984) method(4872016) method(4872272) method(4873008) method(4873312) method(4873984) method(4875024) method(4875104) method(4875152) method(4875920) method(4876192) method(4876368) method(4876592) method(4876704) method(4876768) method(4876848) method(4877152) method(4877200) method(4877456) method(4877888) method(4880384) method(4880400) method(4880496) method(4880576) method(4881136) method(4881200) method(4881248) method(4883504) method(4883664) method(4883936) method(4886192) method(4887792) method(4888464) method(4888880) method(4888960) method(4889184) method(4889280) method(4889440) method(4889600) method(4889728) method(4889760) method(4889888) method(4889920) method(4890992) method(4891040) method(4891136) method(4892256) method(4892304) method(4892416) method(4893504) method(4893584) method(4894960) method(4896528) method(4896656) method(4896704) method(4896752) method(4897760) method(4902242) method(4902320) method(4903264) method(4904960) method(4905952) method(4906112) method(4906832) method(4910464) method(4911024) method(4911440) method(4911888) method(4912064) method(4912320) method(4912736) method(4913152) method(4913328) method(4913376) method(4915712) method(4916192) method(4916240) method(4916288) method(4917328) method(4918640) method(4918960) method(4919024) method(4919104) method(4919216) method(4919268) method(4919274) method(4919280) method(4919286) method(4919292) method(4919298) method(4919304) method(4919310) method(4919316) method(4919322) method(4919328) method(4919334) method(4919340) method(4919346) method(4919352) method(4919358) method(4919364) method(4919370) method(4919376) method(4919382) method(4919388) method(4919394) method(4919400) method(4919406) method(4919412) method(4919418) method(4919424) method(4919430) method(4919436) method(4919442) method(4919448) method(4919454) method(4919460) method(4919466) method(4919472) method(4919478) method(4919484) method(4919490) method(4919496) method(4919502) method(4919508) method(4919514) method(4919520) method(4919526) method(4919532) method(4919538) method(4919544) method(4919550) method(4919556) method(4919562) method(4919568) method(4919574) method(4919580) method(4919586) method(4919592) method(4919598) method(4919604) method(4919610) method(4919616) method(4919622) method(4919628) method(4919634) method(4919640) method(4919646) method(4919652) method(4919658) method(4919664) method(4919670) method(4919676) method(4919682) method(4919688) method(4919694) method(4919700) method(4919706) method(4919712) method(4919718) method(4919724) method(4919730) method(4919736) method(4919742) method(4919748) method(4919754) method(4919760) method(4919766) method(4919772) method(4922701) method(4922984) method(4923032) method(4923102) method(4923182) method(4923240) method(4923288) method(4923358) method(4923438) method(4923496) method(4923555) method(4923619) method(4923683) method(4923747) method(4923806) method(4923875) method(4923939) method(4924003) method(4924056) method(4924110) method(4924176) method(4924232) method(4924286) method(4924344) method(4924398) method(4924489) method(4924585) method(4924654) method(4924718) method(4924787) method(4924851) method(4924910) method(4924976) method(4925032) method(4925156) method(4925238) method(4925310) method(4925368) method(4925435) method(4925496) method(4925544) method(4925623) method(4925719) method(4925815) method(4925880) method(4925920) method(4925976) method(4926024) method(4926064) method(4926078) method(4926136) method(4930352) method(4440938) method(4564240) method(4449840) method(4450096) method(4481344) method(4481520) method(4509488) method(4510096) method(4510208) method(4511648) method(4512112) method(4512256) method(4512624) method(4514112) method(4514688) method(4515440) method(4526800) method(4527280) method(4527616) method(4527952) method(4528352) method(4528400) method(4528448) method(4528496) method(4528544) method(4528912) method(4528960) method(4529152) method(4529744) method(4529888) method(4529920) method(4531120) method(4531232) method(4531504) method(4531568) method(4531760) method(4533680) method(4533904) method(4533952) method(4534288) method(4534320) method(4534480) method(4536048) method(4536080) method(4536736) method(4537168) method(4538976) method(4539472) method(4540064) method(4540736) method(4541408) method(4541856) method(4542832) method(4543440) method(4543600) method(4543936) method(4543984) method(4544032) method(4544080) method(4544128) method(4544176) method(4544240) method(4544288) method(4544848) method(4544896) method(4544944) method(4545888) method(4546128) method(4546160) method(4546480) method(4546528) method(4546864) method(4547489) method(4548048) method(4548272) method(4548497) method(4548608) method(4548928) method(4549802) method(4550064) method(4550553) method(4550720) method(4550752) method(4550960) method(4554720) method(4554800) method(4555437) method(4555648) method(4555712) method(4555776) method(4555824) method(4555888) method(4556368) method(4556432) method(4556544) method(4556816) method(4557024) method(4557056) method(4557088) method(4557120) method(4557152) method(4557200) method(4557616) method(4558046) method(4558688) method(4558992) method(4559536) method(4559616) method(4559696) method(4559776) method(4559984) method(4560080) method(4560608) method(4560768) method(4560832) method(4560896) method(4561008) method(4563472) method(4563504) method(4564032) method(4564416) method(4564800) method(4565069) method(4565184) method(4567056) method(4567104) method(4567152) method(4567347) method(4567440) method(4568336) method(4568667) method(4568800) method(4569088) method(4569232) method(4569376) method(4569935) method(4570128) method(4570687) method(4570880) method(4570944) method(4571376) method(4571440) method(4571504) method(4571712) method(4571744) method(4571792) method(4572176) method(4572208) method(4572320) method(4575600) method(4575824) method(4576048) method(4576272) method(4576512) method(4576736) method(4576960) method(4577200) method(4577440) method(4577680) method(4577904) method(4578096) method(4578240) method(4580848) method(4581280) method(4581456) method(4587472) method(4587680) method(4587760) method(4588336) method(4589232) method(4589296) method(4589456) method(4589520) method(4589680) method(4589728) method(4589776) method(4590784) method(4590864) method(4590912) method(4592192) method(4592960) method(4593207) method(4593312) method(4593360) method(4593408) method(4593456) method(4593504) method(4593552) method(4593600) method(4593712) method(4594768) method(4595088) method(4595616) method(4596147) method(4596288) method(4596368) method(4596736) method(4596976) method(4597392) method(4597712) method(4597888) method(4598000) method(4599008) method(4599088) method(4599136) method(4600464) method(4600896) method(4601536) method(4601936) method(4605776) method(4608192) method(4608832) method(4608944) method(4609312) method(4609552) method(4609600) method(4610256) method(4610448) method(4610960) method(4611408) method(4611456) method(4611504) method(4611552) method(4611600) method(4612352) method(4612577) method(4612688) method(4615216) method(4615568) method(4616060) method(4616496) method(4616672) method(4616788) method(4616864) method(4616976) method(4617216) method(4617248) method(4617575) method(4617776) method(4620992) method(4623424) method(4624330) method(4624848) method(4624880) method(4626960) method(4627056) method(4628272) method(4628320) method(4633296) method(4633644) method(4633776) method(4633840) method(4633904) method(4633952) method(4634016) method(4634064) method(4634750) method(4634976) method(4635232) method(4635504) method(4636256) method(4636352) method(4636448) method(4637216) method(4637264) method(4638448) method(4638496) method(4638592) method(4638688) method(4639319) method(4639520) method(4639568) method(4639616) method(4639664) method(4639712) method(4639760) method(4639808) method(4640192) method(4640352) method(4640768) method(4641744) method(4642992) method(4643152) method(4643200) method(4643408) method(4644080) method(4645024) method(4645456) method(4647136) method(4647856) method(4648016) method(4648317) method(4648496) method(4648736) method(4649208) method(4649552) method(4649696) method(4650480) method(4651136) method(4651168) method(4651792) method(4652176) method(4652352) method(4653504) method(4653744) method(4654048) method(4654416) method(4654496) method(4654528) method(4655200) method(4655312) method(4655360) method(4655920) method(4657056) method(4657104) method(4659616) method(4659648) method(4659696) method(4660224) method(4660976) method(4661024) method(4661728) method(4661776) method(4662016) method(4662080) method(4662144) method(4662864) method(4663200) method(4663728) method(4664064) method(4664144) method(4664704) method(4664928) method(4665376) method(4665424) method(4666176) method(4666704) method(4668176) method(4670064) method(4670686) method(4675792) method(4676288) method(4676799) method(4677248) method(4678128) method(4685648) method(4685984) method(4686064) method(4686176) method(4686224) method(4686320) method(4695008) method(4695312) method(4695392) method(4695504) method(4695552) method(4697504) method(4697600) method(4699248) method(4699296) method(4699392) method(4699440) method(4699712) method(4705024) method(4731600) method(4731808) method(4731888) method(4732192) method(4732528) method(4732720) method(4733120) method(4733152) method(4733856) method(4733888) method(4734240) method(4734256) method(4735104) method(4736368) method(4738016) method(4738960) method(4739984) method(4743216) method(4743456) method(4744624) method(4745040) method(4745440) method(4745808) method(4747839) method(4748416) method(4750711) method(4751360) method(4752000) method(4752064) method(4752128) method(4752192) method(4752256) method(4752320) method(4752384) method(4752448) method(4752496) method(4752544) method(4752592) method(4752640) method(4753520) method(4754384) method(4756944) method(4757248) method(4763216) method(4764624) method(4767040) method(4767152) method(4767248) method(4767760) method(4767808) method(4768080) method(4768128) method(4768176) method(4768224) method(4768272) method(4768783) method(4768960) method(4774416) method(4774851) method(4775504) method(4776005) method(4776176) method(4776432) method(4776690) method(4777371) method(4785888) method(4791232) method(4791360) method(4791440) method(4791664) method(4792006) method(4792144) method(4792192) method(4792240) method(4792288) method(4792336) method(4792384) method(4792432) method(4798192) method(4798320) method(4798400) method(4799408) method(4816768) method(4816896) method(4816976) method(4817200) method(4817232) method(4819072) method(4819360) method(4819696) method(4819728) method(4820064) method(4820096) method(4820432) method(4820464) method(4821968) method(4822784) method(4823232) method(4872820) method(4874032) method(4874231) method(4874336) method(4878112) method(4879936) method(4880032) method(4880096) method(4880192) method(4880288) method(4885168) method(4886016) method(4886432) method(4887952) method(4888560) method(4893632) method(4893728) method(4894912) method(4897808) method(4898432) method(4898480) method(4898528) method(4898800) method(4898848) method(4898896) method(4898944) method(4898992) method(4900176) method(4902144) method(4902432) method(4903064) method(4904096) method(4904144) method(4904762) method(4905728) method(4907328) method(4907537) method(4907648) method(4908592) method(4908624) method(4908672) method(4909840) method(4909888) method(4909936) method(4909984) method(4910064) method(4910160) method(4910256) method(4910512) method(4910736) method(4910912) method(4912112) method(4912160) method(4915184) method(4915856) method(4916416) method(4921824) method(4921832) method(4921843) method(4921854) method(4921865) method(4921876) method(4921887) method(4921898) method(4921909) method(4921920) method(4921931) method(4921942) method(4921953) method(4921964) method(4921975) method(4921986) method(4921997) method(4922008) method(4922019) method(4922030) method(4922041) method(4922052) method(4922063) method(4922074) method(4922085) method(4922096) method(4922107) method(4922118) method(4922129) method(4922140) method(4922151) method(4922162) method(4922173) method(4922184) method(4922195) method(4922206) method(4922217) method(4922228) method(4922239) method(4922250) method(4922261) method(4922272) method(4922283) method(4922294) method(4922305) method(4922316) method(4922327) method(4922338) method(4922349) method(4922360) method(4922371) method(4922382) method(4922393) method(4922404) method(4922415) method(4922426) method(4922437) method(4922448) method(4922459) method(4922470) method(4922481) method(4922492) method(4922503) method(4922514) method(4922525) method(4922536) method(4922547) method(4922558) method(4922569) method(4922580) method(4922591) method(4922602) method(4922613) method(4922624) method(4922635) method(4922646) method(4922657) method(4922668) method(4922679) method(4922690) method(4922976) method(4923024) method(4923072) method(4923080) method(4923091) method(4923152) method(4923160) method(4923171) method(4923232) method(4923280) method(4923328) method(4923336) method(4923347) method(4923408) method(4923416) method(4923427) method(4923488) method(4923536) method(4923544) method(4923600) method(4923608) method(4923664) method(4923672) method(4923728) method(4923736) method(4923792) method(4923856) method(4923864) method(4923920) method(4923928) method(4923984) method(4923992) method(4924048) method(4924096) method(4924160) method(4924168) method(4924224) method(4924272) method(4924336) method(4924384) method(4924448) method(4924456) method(4924467) method(4924478) method(4924544) method(4924552) method(4924563) method(4924574) method(4924640) method(4924704) method(4924768) method(4924776) method(4924832) method(4924840) method(4924896) method(4924960) method(4924968) method(4925024) method(4925072) method(4925086) method(4925100) method(4925114) method(4925128) method(4925142) method(4925216) method(4925224) method(4925296) method(4925360) method(4925408) method(4925416) method(4925424) method(4925488) method(4925536) method(4925584) method(4925592) method(4925680) method(4925688) method(4925776) method(4925784) method(4925872) method(4925968) method(4926016) method(4926128) method(5046624) constructor(4475568) constructor(4493184) constructor(4499152) constructor(4501088) constructor(4501376) constructor(4510320) constructor(4527120) constructor(4476992) constructor(4478320) constructor(4478752) constructor(4541488) constructor(4563104) constructor(4563152) constructor(4564752) constructor(4646928) constructor(4668800) constructor(4669440) constructor(4669552) constructor(4669648) constructor(4669760) constructor(4669856) constructor(4669968) constructor(4823056) constructor(4823504) constructor(4860416) constructor(4861584) constructor(4861888) constructor(4862800) constructor(4863200) constructor(4863680) constructor(4864560) constructor(4868496) constructor(4869840) constructor(4888960) realDestructor(4474720) realDestructor(4473984) realDestructor(4475472) realDestructor(4475056) realDestructor(4476320) realDestructor(4476096) realDestructor(4477184) realDestructor(4477088) realDestructor(4493824) realDestructor(4493568) realDestructor(4477712) realDestructor(4479792) realDestructor(4481056) realDestructor(4480048) realDestructor(4483376) realDestructor(4482544) realDestructor(4483088) realDestructor(4482800) realDestructor(4489520) realDestructor(4489184) realDestructor(4488704) realDestructor(4503584) realDestructor(4562688) realDestructor(4564640) realDestructor(4564576) realDestructor(4647088) realDestructor(4646976) realDestructor(4669120) realDestructor(4668944) realDestructor(4668880) realDestructor(4668672) realDestructor(4669600) realDestructor(4669808) realDestructor(4670016) realDestructor(4868832) realDestructor(4868864) realDestructor(4869056) realDestructor(4870320) realDestructor(4869504) vfTable(4948404) vfTable(4948492) vfTable(4948580) vfTable(4948676) vfTable(4948764) vfTable(4948856) vfTable(4948904) vfTable(4949108) vfTable(4949196) vfTable(4949788) vfTable(4950228) vfTable(4965320) vfTable(4965452) vfTable(4986108) vfTable(4988484) vfTable(4988524) vfTable(4988540) vfTable(4988556) vfTable(5034736) vfTable(5011772) vfTable(5011788) vfTable(5011804) vfTable(5011836) vfTable(5011860) vfTable(5011820) classCallsMethod(4527120,4471696) classCallsMethod(4470816,4471696) classCallsMethod(4471696,4471856) classCallsMethod(4470976,4472080) classCallsMethod(4474944,4474720) classCallsMethod(4475056,4475248) classCallsMethod(4475984,4475472) classCallsMethod(4476880,4476320) classCallsMethod(4477600,4477088) classCallsMethod(4478640,4477712) classCallsMethod(4480944,4481136) classCallsMethod(4489520,4483376) classCallsMethod(4483264,4483376) classCallsMethod(4477712,4483376) classCallsMethod(4477088,4483376) classCallsMethod(4476320,4483376) classCallsMethod(4475472,4483376) classCallsMethod(4474720,4483376) classCallsMethod(4502992,4483712) classCallsMethod(4502272,4483712) classCallsMethod(4500576,4483712) classCallsMethod(4499648,4483712) classCallsMethod(4496000,4483712) classCallsMethod(4492144,4483712) classCallsMethod(4520896,4484096) classCallsMethod(4515824,4484096) classCallsMethod(4484704,4484096) classCallsMethod(4473104,4486784) classCallsMethod(4489072,4489520) classCallsMethod(4489520,4489712) classCallsMethod(4489424,4489712) classCallsMethod(4498736,4491136) classCallsMethod(4498528,4491136) classCallsMethod(4492752,4492144) classCallsMethod(4515824,4493424) classCallsMethod(4493568,4493424) classCallsMethod(4493184,4493424) classCallsMethod(4494144,4494352) classCallsMethod(4494352,4494784) classCallsMethod(4494256,4495616) classCallsMethod(4495616,4495776) classCallsMethod(4496288,4496000) classCallsMethod(4503824,4497392) classCallsMethod(4499856,4499648) classCallsMethod(4500800,4500576) classCallsMethod(4502544,4502272) classCallsMethod(4503200,4502992) classCallsMethod(4504224,4504032) classCallsMethod(4503920,4504032) classCallsMethod(4504976,4504400) classCallsMethod(4508992,4507648) classCallsMethod(4508832,4507648) classCallsMethod(4508688,4507648) classCallsMethod(4508112,4507648) classCallsMethod(4507888,4507648) classCallsMethod(4507040,4507648) classCallsMethod(4508992,4507792) classCallsMethod(4508832,4507792) classCallsMethod(4508688,4507792) classCallsMethod(4508112,4507792) classCallsMethod(4507888,4507792) classCallsMethod(4507040,4507792) classCallsMethod(4515824,4517120) classCallsMethod(4494784,4517120) classCallsMethod(4494352,4517120) classCallsMethod(4520896,4517392) classCallsMethod(4515824,4517392) classCallsMethod(4518704,4520896) classCallsMethod(4526528,4525568) classCallsMethod(4471168,4526048) classCallsMethod(4471056,4526048) classCallsMethod(4482304,4526528) classCallsMethod(4471392,4526528) classCallsMethod(4471280,4526528) classCallsMethod(4562736,4562688) classCallsMethod(4498080,4471504) classCallsMethod(4525568,4471568) classCallsMethod(4527120,4471632) classCallsMethod(4526528,4471632) classCallsMethod(4525568,4471632) classCallsMethod(4498080,4471632) classCallsMethod(4482400,4471632) classCallsMethod(4470816,4471632) classCallsMethod(4527120,4471792) classCallsMethod(4526048,4471792) classCallsMethod(4470816,4471792) classCallsMethod(4494256,4472688) classCallsMethod(4494144,4472688) classCallsMethod(4492752,4472688) classCallsMethod(4477888,4473600) classCallsMethod(4494784,4477968) classCallsMethod(4478832,4478912) classCallsMethod(4478976,4479056) classCallsMethod(4479248,4479328) classCallsMethod(4479520,4479600) classCallsMethod(4481136,4480048) classCallsMethod(4480624,4480048) classCallsMethod(4479792,4481056) classCallsMethod(4501376,4482544) classCallsMethod(4501088,4482544) classCallsMethod(4499152,4482544) classCallsMethod(4493824,4482544) classCallsMethod(4493568,4482544) classCallsMethod(4493184,4482544) classCallsMethod(4489184,4482544) classCallsMethod(4488704,4482544) classCallsMethod(4477184,4482544) classCallsMethod(4476992,4482544) classCallsMethod(4476096,4482544) classCallsMethod(4475568,4482544) classCallsMethod(4475056,4482544) classCallsMethod(4473984,4482544) classCallsMethod(4503584,4482800) classCallsMethod(4482544,4482800) classCallsMethod(4516944,4482912) classCallsMethod(4482912,4483008) classCallsMethod(4504032,4483088) classCallsMethod(4483376,4483088) classCallsMethod(4483152,4483088) classCallsMethod(4501616,4483856) classCallsMethod(4499344,4483856) classCallsMethod(4494784,4483856) classCallsMethod(4494048,4483856) classCallsMethod(4489712,4483856) classCallsMethod(4524304,4484624) classCallsMethod(4523584,4484624) classCallsMethod(4522208,4484624) classCallsMethod(4521792,4484624) classCallsMethod(4520896,4484624) classCallsMethod(4518704,4484624) classCallsMethod(4485648,4484624) classCallsMethod(4485280,4484624) classCallsMethod(4484912,4484624) classCallsMethod(4484704,4484624) classCallsMethod(4484096,4484624) classCallsMethod(4487968,4486464) classCallsMethod(4487072,4486464) classCallsMethod(4472848,4486464) classCallsMethod(4473008,4486624) classCallsMethod(4496784,4486944) classCallsMethod(4496560,4486944) classCallsMethod(4493040,4486944) classCallsMethod(4492496,4486944) classCallsMethod(4487792,4486944) classCallsMethod(4486784,4486944) classCallsMethod(4488160,4487008) classCallsMethod(4488336,4487248) classCallsMethod(4473424,4487248) classCallsMethod(4473264,4487408) classCallsMethod(4473600,4487792) classCallsMethod(4473680,4487968) classCallsMethod(4473520,4488160) classCallsMethod(4506816,4488336) classCallsMethod(4484624,4488528) classCallsMethod(4497984,4498080) classCallsMethod(4503472,4503584) classCallsMethod(4504976,4504816) classCallsMethod(4504400,4504816) classCallsMethod(4515824,4516816) classCallsMethod(4526528,4525888) classCallsMethod(4526048,4525888) classCallsMethod(4525568,4525888) classCallsMethod(4526048,4525952) classCallsMethod(4525568,4525952) classCallsMethod(4526528,4526432) classCallsMethod(4526048,4526432) classCallsMethod(4526528,4526720) classCallsMethod(4564688,4564640) classCallsMethod(4647024,4646976) classCallsMethod(4669648,4668800) classCallsMethod(4669440,4668800) classCallsMethod(4646928,4668800) classCallsMethod(4564576,4668880) classCallsMethod(4669760,4668944) classCallsMethod(4669552,4668944) classCallsMethod(4647088,4668944) classCallsMethod(4564752,4668944) classCallsMethod(4668944,4669024) classCallsMethod(4669808,4669120) classCallsMethod(4669600,4669120) classCallsMethod(4668736,4669120) classCallsMethod(4646976,4669120) classCallsMethod(4564640,4669120) classCallsMethod(4669024,4669232) classCallsMethod(4668800,4669232) classCallsMethod(4669120,4669360) classCallsMethod(4669024,4669360) classCallsMethod(4669488,4669600) classCallsMethod(4669856,4669648) classCallsMethod(4669968,4669760) classCallsMethod(4670016,4669808) classCallsMethod(4669696,4669808) classCallsMethod(4669904,4670016) classCallsMethod(4866528,4864032) classCallsMethod(4866304,4864032) classCallsMethod(4866176,4864032) classCallsMethod(4865984,4864032) classCallsMethod(4865808,4864032) classCallsMethod(4866528,4864080) classCallsMethod(4866304,4864080) classCallsMethod(4866176,4864080) classCallsMethod(4865984,4864080) classCallsMethod(4865808,4864080) classCallsMethod(4865152,4864080) classCallsMethod(4864976,4864080) classCallsMethod(4864912,4864080) classCallsMethod(4864848,4864080) classCallsMethod(4864368,4864080) classCallsMethod(4864304,4864080) classCallsMethod(4864224,4864080) classCallsMethod(4866656,4864112) classCallsMethod(4861888,4864112) classCallsMethod(4864976,4864848) classCallsMethod(4824400,4864976) classCallsMethod(4864976,4865152) classCallsMethod(4866528,4865632) classCallsMethod(4866304,4865632) classCallsMethod(4866176,4865632) classCallsMethod(4865984,4865632) classCallsMethod(4865808,4865632) classCallsMethod(4866304,4866528) classCallsMethod(4866176,4866528) classCallsMethod(4865808,4866768) classCallsMethod(4865984,4867040) classCallsMethod(4866176,4867312) classCallsMethod(4866304,4867360) classCallsMethod(4868064,4867744) classCallsMethod(4866528,4867744) classCallsMethod(4867040,4868064) classCallsMethod(4866768,4868064) classCallsMethod(4863200,4868064) classCallsMethod(4862800,4868064) classCallsMethod(4861888,4868064) classCallsMethod(4861584,4868064) classCallsMethod(4860880,4868064) classCallsMethod(4868528,4868464) classCallsMethod(4823504,4868496) classCallsMethod(4870320,4868832) classCallsMethod(4869840,4868832) classCallsMethod(4869504,4868832) classCallsMethod(4869056,4868832) classCallsMethod(4868864,4868832) classCallsMethod(4948404,4474944) classCallsMethod(4948492,4475984) classCallsMethod(4948580,4476880) classCallsMethod(4948676,4477600) classCallsMethod(4948764,4478640) classCallsMethod(4948904,4480624) classCallsMethod(4948856,4480944) classCallsMethod(4949196,4483152) classCallsMethod(4949108,4483264) classCallsMethod(4949788,4489072) classCallsMethod(4949788,4491232) classCallsMethod(4949788,4492752) classCallsMethod(4948764,4496288) classCallsMethod(4948764,4496560) classCallsMethod(4948404,4499440) classCallsMethod(4948404,4499856) classCallsMethod(4948492,4500128) classCallsMethod(4948492,4500800) classCallsMethod(4948580,4501712) classCallsMethod(4948580,4502544) classCallsMethod(4948676,4502816) classCallsMethod(4948676,4503200) classCallsMethod(4950228,4503824) classCallsMethod(4950228,4503920) classCallsMethod(4948856,4507040) classCallsMethod(4948856,4507888) classCallsMethod(4948764,4515824) classCallsMethod(4949788,4518704) classCallsMethod(4948676,4521792) classCallsMethod(4948404,4522208) classCallsMethod(4950228,4522672) classCallsMethod(4948492,4523584) classCallsMethod(4948580,4524304) classCallsMethod(4965320,4562736) classCallsMethod(4965452,4564688) classCallsMethod(4986108,4647024) classCallsMethod(4988484,4668736) classCallsMethod(4988524,4669488) classCallsMethod(4988540,4669696) classCallsMethod(4988556,4669904) classCallsMethod(4949788,4474080) classCallsMethod(4949108,4474080) classCallsMethod(4948676,4474080) classCallsMethod(4948580,4474080) classCallsMethod(4948492,4474080) classCallsMethod(4948404,4474080) classCallsMethod(4949108,4474144) classCallsMethod(4948764,4474144) classCallsMethod(4948676,4474144) classCallsMethod(4948580,4474144) classCallsMethod(4948492,4474144) classCallsMethod(4948404,4474144) classCallsMethod(4949788,4474208) classCallsMethod(4949108,4474208) classCallsMethod(4948764,4474208) classCallsMethod(4948580,4474208) classCallsMethod(4948492,4474208) classCallsMethod(4948404,4474208) classCallsMethod(4949788,4474272) classCallsMethod(4949108,4474272) classCallsMethod(4948764,4474272) classCallsMethod(4948676,4474272) classCallsMethod(4948580,4474272) classCallsMethod(4948404,4474272) classCallsMethod(4949788,4474336) classCallsMethod(4949108,4474336) classCallsMethod(4948764,4474336) classCallsMethod(4948676,4474336) classCallsMethod(4948492,4474336) classCallsMethod(4948404,4474336) classCallsMethod(4949788,4474400) classCallsMethod(4949108,4474400) classCallsMethod(4948676,4474400) classCallsMethod(4948580,4474400) classCallsMethod(4948492,4474400) classCallsMethod(4948404,4474400) classCallsMethod(4949108,4474464) classCallsMethod(4948764,4474464) classCallsMethod(4948676,4474464) classCallsMethod(4948580,4474464) classCallsMethod(4948492,4474464) classCallsMethod(4948404,4474464) classCallsMethod(4949788,4474528) classCallsMethod(4949108,4474528) classCallsMethod(4948764,4474528) classCallsMethod(4948580,4474528) classCallsMethod(4948492,4474528) classCallsMethod(4948404,4474528) classCallsMethod(4949788,4474592) classCallsMethod(4949108,4474592) classCallsMethod(4948764,4474592) classCallsMethod(4948676,4474592) classCallsMethod(4948580,4474592) classCallsMethod(4948404,4474592) classCallsMethod(4949788,4474656) classCallsMethod(4949108,4474656) classCallsMethod(4948764,4474656) classCallsMethod(4948676,4474656) classCallsMethod(4948492,4474656) classCallsMethod(4948404,4474656) classCallsMethod(4948404,4474816) classCallsMethod(4948404,4474880) classCallsMethod(4949788,4475344) classCallsMethod(4949108,4475344) classCallsMethod(4948764,4475344) classCallsMethod(4948676,4475344) classCallsMethod(4948580,4475344) classCallsMethod(4948492,4475344) classCallsMethod(4949788,4475408) classCallsMethod(4949108,4475408) classCallsMethod(4948764,4475408) classCallsMethod(4948676,4475408) classCallsMethod(4948580,4475408) classCallsMethod(4948492,4475408) classCallsMethod(4948492,4475856) classCallsMethod(4948492,4475920) classCallsMethod(4948580,4476640) classCallsMethod(4948580,4476752) classCallsMethod(4948580,4476816) classCallsMethod(4948676,4477472) classCallsMethod(4948676,4477536) classCallsMethod(4948764,4478512) classCallsMethod(4948764,4478576) classCallsMethod(4948904,4480240) classCallsMethod(4949788,4488944) classCallsMethod(4949788,4489008) classCallsMethod(4949788,4492496) classCallsMethod(4948764,4496784) classCallsMethod(4948404,4499744) classCallsMethod(4948492,4500688) classCallsMethod(4948580,4502432) classCallsMethod(4948676,4503088) classCallsMethod(4948856,4506912) classCallsMethod(4988556,4669168) classCallsMethod(4988540,4669168) classCallsMethod(4988524,4669168) classCallsMethod(4988484,4669168) classCallsMethod(4986108,4669168) classCallsMethod(4965452,4669168) classCallsMethod(5034736,5046624) classCallsMethod(5011788,4868992) classCallsMethod(5011788,4868960) classCallsMethod(5011788,4868928) classCallsMethod(5011804,4869360) classCallsMethod(5011804,4869280) classCallsMethod(5011804,4869248) classCallsMethod(5011836,4870016) classCallsMethod(5011836,4869968) classCallsMethod(5011836,4869936) classCallsMethod(5011860,4870592) classCallsMethod(5011860,4870496) classCallsMethod(5011860,4870400) classCallsMethod(5011820,4869760) classCallsMethod(5011820,4869696) classCallsMethod(5011820,4869632) vfTableWrite(4669880,4669856,0,4988556) vfTableWrite(4669992,4669968,0,4988556) vfTableWrite(4670028,4670016,0,4988556) vfTableWrite(4669672,4669648,0,4988540) vfTableWrite(4669784,4669760,0,4988540) vfTableWrite(4669820,4669808,0,4988540) vfTableWrite(4669464,4669440,0,4988524) vfTableWrite(4669576,4669552,0,4988524) vfTableWrite(4669612,4669600,0,4988524) vfTableWrite(4668684,4668672,0,4988484) vfTableWrite(4668812,4668800,0,4988484) vfTableWrite(4668892,4668880,0,4988484) vfTableWrite(4668956,4668944,0,4988484) vfTableWrite(4669132,4669120,0,4988484) vfTableWrite(4646952,4646928,0,4986108) vfTableWrite(4646988,4646976,0,4986108) vfTableWrite(4647112,4647088,0,4986108) vfTableWrite(4564611,4564576,0,4965452) vfTableWrite(4564652,4564640,0,4965452) vfTableWrite(4564776,4564752,0,4965452) vfTableWrite(4562700,4562688,0,4965320) vfTableWrite(4563116,4563104,0,4965320) vfTableWrite(4503668,4503584,0,4950228) vfTableWrite(4488790,4488704,0,4949788) vfTableWrite(4489270,4489184,0,4949788) vfTableWrite(4489589,4489520,0,4949788) vfTableWrite(4482838,4482800,0,4949196) vfTableWrite(4483126,4483088,0,4949196) vfTableWrite(4482628,4482544,0,4949108) vfTableWrite(4483445,4483376,0,4949108) vfTableWrite(4480086,4480048,0,4948904) vfTableWrite(4481094,4481056,0,4948904) vfTableWrite(4479876,4479792,0,4948856) vfTableWrite(4477781,4477712,0,4948764) vfTableWrite(4493270,4493184,0,4948764) vfTableWrite(4493654,4493568,0,4948764) vfTableWrite(4493910,4493824,0,4948764) vfTableWrite(4477040,4476992,0,4948676) vfTableWrite(4477126,4477088,0,4948676) vfTableWrite(4477270,4477184,0,4948676) vfTableWrite(4476182,4476096,0,4948580) vfTableWrite(4476389,4476320,0,4948580) vfTableWrite(4501174,4501088,0,4948580) vfTableWrite(4501462,4501376,0,4948580) vfTableWrite(4475142,4475056,0,4948492) vfTableWrite(4475510,4475472,0,4948492) vfTableWrite(4475654,4475568,0,4948492) vfTableWrite(4474032,4473984,0,4948404) vfTableWrite(4474758,4474720,0,4948404) vfTableWrite(4499238,4499152,0,4948404) vfTableWrite(4869526,4869504,0,5011820) vfTableWrite(4870340,4870320,0,5011860) vfTableWrite(4869860,4869840,0,5011836) vfTableWrite(4869078,4869056,0,5011804) vfTableWrite(4868884,4868864,0,5011788) vfTableWrite(4868844,4868832,0,5011772) vfTableWrite(4556147,4555952,0,5034736) vfTableEntry(4949108,4,4440913) vfTableEntry(4949196,4,4440913) vfTableEntry(4949108,8,4440913) vfTableEntry(4949196,8,4440913) vfTableEntry(4949108,60,4440913) vfTableEntry(4949108,64,4440913) vfTableEntry(4965452,4,4442598) vfTableEntry(4986108,4,4442598) vfTableEntry(4988484,4,4442598) vfTableEntry(4988524,4,4442598) vfTableEntry(4988540,4,4442598) vfTableEntry(4988556,4,4442598) vfTableEntry(4948856,8,4437583) vfTableEntry(4948676,64,4440413) vfTableEntry(4948580,64,4440578) vfTableEntry(4948492,64,4436538) vfTableEntry(4948404,64,4436873) vfTableEntry(4948764,64,4436443) vfTableEntry(4949788,64,4436098) vfTableEntry(4949788,20,4437403) vfTableEntry(4949788,24,4437418) vfTableEntry(4948904,4,4438698) vfTableEntry(4948764,12,4441893) vfTableEntry(4948764,16,4437313) vfTableEntry(4948676,36,4442718) vfTableEntry(4948676,40,4438118) vfTableEntry(4948580,52,4441473) vfTableEntry(4948580,56,4441478) vfTableEntry(4948580,4,4439508) vfTableEntry(4948492,44,4439528) vfTableEntry(4948492,48,4439398) vfTableEntry(4948492,28,4437168) vfTableEntry(4948580,28,4437168) vfTableEntry(4948676,28,4437168) vfTableEntry(4948764,28,4437168) vfTableEntry(4949108,28,4437168) vfTableEntry(4949788,28,4437168) vfTableEntry(4948492,32,4437008) vfTableEntry(4948580,32,4437008) vfTableEntry(4948676,32,4437008) vfTableEntry(4948764,32,4437008) vfTableEntry(4949108,32,4437008) vfTableEntry(4949788,32,4437008) vfTableEntry(4948404,28,4437918) vfTableEntry(4948404,32,4441438) vfTableEntry(4948404,52,4440958) vfTableEntry(4948492,52,4440958) vfTableEntry(4948676,52,4440958) vfTableEntry(4948764,52,4440958) vfTableEntry(4949108,52,4440958) vfTableEntry(4949788,52,4440958) vfTableEntry(4948404,44,4436303) vfTableEntry(4948580,44,4436303) vfTableEntry(4948676,44,4436303) vfTableEntry(4948764,44,4436303) vfTableEntry(4949108,44,4436303) vfTableEntry(4949788,44,4436303) vfTableEntry(4948404,36,4438133) vfTableEntry(4948492,36,4438133) vfTableEntry(4948580,36,4438133) vfTableEntry(4948764,36,4438133) vfTableEntry(4949108,36,4438133) vfTableEntry(4949788,36,4438133) vfTableEntry(4948404,20,4439868) vfTableEntry(4948492,20,4439868) vfTableEntry(4948580,20,4439868) vfTableEntry(4948676,20,4439868) vfTableEntry(4948764,20,4439868) vfTableEntry(4949108,20,4439868) vfTableEntry(4948404,12,4438213) vfTableEntry(4948492,12,4438213) vfTableEntry(4948580,12,4438213) vfTableEntry(4948676,12,4438213) vfTableEntry(4949108,12,4438213) vfTableEntry(4949788,12,4438213) vfTableEntry(4948404,56,4437718) vfTableEntry(4948492,56,4437718) vfTableEntry(4948676,56,4437718) vfTableEntry(4948764,56,4437718) vfTableEntry(4949108,56,4437718) vfTableEntry(4949788,56,4437718) vfTableEntry(4948404,48,4442248) vfTableEntry(4948580,48,4442248) vfTableEntry(4948676,48,4442248) vfTableEntry(4948764,48,4442248) vfTableEntry(4949108,48,4442248) vfTableEntry(4949788,48,4442248) vfTableEntry(4948404,40,4436648) vfTableEntry(4948492,40,4436648) vfTableEntry(4948580,40,4436648) vfTableEntry(4948764,40,4436648) vfTableEntry(4949108,40,4436648) vfTableEntry(4949788,40,4436648) vfTableEntry(4948404,24,4441983) vfTableEntry(4948492,24,4441983) vfTableEntry(4948580,24,4441983) vfTableEntry(4948676,24,4441983) vfTableEntry(4948764,24,4441983) vfTableEntry(4949108,24,4441983) vfTableEntry(4948404,16,4440828) vfTableEntry(4948492,16,4440828) vfTableEntry(4948580,16,4440828) vfTableEntry(4948676,16,4440828) vfTableEntry(4949108,16,4440828) vfTableEntry(4949788,16,4440828) vfTableEntry(4988556,0,4436983) vfTableEntry(4988540,0,4437063) vfTableEntry(4988524,0,4439313) vfTableEntry(4988484,0,4439898) vfTableEntry(4986108,0,4439623) vfTableEntry(4965452,0,4437278) vfTableEntry(4965320,0,4438723) vfTableEntry(4948580,8,4438148) vfTableEntry(4948492,8,4441273) vfTableEntry(4950228,8,4436418) vfTableEntry(4948404,8,4437368) vfTableEntry(4948676,8,4437913) vfTableEntry(4949788,8,4437363) vfTableEntry(4948764,8,4437158) vfTableEntry(4948856,12,4439098) vfTableEntry(4948856,4,4437968) vfTableEntry(4950228,0,4441848) vfTableEntry(4950228,4,4439198) vfTableEntry(4948676,60,4439503) vfTableEntry(4948676,4,4436283) vfTableEntry(4948580,60,4440668) vfTableEntry(4948580,68,4439003) vfTableEntry(4948492,60,4437998) vfTableEntry(4948492,4,4436178) vfTableEntry(4948404,60,4437888) vfTableEntry(4948404,4,4441868) vfTableEntry(4948764,4,4441203) vfTableEntry(4948764,60,4439483) vfTableEntry(4949788,60,4437568) vfTableEntry(4949788,4,4438733) vfTableEntry(4949788,0,4436473) vfTableEntry(4949108,0,4437438) vfTableEntry(4949196,0,4440078) vfTableEntry(4948856,0,4441113) vfTableEntry(4948904,0,4438873) vfTableEntry(4948764,0,4439058) vfTableEntry(4948676,0,4440453) vfTableEntry(4948580,0,4439353) vfTableEntry(4948492,0,4438248) vfTableEntry(4948404,0,4439378) vfTableEntry(5011820,0,4439833) vfTableEntry(5011820,4,4442558) vfTableEntry(5011820,8,4442433) vfTableEntry(5011860,0,4440373) vfTableEntry(5011860,4,4438303) vfTableEntry(5011860,8,4442398) vfTableEntry(5011836,0,4440088) vfTableEntry(5011836,4,4438093) vfTableEntry(5011836,8,4437953) vfTableEntry(5011804,0,4442593) vfTableEntry(5011804,4,4436293) vfTableEntry(5011804,8,4442808) vfTableEntry(5011788,0,4442438) vfTableEntry(5011788,4,4436123) vfTableEntry(5011788,8,4441163) vfTableEntry(5011772,0,4440913) vfTableEntry(5011772,4,4440913) vfTableEntry(5011772,8,4440913) vfTableEntry(5034736,0,5046624) vfTableSize(4948404,68) vfTableSize(4948492,68) vfTableSize(4948580,72) vfTableSize(4948676,68) vfTableSize(4948764,68) vfTableSize(4948856,16) vfTableSize(4948904,8) vfTableSize(4949108,68) vfTableSize(4949196,12) vfTableSize(4949788,68) vfTableSize(4950228,12) vfTableSize(4965320,4) vfTableSize(4965452,8) vfTableSize(4986108,8) vfTableSize(4988484,8) vfTableSize(4988524,8) vfTableSize(4988540,8) vfTableSize(4988556,8) vfTableSize(5034736,4) vfTableSize(5011772,12) vfTableSize(5011788,12) vfTableSize(5011804,12) vfTableSize(5011836,12) vfTableSize(5011860,12) vfTableSize(5011820,12) vftableBelongsToClass(4948492,0,4475568) vftableBelongsToClass(4948676,0,4476992) vftableBelongsToClass(4948764,0,4493184) vftableBelongsToClass(4948404,0,4499152) vftableBelongsToClass(4948580,0,4501088) vftableBelongsToClass(4948580,0,4501376) vftableBelongsToClass(4965320,0,4563104) vftableBelongsToClass(4965452,0,4564752) vftableBelongsToClass(4986108,0,4646928) vftableBelongsToClass(4988484,0,4668800) vftableBelongsToClass(4988524,0,4669440) vftableBelongsToClass(4988524,0,4669552) vftableBelongsToClass(4988540,0,4669648) vftableBelongsToClass(4988540,0,4669760) vftableBelongsToClass(4988556,0,4669856) vftableBelongsToClass(4988556,0,4669968) vftableBelongsToClass(5011836,0,4869840) vftableBelongsToClass(5011860,0,4870320) classSizeGTE(4948404,0) classSizeGTE(4948492,0) classSizeGTE(4948580,0) classSizeGTE(4948676,0) classSizeGTE(4948764,0) classSizeGTE(4948856,0) classSizeGTE(4948904,0) classSizeGTE(4949108,0) classSizeGTE(4949196,0) classSizeGTE(4949788,0) classSizeGTE(4950228,0) classSizeGTE(4965320,0) classSizeGTE(4965452,0) classSizeGTE(4986108,0) classSizeGTE(4988484,0) classSizeGTE(4988524,0) classSizeGTE(4988540,0) classSizeGTE(4988556,0) classSizeGTE(5034736,0) classSizeGTE(5011772,0) classSizeGTE(5011788,0) classSizeGTE(5011804,0) classSizeGTE(5011836,0) classSizeGTE(5011860,0) classSizeGTE(5011820,0) classSizeGTE(4435973,0) classSizeGTE(4436003,0) classSizeGTE(4436023,0) classSizeGTE(4436028,0) classSizeGTE(4436038,0) classSizeGTE(4436048,0) classSizeGTE(4436053,0) classSizeGTE(4436073,0) classSizeGTE(4436078,0) classSizeGTE(4436083,0) classSizeGTE(4436093,0) classSizeGTE(4436118,0) classSizeGTE(4436128,0) classSizeGTE(4436138,0) classSizeGTE(4436163,0) classSizeGTE(4436168,0) classSizeGTE(4436173,0) classSizeGTE(4436178,0) classSizeGTE(4436188,0) classSizeGTE(4436208,0) classSizeGTE(4436223,0) classSizeGTE(4436233,0) classSizeGTE(4436238,0) classSizeGTE(4436253,0) classSizeGTE(4436258,0) classSizeGTE(4436268,0) classSizeGTE(4436273,0) classSizeGTE(4436278,0) classSizeGTE(4436283,0) classSizeGTE(4436298,0) classSizeGTE(4436308,0) classSizeGTE(4436323,0) classSizeGTE(4436333,0) classSizeGTE(4436338,0) classSizeGTE(4436353,0) classSizeGTE(4436363,0) classSizeGTE(4436368,0) classSizeGTE(4436383,0) classSizeGTE(4436388,0) classSizeGTE(4436398,0) classSizeGTE(4436418,0) classSizeGTE(4436458,0) classSizeGTE(4436468,0) classSizeGTE(4436473,0) classSizeGTE(4436488,0) classSizeGTE(4436503,0) classSizeGTE(4436508,0) classSizeGTE(4436518,0) classSizeGTE(4436528,0) classSizeGTE(4436578,0) classSizeGTE(4436603,0) classSizeGTE(4436618,0) classSizeGTE(4436628,0) classSizeGTE(4436633,0) classSizeGTE(4436638,0) classSizeGTE(4436643,0) classSizeGTE(4436658,0) classSizeGTE(4436668,0) classSizeGTE(4436683,0) classSizeGTE(4436693,0) classSizeGTE(4436703,0) classSizeGTE(4436713,0) classSizeGTE(4436748,0) classSizeGTE(4436758,0) classSizeGTE(4436763,0) classSizeGTE(4436773,0) classSizeGTE(4436783,0) classSizeGTE(4436798,0) classSizeGTE(4436803,0) classSizeGTE(4436853,0) classSizeGTE(4436858,0) classSizeGTE(4436863,0) classSizeGTE(4436878,0) classSizeGTE(4436883,0) classSizeGTE(4436898,0) classSizeGTE(4436913,0) classSizeGTE(4436918,0) classSizeGTE(4436938,0) classSizeGTE(4436968,0) classSizeGTE(4436983,0) classSizeGTE(4436988,0) classSizeGTE(4436998,0) classSizeGTE(4437028,0) classSizeGTE(4437038,0) classSizeGTE(4437063,0) classSizeGTE(4437083,0) classSizeGTE(4437088,0) classSizeGTE(4437133,0) classSizeGTE(4437158,0) classSizeGTE(4437178,0) classSizeGTE(4437188,0) classSizeGTE(4437203,0) classSizeGTE(4437208,0) classSizeGTE(4437218,0) classSizeGTE(4437233,0) classSizeGTE(4437243,0) classSizeGTE(4437253,0) classSizeGTE(4437258,0) classSizeGTE(4437278,0) classSizeGTE(4437283,0) classSizeGTE(4437293,0) classSizeGTE(4437303,0) classSizeGTE(4437323,0) classSizeGTE(4437328,0) classSizeGTE(4437333,0) classSizeGTE(4437363,0) classSizeGTE(4437368,0) classSizeGTE(4437423,0) classSizeGTE(4437428,0) classSizeGTE(4437433,0) classSizeGTE(4437438,0) classSizeGTE(4437448,0) classSizeGTE(4437458,0) classSizeGTE(4437468,0) classSizeGTE(4437473,0) classSizeGTE(4437483,0) classSizeGTE(4437488,0) classSizeGTE(4437498,0) classSizeGTE(4437503,0) classSizeGTE(4437508,0) classSizeGTE(4437528,0) classSizeGTE(4437533,0) classSizeGTE(4437558,0) classSizeGTE(4437563,0) classSizeGTE(4437568,0) classSizeGTE(4437593,0) classSizeGTE(4437598,0) classSizeGTE(4437618,0) classSizeGTE(4437623,0) classSizeGTE(4437638,0) classSizeGTE(4437648,0) classSizeGTE(4437653,0) classSizeGTE(4437663,0) classSizeGTE(4437673,0) classSizeGTE(4437683,0) classSizeGTE(4437688,0) classSizeGTE(4437693,0) classSizeGTE(4437703,0) classSizeGTE(4437708,0) classSizeGTE(4437713,0) classSizeGTE(4437723,0) classSizeGTE(4437733,0) classSizeGTE(4437743,0) classSizeGTE(4437748,0) classSizeGTE(4437753,0) classSizeGTE(4437758,0) classSizeGTE(4437768,0) classSizeGTE(4437773,0) classSizeGTE(4437798,0) classSizeGTE(4437803,0) classSizeGTE(4437808,0) classSizeGTE(4437813,0) classSizeGTE(4437828,0) classSizeGTE(4437833,0) classSizeGTE(4437838,0) classSizeGTE(4437843,0) classSizeGTE(4437858,0) classSizeGTE(4437863,0) classSizeGTE(4437888,0) classSizeGTE(4437898,0) classSizeGTE(4437908,0) classSizeGTE(4437913,0) classSizeGTE(4437933,0) classSizeGTE(4437943,0) classSizeGTE(4437948,0) classSizeGTE(4437968,0) classSizeGTE(4437978,0) classSizeGTE(4437983,0) classSizeGTE(4437988,0) classSizeGTE(4437998,0) classSizeGTE(4438003,0) classSizeGTE(4438028,0) classSizeGTE(4438043,0) classSizeGTE(4438048,0) classSizeGTE(4438053,0) classSizeGTE(4438078,0) classSizeGTE(4438088,0) classSizeGTE(4438103,0) classSizeGTE(4438108,0) classSizeGTE(4438113,0) classSizeGTE(4438128,0) classSizeGTE(4438148,0) classSizeGTE(4438158,0) classSizeGTE(4438168,0) classSizeGTE(4438173,0) classSizeGTE(4438183,0) classSizeGTE(4438203,0) classSizeGTE(4438208,0) classSizeGTE(4438218,0) classSizeGTE(4438228,0) classSizeGTE(4438233,0) classSizeGTE(4438238,0) classSizeGTE(4438248,0) classSizeGTE(4438258,0) classSizeGTE(4438268,0) classSizeGTE(4438298,0) classSizeGTE(4438308,0) classSizeGTE(4438313,0) classSizeGTE(4438318,0) classSizeGTE(4438333,0) classSizeGTE(4438353,0) classSizeGTE(4438363,0) classSizeGTE(4438368,0) classSizeGTE(4438373,0) classSizeGTE(4438398,0) classSizeGTE(4438443,0) classSizeGTE(4438448,0) classSizeGTE(4438453,0) classSizeGTE(4438463,0) classSizeGTE(4438468,0) classSizeGTE(4438483,0) classSizeGTE(4438488,0) classSizeGTE(4438493,0) classSizeGTE(4438508,0) classSizeGTE(4438513,0) classSizeGTE(4438573,0) classSizeGTE(4438583,0) classSizeGTE(4438588,0) classSizeGTE(4438598,0) classSizeGTE(4438608,0) classSizeGTE(4438613,0) classSizeGTE(4438623,0) classSizeGTE(4438638,0) classSizeGTE(4438643,0) classSizeGTE(4438653,0) classSizeGTE(4438663,0) classSizeGTE(4438673,0) classSizeGTE(4438683,0) classSizeGTE(4438688,0) classSizeGTE(4438693,0) classSizeGTE(4438723,0) classSizeGTE(4438733,0) classSizeGTE(4438738,0) classSizeGTE(4438743,0) classSizeGTE(4438758,0) classSizeGTE(4438763,0) classSizeGTE(4438778,0) classSizeGTE(4438783,0) classSizeGTE(4438793,0) classSizeGTE(4438798,0) classSizeGTE(4438813,0) classSizeGTE(4438828,0) classSizeGTE(4438833,0) classSizeGTE(4438853,0) classSizeGTE(4438868,0) classSizeGTE(4438873,0) classSizeGTE(4438893,0) classSizeGTE(4438898,0) classSizeGTE(4438918,0) classSizeGTE(4438943,0) classSizeGTE(4438948,0) classSizeGTE(4438963,0) classSizeGTE(4438968,0) classSizeGTE(4438978,0) classSizeGTE(4438983,0) classSizeGTE(4438993,0) classSizeGTE(4438998,0) classSizeGTE(4439003,0) classSizeGTE(4439018,0) classSizeGTE(4439038,0) classSizeGTE(4439043,0) classSizeGTE(4439058,0) classSizeGTE(4439068,0) classSizeGTE(4439083,0) classSizeGTE(4439093,0) classSizeGTE(4439098,0) classSizeGTE(4439103,0) classSizeGTE(4439123,0) classSizeGTE(4439128,0) classSizeGTE(4439143,0) classSizeGTE(4439153,0) classSizeGTE(4439168,0) classSizeGTE(4439173,0) classSizeGTE(4439183,0) classSizeGTE(4439198,0) classSizeGTE(4439228,0) classSizeGTE(4439233,0) classSizeGTE(4439238,0) classSizeGTE(4439258,0) classSizeGTE(4439288,0) classSizeGTE(4439308,0) classSizeGTE(4439313,0) classSizeGTE(4439318,0) classSizeGTE(4439333,0) classSizeGTE(4439338,0) classSizeGTE(4439343,0) classSizeGTE(4439348,0) classSizeGTE(4439353,0) classSizeGTE(4439368,0) classSizeGTE(4439378,0) classSizeGTE(4439393,0) classSizeGTE(4439413,0) classSizeGTE(4439423,0) classSizeGTE(4439433,0) classSizeGTE(4439438,0) classSizeGTE(4439453,0) classSizeGTE(4439458,0) classSizeGTE(4439463,0) classSizeGTE(4439478,0) classSizeGTE(4439483,0) classSizeGTE(4439493,0) classSizeGTE(4439498,0) classSizeGTE(4439503,0) classSizeGTE(4439518,0) classSizeGTE(4439523,0) classSizeGTE(4439538,0) classSizeGTE(4439553,0) classSizeGTE(4439558,0) classSizeGTE(4439563,0) classSizeGTE(4439568,0) classSizeGTE(4439578,0) classSizeGTE(4439583,0) classSizeGTE(4439618,0) classSizeGTE(4439623,0) classSizeGTE(4439628,0) classSizeGTE(4439633,0) classSizeGTE(4439643,0) classSizeGTE(4439648,0) classSizeGTE(4439653,0) classSizeGTE(4439663,0) classSizeGTE(4439678,0) classSizeGTE(4439693,0) classSizeGTE(4439703,0) classSizeGTE(4439708,0) classSizeGTE(4439713,0) classSizeGTE(4439718,0) classSizeGTE(4439723,0) classSizeGTE(4439743,0) classSizeGTE(4439748,0) classSizeGTE(4439753,0) classSizeGTE(4439758,0) classSizeGTE(4439783,0) classSizeGTE(4439788,0) classSizeGTE(4439793,0) classSizeGTE(4439803,0) classSizeGTE(4439813,0) classSizeGTE(4439823,0) classSizeGTE(4439838,0) classSizeGTE(4439843,0) classSizeGTE(4439853,0) classSizeGTE(4439858,0) classSizeGTE(4439863,0) classSizeGTE(4439873,0) classSizeGTE(4439878,0) classSizeGTE(4439883,0) classSizeGTE(4439888,0) classSizeGTE(4439893,0) classSizeGTE(4439898,0) classSizeGTE(4439908,0) classSizeGTE(4439928,0) classSizeGTE(4439943,0) classSizeGTE(4439948,0) classSizeGTE(4439958,0) classSizeGTE(4439963,0) classSizeGTE(4439983,0) classSizeGTE(4439998,0) classSizeGTE(4440023,0) classSizeGTE(4440028,0) classSizeGTE(4440038,0) classSizeGTE(4440058,0) classSizeGTE(4440068,0) classSizeGTE(4440078,0) classSizeGTE(4440098,0) classSizeGTE(4440128,0) classSizeGTE(4440143,0) classSizeGTE(4440148,0) classSizeGTE(4440163,0) classSizeGTE(4440173,0) classSizeGTE(4440188,0) classSizeGTE(4440193,0) classSizeGTE(4440203,0) classSizeGTE(4440208,0) classSizeGTE(4440213,0) classSizeGTE(4440223,0) classSizeGTE(4440238,0) classSizeGTE(4440243,0) classSizeGTE(4440253,0) classSizeGTE(4440263,0) classSizeGTE(4440278,0) classSizeGTE(4440283,0) classSizeGTE(4440293,0) classSizeGTE(4440298,0) classSizeGTE(4440313,0) classSizeGTE(4440323,0) classSizeGTE(4440328,0) classSizeGTE(4440338,0) classSizeGTE(4440348,0) classSizeGTE(4440358,0) classSizeGTE(4440368,0) classSizeGTE(4440393,0) classSizeGTE(4440403,0) classSizeGTE(4440408,0) classSizeGTE(4440423,0) classSizeGTE(4440453,0) classSizeGTE(4440463,0) classSizeGTE(4440498,0) classSizeGTE(4440503,0) classSizeGTE(4440508,0) classSizeGTE(4440513,0) classSizeGTE(4440523,0) classSizeGTE(4440528,0) classSizeGTE(4440533,0) classSizeGTE(4440538,0) classSizeGTE(4440543,0) classSizeGTE(4440548,0) classSizeGTE(4440563,0) classSizeGTE(4440573,0) classSizeGTE(4440588,0) classSizeGTE(4440593,0) classSizeGTE(4440623,0) classSizeGTE(4440628,0) classSizeGTE(4440638,0) classSizeGTE(4440658,0) classSizeGTE(4440663,0) classSizeGTE(4440668,0) classSizeGTE(4440673,0) classSizeGTE(4440688,0) classSizeGTE(4440693,0) classSizeGTE(4440713,0) classSizeGTE(4440718,0) classSizeGTE(4440723,0) classSizeGTE(4440728,0) classSizeGTE(4440738,0) classSizeGTE(4440743,0) classSizeGTE(4440758,0) classSizeGTE(4440773,0) classSizeGTE(4440783,0) classSizeGTE(4440788,0) classSizeGTE(4440793,0) classSizeGTE(4440803,0) classSizeGTE(4440808,0) classSizeGTE(4440813,0) classSizeGTE(4440818,0) classSizeGTE(4440823,0) classSizeGTE(4440848,0) classSizeGTE(4440853,0) classSizeGTE(4440858,0) classSizeGTE(4440883,0) classSizeGTE(4440913,0) classSizeGTE(4440923,0) classSizeGTE(4440943,0) classSizeGTE(4440953,0) classSizeGTE(4440963,0) classSizeGTE(4440973,0) classSizeGTE(4440978,0) classSizeGTE(4441028,0) classSizeGTE(4441038,0) classSizeGTE(4441043,0) classSizeGTE(4441063,0) classSizeGTE(4441068,0) classSizeGTE(4441093,0) classSizeGTE(4441098,0) classSizeGTE(4441113,0) classSizeGTE(4441128,0) classSizeGTE(4441133,0) classSizeGTE(4441138,0) classSizeGTE(4441158,0) classSizeGTE(4441173,0) classSizeGTE(4441178,0) classSizeGTE(4441183,0) classSizeGTE(4441203,0) classSizeGTE(4441213,0) classSizeGTE(4441218,0) classSizeGTE(4441223,0) classSizeGTE(4441258,0) classSizeGTE(4441273,0) classSizeGTE(4441303,0) classSizeGTE(4441308,0) classSizeGTE(4441318,0) classSizeGTE(4441323,0) classSizeGTE(4441333,0) classSizeGTE(4441343,0) classSizeGTE(4441353,0) classSizeGTE(4441368,0) classSizeGTE(4441378,0) classSizeGTE(4441383,0) classSizeGTE(4441388,0) classSizeGTE(4441408,0) classSizeGTE(4441413,0) classSizeGTE(4441418,0) classSizeGTE(4441423,0) classSizeGTE(4441428,0) classSizeGTE(4441433,0) classSizeGTE(4441448,0) classSizeGTE(4441483,0) classSizeGTE(4441488,0) classSizeGTE(4441493,0) classSizeGTE(4441498,0) classSizeGTE(4441503,0) classSizeGTE(4441528,0) classSizeGTE(4441533,0) classSizeGTE(4441543,0) classSizeGTE(4441548,0) classSizeGTE(4441578,0) classSizeGTE(4441583,0) classSizeGTE(4441598,0) classSizeGTE(4441608,0) classSizeGTE(4441623,0) classSizeGTE(4441633,0) classSizeGTE(4441638,0) classSizeGTE(4441643,0) classSizeGTE(4441663,0) classSizeGTE(4441693,0) classSizeGTE(4441708,0) classSizeGTE(4441718,0) classSizeGTE(4441743,0) classSizeGTE(4441753,0) classSizeGTE(4441758,0) classSizeGTE(4441768,0) classSizeGTE(4441783,0) classSizeGTE(4441803,0) classSizeGTE(4441818,0) classSizeGTE(4441833,0) classSizeGTE(4441843,0) classSizeGTE(4441848,0) classSizeGTE(4441858,0) classSizeGTE(4441863,0) classSizeGTE(4441868,0) classSizeGTE(4441873,0) classSizeGTE(4441883,0) classSizeGTE(4441903,0) classSizeGTE(4441908,0) classSizeGTE(4441928,0) classSizeGTE(4441933,0) classSizeGTE(4441938,0) classSizeGTE(4441948,0) classSizeGTE(4441963,0) classSizeGTE(4441968,0) classSizeGTE(4441973,0) classSizeGTE(4441988,0) classSizeGTE(4441998,0) classSizeGTE(4442008,0) classSizeGTE(4442043,0) classSizeGTE(4442048,0) classSizeGTE(4442063,0) classSizeGTE(4442068,0) classSizeGTE(4442083,0) classSizeGTE(4442093,0) classSizeGTE(4442098,0) classSizeGTE(4442103,0) classSizeGTE(4442108,0) classSizeGTE(4442118,0) classSizeGTE(4442148,0) classSizeGTE(4442168,0) classSizeGTE(4442223,0) classSizeGTE(4442228,0) classSizeGTE(4442253,0) classSizeGTE(4442263,0) classSizeGTE(4442278,0) classSizeGTE(4442288,0) classSizeGTE(4442298,0) classSizeGTE(4442328,0) classSizeGTE(4442368,0) classSizeGTE(4442403,0) classSizeGTE(4442413,0) classSizeGTE(4442418,0) classSizeGTE(4442428,0) classSizeGTE(4442448,0) classSizeGTE(4442453,0) classSizeGTE(4442458,0) classSizeGTE(4442468,0) classSizeGTE(4442483,0) classSizeGTE(4442503,0) classSizeGTE(4442523,0) classSizeGTE(4442538,0) classSizeGTE(4442543,0) classSizeGTE(4442568,0) classSizeGTE(4442578,0) classSizeGTE(4442583,0) classSizeGTE(4442588,0) classSizeGTE(4442613,0) classSizeGTE(4442623,0) classSizeGTE(4442633,0) classSizeGTE(4442643,0) classSizeGTE(4442663,0) classSizeGTE(4442668,0) classSizeGTE(4442683,0) classSizeGTE(4442708,0) classSizeGTE(4442713,0) classSizeGTE(4442723,0) classSizeGTE(4442728,0) classSizeGTE(4442733,0) classSizeGTE(4442758,0) classSizeGTE(4442768,0) classSizeGTE(4442778,0) classSizeGTE(4442803,0) classSizeGTE(4442813,0) classSizeGTE(4442828,0) classSizeGTE(4442833,0) classSizeGTE(4442843,0) classSizeGTE(4442878,0) classSizeGTE(4442883,0) classSizeGTE(4442888,0) classSizeGTE(4442893,0) classSizeGTE(4442898,0) classSizeGTE(4470976,0) classSizeGTE(4471056,0) classSizeGTE(4471168,0) classSizeGTE(4471280,0) classSizeGTE(4471392,0) classSizeGTE(4471696,0) classSizeGTE(4471856,0) classSizeGTE(4472080,0) classSizeGTE(4473104,0) classSizeGTE(4474720,0) classSizeGTE(4474944,0) classSizeGTE(4475056,0) classSizeGTE(4475248,0) classSizeGTE(4475472,0) classSizeGTE(4475568,0) classSizeGTE(4475760,0) classSizeGTE(4475984,0) classSizeGTE(4476320,0) classSizeGTE(4476880,0) classSizeGTE(4477088,0) classSizeGTE(4477184,0) classSizeGTE(4477376,0) classSizeGTE(4477600,0) classSizeGTE(4477712,0) classSizeGTE(4478640,0) classSizeGTE(4479792,0) classSizeGTE(4480624,0) classSizeGTE(4480736,0) classSizeGTE(4480944,0) classSizeGTE(4481136,0) classSizeGTE(4482400,0) classSizeGTE(4483152,0) classSizeGTE(4483264,0) classSizeGTE(4483376,0) classSizeGTE(4483712,0) classSizeGTE(4484096,0) classSizeGTE(4484704,0) classSizeGTE(4484912,0) classSizeGTE(4485280,0) classSizeGTE(4485648,0) classSizeGTE(4486112,0) classSizeGTE(4486784,0) classSizeGTE(4487072,0) classSizeGTE(4487568,0) classSizeGTE(4488704,0) classSizeGTE(4489072,0) classSizeGTE(4489184,0) classSizeGTE(4489424,0) classSizeGTE(4489520,0) classSizeGTE(4489712,0) classSizeGTE(4490176,0) classSizeGTE(4490336,0) classSizeGTE(4490496,0) classSizeGTE(4490624,0) classSizeGTE(4490752,0) classSizeGTE(4490880,0) classSizeGTE(4491008,0) classSizeGTE(4491136,0) classSizeGTE(4491232,0) classSizeGTE(4492144,0) classSizeGTE(4492752,0) classSizeGTE(4493184,0) classSizeGTE(4493424,0) classSizeGTE(4493568,0) classSizeGTE(4493824,0) classSizeGTE(4494048,0) classSizeGTE(4494256,0) classSizeGTE(4494352,0) classSizeGTE(4494784,0) classSizeGTE(4495616,0) classSizeGTE(4495776,0) classSizeGTE(4496000,0) classSizeGTE(4496288,0) classSizeGTE(4496560,0) classSizeGTE(4497392,0) classSizeGTE(4498272,0) classSizeGTE(4498528,0) classSizeGTE(4498736,0) classSizeGTE(4499056,0) classSizeGTE(4499152,0) classSizeGTE(4499344,0) classSizeGTE(4499440,0) classSizeGTE(4499648,0) classSizeGTE(4499856,0) classSizeGTE(4500128,0) classSizeGTE(4500576,0) classSizeGTE(4500800,0) classSizeGTE(4501088,0) classSizeGTE(4501376,0) classSizeGTE(4501616,0) classSizeGTE(4501712,0) classSizeGTE(4502272,0) classSizeGTE(4502544,0) classSizeGTE(4502816,0) classSizeGTE(4502992,0) classSizeGTE(4503200,0) classSizeGTE(4503824,0) classSizeGTE(4503920,0) classSizeGTE(4504032,0) classSizeGTE(4504224,0) classSizeGTE(4504400,0) classSizeGTE(4504592,0) classSizeGTE(4504976,0) classSizeGTE(4505280,0) classSizeGTE(4507040,0) classSizeGTE(4507648,0) classSizeGTE(4507792,0) classSizeGTE(4507888,0) classSizeGTE(4510320,0) classSizeGTE(4515824,0) classSizeGTE(4516944,0) classSizeGTE(4517120,0) classSizeGTE(4517392,0) classSizeGTE(4518704,0) classSizeGTE(4520896,0) classSizeGTE(4521792,0) classSizeGTE(4522208,0) classSizeGTE(4522672,0) classSizeGTE(4523584,0) classSizeGTE(4524304,0) classSizeGTE(4525568,0) classSizeGTE(4526048,0) classSizeGTE(4526528,0) classSizeGTE(4527120,0) classSizeGTE(4560384,0) classSizeGTE(4562640,0) classSizeGTE(4562688,0) classSizeGTE(4562736,0) classSizeGTE(4562800,0) classSizeGTE(4562848,0) classSizeGTE(4564688,0) classSizeGTE(4647024,0) classSizeGTE(4668736,0) classSizeGTE(4669488,0) classSizeGTE(4669696,0) classSizeGTE(4669904,0) classSizeGTE(4785756,0) classSizeGTE(4822688,0) classSizeGTE(4435978,0) classSizeGTE(4435983,0) classSizeGTE(4435988,0) classSizeGTE(4435993,0) classSizeGTE(4435998,0) classSizeGTE(4436008,0) classSizeGTE(4436013,0) classSizeGTE(4436018,0) classSizeGTE(4436033,0) classSizeGTE(4436043,0) classSizeGTE(4436058,0) classSizeGTE(4436063,0) classSizeGTE(4436068,0) classSizeGTE(4436088,0) classSizeGTE(4436098,0) classSizeGTE(4436103,0) classSizeGTE(4436108,0) classSizeGTE(4436113,0) classSizeGTE(4436123,0) classSizeGTE(4436133,0) classSizeGTE(4436143,0) classSizeGTE(4436148,0) classSizeGTE(4436153,0) classSizeGTE(4436158,0) classSizeGTE(4436183,0) classSizeGTE(4436193,0) classSizeGTE(4436198,0) classSizeGTE(4436203,0) classSizeGTE(4436213,0) classSizeGTE(4436218,0) classSizeGTE(4436228,0) classSizeGTE(4436243,0) classSizeGTE(4436248,0) classSizeGTE(4436263,0) classSizeGTE(4436288,0) classSizeGTE(4436293,0) classSizeGTE(4436303,0) classSizeGTE(4436313,0) classSizeGTE(4436318,0) classSizeGTE(4436328,0) classSizeGTE(4436343,0) classSizeGTE(4436348,0) classSizeGTE(4436358,0) classSizeGTE(4436373,0) classSizeGTE(4436378,0) classSizeGTE(4436393,0) classSizeGTE(4436403,0) classSizeGTE(4436408,0) classSizeGTE(4436413,0) classSizeGTE(4436423,0) classSizeGTE(4436428,0) classSizeGTE(4436433,0) classSizeGTE(4436438,0) classSizeGTE(4436443,0) classSizeGTE(4436448,0) classSizeGTE(4436453,0) classSizeGTE(4436463,0) classSizeGTE(4436478,0) classSizeGTE(4436483,0) classSizeGTE(4436493,0) classSizeGTE(4436498,0) classSizeGTE(4436513,0) classSizeGTE(4436523,0) classSizeGTE(4436533,0) classSizeGTE(4436538,0) classSizeGTE(4436543,0) classSizeGTE(4436548,0) classSizeGTE(4436553,0) classSizeGTE(4436558,0) classSizeGTE(4436563,0) classSizeGTE(4436568,0) classSizeGTE(4436573,0) classSizeGTE(4436583,0) classSizeGTE(4436588,0) classSizeGTE(4436593,0) classSizeGTE(4436598,0) classSizeGTE(4436608,0) classSizeGTE(4436613,0) classSizeGTE(4436623,0) classSizeGTE(4436648,0) classSizeGTE(4436653,0) classSizeGTE(4436663,0) classSizeGTE(4436673,0) classSizeGTE(4436678,0) classSizeGTE(4436688,0) classSizeGTE(4436698,0) classSizeGTE(4436708,0) classSizeGTE(4436718,0) classSizeGTE(4436723,0) classSizeGTE(4436728,0) classSizeGTE(4436733,0) classSizeGTE(4436738,0) classSizeGTE(4436743,0) classSizeGTE(4436753,0) classSizeGTE(4436768,0) classSizeGTE(4436778,0) classSizeGTE(4436788,0) classSizeGTE(4436793,0) classSizeGTE(4436808,0) classSizeGTE(4436813,0) classSizeGTE(4436818,0) classSizeGTE(4436823,0) classSizeGTE(4436828,0) classSizeGTE(4436833,0) classSizeGTE(4436838,0) classSizeGTE(4436843,0) classSizeGTE(4436848,0) classSizeGTE(4436868,0) classSizeGTE(4436873,0) classSizeGTE(4436888,0) classSizeGTE(4436893,0) classSizeGTE(4436903,0) classSizeGTE(4436908,0) classSizeGTE(4436923,0) classSizeGTE(4436928,0) classSizeGTE(4436933,0) classSizeGTE(4436943,0) classSizeGTE(4436948,0) classSizeGTE(4436953,0) classSizeGTE(4436958,0) classSizeGTE(4436963,0) classSizeGTE(4436973,0) classSizeGTE(4436978,0) classSizeGTE(4436993,0) classSizeGTE(4437003,0) classSizeGTE(4437008,0) classSizeGTE(4437013,0) classSizeGTE(4437018,0) classSizeGTE(4437023,0) classSizeGTE(4437033,0) classSizeGTE(4437043,0) classSizeGTE(4437048,0) classSizeGTE(4437053,0) classSizeGTE(4437058,0) classSizeGTE(4437068,0) classSizeGTE(4437073,0) classSizeGTE(4437078,0) classSizeGTE(4437093,0) classSizeGTE(4437103,0) classSizeGTE(4437108,0) classSizeGTE(4437113,0) classSizeGTE(4437118,0) classSizeGTE(4437123,0) classSizeGTE(4437128,0) classSizeGTE(4437138,0) classSizeGTE(4437143,0) classSizeGTE(4437148,0) classSizeGTE(4437153,0) classSizeGTE(4437163,0) classSizeGTE(4437168,0) classSizeGTE(4437173,0) classSizeGTE(4437183,0) classSizeGTE(4437193,0) classSizeGTE(4437198,0) classSizeGTE(4437213,0) classSizeGTE(4437223,0) classSizeGTE(4437228,0) classSizeGTE(4437238,0) classSizeGTE(4437248,0) classSizeGTE(4437263,0) classSizeGTE(4437268,0) classSizeGTE(4437273,0) classSizeGTE(4437288,0) classSizeGTE(4437298,0) classSizeGTE(4437308,0) classSizeGTE(4437313,0) classSizeGTE(4437318,0) classSizeGTE(4437338,0) classSizeGTE(4437343,0) classSizeGTE(4437348,0) classSizeGTE(4437353,0) classSizeGTE(4437358,0) classSizeGTE(4437373,0) classSizeGTE(4437378,0) classSizeGTE(4437383,0) classSizeGTE(4437388,0) classSizeGTE(4437393,0) classSizeGTE(4437398,0) classSizeGTE(4437403,0) classSizeGTE(4437408,0) classSizeGTE(4437413,0) classSizeGTE(4437418,0) classSizeGTE(4437443,0) classSizeGTE(4437453,0) classSizeGTE(4437463,0) classSizeGTE(4437478,0) classSizeGTE(4437493,0) classSizeGTE(4437513,0) classSizeGTE(4437518,0) classSizeGTE(4437523,0) classSizeGTE(4437538,0) classSizeGTE(4437543,0) classSizeGTE(4437548,0) classSizeGTE(4437553,0) classSizeGTE(4437573,0) classSizeGTE(4437578,0) classSizeGTE(4437583,0) classSizeGTE(4437588,0) classSizeGTE(4437603,0) classSizeGTE(4437608,0) classSizeGTE(4437613,0) classSizeGTE(4437628,0) classSizeGTE(4437633,0) classSizeGTE(4437643,0) classSizeGTE(4437658,0) classSizeGTE(4437668,0) classSizeGTE(4437678,0) classSizeGTE(4437698,0) classSizeGTE(4437718,0) classSizeGTE(4437728,0) classSizeGTE(4437738,0) classSizeGTE(4437763,0) classSizeGTE(4437778,0) classSizeGTE(4437783,0) classSizeGTE(4437788,0) classSizeGTE(4437793,0) classSizeGTE(4437818,0) classSizeGTE(4437823,0) classSizeGTE(4437848,0) classSizeGTE(4437853,0) classSizeGTE(4437868,0) classSizeGTE(4437873,0) classSizeGTE(4437878,0) classSizeGTE(4437883,0) classSizeGTE(4437893,0) classSizeGTE(4437903,0) classSizeGTE(4437918,0) classSizeGTE(4437923,0) classSizeGTE(4437928,0) classSizeGTE(4437938,0) classSizeGTE(4437953,0) classSizeGTE(4437958,0) classSizeGTE(4437963,0) classSizeGTE(4437973,0) classSizeGTE(4437993,0) classSizeGTE(4438008,0) classSizeGTE(4438013,0) classSizeGTE(4438018,0) classSizeGTE(4438023,0) classSizeGTE(4438033,0) classSizeGTE(4438038,0) classSizeGTE(4438058,0) classSizeGTE(4438063,0) classSizeGTE(4438068,0) classSizeGTE(4438073,0) classSizeGTE(4438083,0) classSizeGTE(4438093,0) classSizeGTE(4438098,0) classSizeGTE(4438118,0) classSizeGTE(4438123,0) classSizeGTE(4438133,0) classSizeGTE(4438138,0) classSizeGTE(4438143,0) classSizeGTE(4438153,0) classSizeGTE(4438163,0) classSizeGTE(4438178,0) classSizeGTE(4438188,0) classSizeGTE(4438193,0) classSizeGTE(4438198,0) classSizeGTE(4438213,0) classSizeGTE(4438223,0) classSizeGTE(4438253,0) classSizeGTE(4438263,0) classSizeGTE(4438273,0) classSizeGTE(4438278,0) classSizeGTE(4438283,0) classSizeGTE(4438288,0) classSizeGTE(4438293,0) classSizeGTE(4438303,0) classSizeGTE(4438323,0) classSizeGTE(4438328,0) classSizeGTE(4438338,0) classSizeGTE(4438343,0) classSizeGTE(4438348,0) classSizeGTE(4438358,0) classSizeGTE(4438378,0) classSizeGTE(4438383,0) classSizeGTE(4438388,0) classSizeGTE(4438393,0) classSizeGTE(4438403,0) classSizeGTE(4438408,0) classSizeGTE(4438413,0) classSizeGTE(4438418,0) classSizeGTE(4438423,0) classSizeGTE(4438428,0) classSizeGTE(4438433,0) classSizeGTE(4438438,0) classSizeGTE(4438458,0) classSizeGTE(4438473,0) classSizeGTE(4438478,0) classSizeGTE(4438498,0) classSizeGTE(4438503,0) classSizeGTE(4438518,0) classSizeGTE(4438523,0) classSizeGTE(4438528,0) classSizeGTE(4438533,0) classSizeGTE(4438538,0) classSizeGTE(4438543,0) classSizeGTE(4438548,0) classSizeGTE(4438553,0) classSizeGTE(4438558,0) classSizeGTE(4438563,0) classSizeGTE(4438568,0) classSizeGTE(4438578,0) classSizeGTE(4438593,0) classSizeGTE(4438603,0) classSizeGTE(4438618,0) classSizeGTE(4438628,0) classSizeGTE(4438633,0) classSizeGTE(4438648,0) classSizeGTE(4438658,0) classSizeGTE(4438668,0) classSizeGTE(4438678,0) classSizeGTE(4438698,0) classSizeGTE(4438703,0) classSizeGTE(4438708,0) classSizeGTE(4438713,0) classSizeGTE(4438718,0) classSizeGTE(4438728,0) classSizeGTE(4438748,0) classSizeGTE(4438753,0) classSizeGTE(4438768,0) classSizeGTE(4438773,0) classSizeGTE(4438788,0) classSizeGTE(4438803,0) classSizeGTE(4438808,0) classSizeGTE(4438818,0) classSizeGTE(4438823,0) classSizeGTE(4438838,0) classSizeGTE(4438843,0) classSizeGTE(4438848,0) classSizeGTE(4438858,0) classSizeGTE(4438863,0) classSizeGTE(4438878,0) classSizeGTE(4438883,0) classSizeGTE(4438888,0) classSizeGTE(4438903,0) classSizeGTE(4438908,0) classSizeGTE(4438913,0) classSizeGTE(4438923,0) classSizeGTE(4438928,0) classSizeGTE(4438933,0) classSizeGTE(4438938,0) classSizeGTE(4438953,0) classSizeGTE(4438958,0) classSizeGTE(4438973,0) classSizeGTE(4438988,0) classSizeGTE(4439008,0) classSizeGTE(4439013,0) classSizeGTE(4439023,0) classSizeGTE(4439028,0) classSizeGTE(4439033,0) classSizeGTE(4439048,0) classSizeGTE(4439053,0) classSizeGTE(4439063,0) classSizeGTE(4439073,0) classSizeGTE(4439078,0) classSizeGTE(4439088,0) classSizeGTE(4439108,0) classSizeGTE(4439113,0) classSizeGTE(4439118,0) classSizeGTE(4439133,0) classSizeGTE(4439138,0) classSizeGTE(4439148,0) classSizeGTE(4439158,0) classSizeGTE(4439163,0) classSizeGTE(4439178,0) classSizeGTE(4439188,0) classSizeGTE(4439193,0) classSizeGTE(4439203,0) classSizeGTE(4439208,0) classSizeGTE(4439213,0) classSizeGTE(4439218,0) classSizeGTE(4439223,0) classSizeGTE(4439243,0) classSizeGTE(4439253,0) classSizeGTE(4439263,0) classSizeGTE(4439268,0) classSizeGTE(4439273,0) classSizeGTE(4439278,0) classSizeGTE(4439283,0) classSizeGTE(4439293,0) classSizeGTE(4439298,0) classSizeGTE(4439303,0) classSizeGTE(4439323,0) classSizeGTE(4439328,0) classSizeGTE(4439358,0) classSizeGTE(4439363,0) classSizeGTE(4439373,0) classSizeGTE(4439383,0) classSizeGTE(4439388,0) classSizeGTE(4439398,0) classSizeGTE(4439403,0) classSizeGTE(4439408,0) classSizeGTE(4439418,0) classSizeGTE(4439428,0) classSizeGTE(4439443,0) classSizeGTE(4439448,0) classSizeGTE(4439468,0) classSizeGTE(4439473,0) classSizeGTE(4439488,0) classSizeGTE(4439508,0) classSizeGTE(4439513,0) classSizeGTE(4439528,0) classSizeGTE(4439533,0) classSizeGTE(4439543,0) classSizeGTE(4439548,0) classSizeGTE(4439573,0) classSizeGTE(4439588,0) classSizeGTE(4439593,0) classSizeGTE(4439598,0) classSizeGTE(4439603,0) classSizeGTE(4439608,0) classSizeGTE(4439613,0) classSizeGTE(4439638,0) classSizeGTE(4439658,0) classSizeGTE(4439668,0) classSizeGTE(4439673,0) classSizeGTE(4439683,0) classSizeGTE(4439688,0) classSizeGTE(4439698,0) classSizeGTE(4439728,0) classSizeGTE(4439733,0) classSizeGTE(4439738,0) classSizeGTE(4439763,0) classSizeGTE(4439768,0) classSizeGTE(4439773,0) classSizeGTE(4439778,0) classSizeGTE(4439798,0) classSizeGTE(4439808,0) classSizeGTE(4439818,0) classSizeGTE(4439828,0) classSizeGTE(4439833,0) classSizeGTE(4439848,0) classSizeGTE(4439868,0) classSizeGTE(4439903,0) classSizeGTE(4439913,0) classSizeGTE(4439918,0) classSizeGTE(4439923,0) classSizeGTE(4439933,0) classSizeGTE(4439938,0) classSizeGTE(4439953,0) classSizeGTE(4439968,0) classSizeGTE(4439973,0) classSizeGTE(4439978,0) classSizeGTE(4439988,0) classSizeGTE(4439993,0) classSizeGTE(4440003,0) classSizeGTE(4440008,0) classSizeGTE(4440013,0) classSizeGTE(4440018,0) classSizeGTE(4440033,0) classSizeGTE(4440043,0) classSizeGTE(4440048,0) classSizeGTE(4440053,0) classSizeGTE(4440063,0) classSizeGTE(4440073,0) classSizeGTE(4440083,0) classSizeGTE(4440088,0) classSizeGTE(4440093,0) classSizeGTE(4440103,0) classSizeGTE(4440108,0) classSizeGTE(4440113,0) classSizeGTE(4440118,0) classSizeGTE(4440123,0) classSizeGTE(4440133,0) classSizeGTE(4440138,0) classSizeGTE(4440153,0) classSizeGTE(4440158,0) classSizeGTE(4440168,0) classSizeGTE(4440178,0) classSizeGTE(4440183,0) classSizeGTE(4440198,0) classSizeGTE(4440218,0) classSizeGTE(4440228,0) classSizeGTE(4440233,0) classSizeGTE(4440248,0) classSizeGTE(4440258,0) classSizeGTE(4440268,0) classSizeGTE(4440273,0) classSizeGTE(4440288,0) classSizeGTE(4440303,0) classSizeGTE(4440308,0) classSizeGTE(4440318,0) classSizeGTE(4440333,0) classSizeGTE(4440343,0) classSizeGTE(4440353,0) classSizeGTE(4440363,0) classSizeGTE(4440373,0) classSizeGTE(4440378,0) classSizeGTE(4440383,0) classSizeGTE(4440388,0) classSizeGTE(4440398,0) classSizeGTE(4440413,0) classSizeGTE(4440418,0) classSizeGTE(4440428,0) classSizeGTE(4440433,0) classSizeGTE(4440438,0) classSizeGTE(4440443,0) classSizeGTE(4440448,0) classSizeGTE(4440458,0) classSizeGTE(4440468,0) classSizeGTE(4440473,0) classSizeGTE(4440478,0) classSizeGTE(4440483,0) classSizeGTE(4440488,0) classSizeGTE(4440493,0) classSizeGTE(4440518,0) classSizeGTE(4440553,0) classSizeGTE(4440558,0) classSizeGTE(4440568,0) classSizeGTE(4440578,0) classSizeGTE(4440583,0) classSizeGTE(4440598,0) classSizeGTE(4440603,0) classSizeGTE(4440608,0) classSizeGTE(4440613,0) classSizeGTE(4440618,0) classSizeGTE(4440633,0) classSizeGTE(4440643,0) classSizeGTE(4440648,0) classSizeGTE(4440653,0) classSizeGTE(4440678,0) classSizeGTE(4440683,0) classSizeGTE(4440698,0) classSizeGTE(4440703,0) classSizeGTE(4440708,0) classSizeGTE(4440733,0) classSizeGTE(4440748,0) classSizeGTE(4440753,0) classSizeGTE(4440763,0) classSizeGTE(4440768,0) classSizeGTE(4440778,0) classSizeGTE(4440798,0) classSizeGTE(4440828,0) classSizeGTE(4440833,0) classSizeGTE(4440838,0) classSizeGTE(4440843,0) classSizeGTE(4440863,0) classSizeGTE(4440868,0) classSizeGTE(4440873,0) classSizeGTE(4440878,0) classSizeGTE(4440888,0) classSizeGTE(4440893,0) classSizeGTE(4440898,0) classSizeGTE(4440903,0) classSizeGTE(4440908,0) classSizeGTE(4440918,0) classSizeGTE(4440928,0) classSizeGTE(4440933,0) classSizeGTE(4440948,0) classSizeGTE(4440958,0) classSizeGTE(4440968,0) classSizeGTE(4440983,0) classSizeGTE(4440988,0) classSizeGTE(4440993,0) classSizeGTE(4440998,0) classSizeGTE(4441003,0) classSizeGTE(4441008,0) classSizeGTE(4441013,0) classSizeGTE(4441018,0) classSizeGTE(4441023,0) classSizeGTE(4441033,0) classSizeGTE(4441048,0) classSizeGTE(4441053,0) classSizeGTE(4441058,0) classSizeGTE(4441073,0) classSizeGTE(4441078,0) classSizeGTE(4441083,0) classSizeGTE(4441088,0) classSizeGTE(4441103,0) classSizeGTE(4441108,0) classSizeGTE(4441118,0) classSizeGTE(4441123,0) classSizeGTE(4441143,0) classSizeGTE(4441148,0) classSizeGTE(4441153,0) classSizeGTE(4441163,0) classSizeGTE(4441168,0) classSizeGTE(4441188,0) classSizeGTE(4441193,0) classSizeGTE(4441198,0) classSizeGTE(4441208,0) classSizeGTE(4441228,0) classSizeGTE(4441233,0) classSizeGTE(4441238,0) classSizeGTE(4441243,0) classSizeGTE(4441248,0) classSizeGTE(4441253,0) classSizeGTE(4441263,0) classSizeGTE(4441268,0) classSizeGTE(4441278,0) classSizeGTE(4441283,0) classSizeGTE(4441288,0) classSizeGTE(4441293,0) classSizeGTE(4441298,0) classSizeGTE(4441313,0) classSizeGTE(4441328,0) classSizeGTE(4441338,0) classSizeGTE(4441348,0) classSizeGTE(4441358,0) classSizeGTE(4441363,0) classSizeGTE(4441373,0) classSizeGTE(4441393,0) classSizeGTE(4441398,0) classSizeGTE(4441403,0) classSizeGTE(4441438,0) classSizeGTE(4441443,0) classSizeGTE(4441453,0) classSizeGTE(4441458,0) classSizeGTE(4441463,0) classSizeGTE(4441468,0) classSizeGTE(4441473,0) classSizeGTE(4441478,0) classSizeGTE(4441508,0) classSizeGTE(4441513,0) classSizeGTE(4441518,0) classSizeGTE(4441523,0) classSizeGTE(4441538,0) classSizeGTE(4441553,0) classSizeGTE(4441558,0) classSizeGTE(4441563,0) classSizeGTE(4441568,0) classSizeGTE(4441573,0) classSizeGTE(4441588,0) classSizeGTE(4441593,0) classSizeGTE(4441603,0) classSizeGTE(4441613,0) classSizeGTE(4441618,0) classSizeGTE(4441628,0) classSizeGTE(4441648,0) classSizeGTE(4441653,0) classSizeGTE(4441658,0) classSizeGTE(4441668,0) classSizeGTE(4441673,0) classSizeGTE(4441678,0) classSizeGTE(4441683,0) classSizeGTE(4441688,0) classSizeGTE(4441698,0) classSizeGTE(4441703,0) classSizeGTE(4441713,0) classSizeGTE(4441723,0) classSizeGTE(4441728,0) classSizeGTE(4441733,0) classSizeGTE(4441738,0) classSizeGTE(4441748,0) classSizeGTE(4441763,0) classSizeGTE(4441773,0) classSizeGTE(4441778,0) classSizeGTE(4441788,0) classSizeGTE(4441793,0) classSizeGTE(4441798,0) classSizeGTE(4441808,0) classSizeGTE(4441813,0) classSizeGTE(4441823,0) classSizeGTE(4441828,0) classSizeGTE(4441838,0) classSizeGTE(4441853,0) classSizeGTE(4441878,0) classSizeGTE(4441888,0) classSizeGTE(4441893,0) classSizeGTE(4441898,0) classSizeGTE(4441913,0) classSizeGTE(4441918,0) classSizeGTE(4441923,0) classSizeGTE(4441943,0) classSizeGTE(4441953,0) classSizeGTE(4441958,0) classSizeGTE(4441978,0) classSizeGTE(4441983,0) classSizeGTE(4441993,0) classSizeGTE(4442003,0) classSizeGTE(4442013,0) classSizeGTE(4442018,0) classSizeGTE(4442023,0) classSizeGTE(4442028,0) classSizeGTE(4442033,0) classSizeGTE(4442038,0) classSizeGTE(4442053,0) classSizeGTE(4442058,0) classSizeGTE(4442073,0) classSizeGTE(4442078,0) classSizeGTE(4442088,0) classSizeGTE(4442113,0) classSizeGTE(4442123,0) classSizeGTE(4442128,0) classSizeGTE(4442133,0) classSizeGTE(4442138,0) classSizeGTE(4442143,0) classSizeGTE(4442153,0) classSizeGTE(4442158,0) classSizeGTE(4442163,0) classSizeGTE(4442173,0) classSizeGTE(4442178,0) classSizeGTE(4442183,0) classSizeGTE(4442188,0) classSizeGTE(4442193,0) classSizeGTE(4442198,0) classSizeGTE(4442203,0) classSizeGTE(4442208,0) classSizeGTE(4442213,0) classSizeGTE(4442218,0) classSizeGTE(4442233,0) classSizeGTE(4442238,0) classSizeGTE(4442243,0) classSizeGTE(4442258,0) classSizeGTE(4442268,0) classSizeGTE(4442273,0) classSizeGTE(4442283,0) classSizeGTE(4442293,0) classSizeGTE(4442303,0) classSizeGTE(4442308,0) classSizeGTE(4442313,0) classSizeGTE(4442318,0) classSizeGTE(4442323,0) classSizeGTE(4442333,0) classSizeGTE(4442338,0) classSizeGTE(4442343,0) classSizeGTE(4442348,0) classSizeGTE(4442353,0) classSizeGTE(4442358,0) classSizeGTE(4442363,0) classSizeGTE(4442373,0) classSizeGTE(4442378,0) classSizeGTE(4442383,0) classSizeGTE(4442388,0) classSizeGTE(4442393,0) classSizeGTE(4442398,0) classSizeGTE(4442408,0) classSizeGTE(4442423,0) classSizeGTE(4442433,0) classSizeGTE(4442438,0) classSizeGTE(4442443,0) classSizeGTE(4442463,0) classSizeGTE(4442473,0) classSizeGTE(4442478,0) classSizeGTE(4442488,0) classSizeGTE(4442493,0) classSizeGTE(4442498,0) classSizeGTE(4442508,0) classSizeGTE(4442513,0) classSizeGTE(4442518,0) classSizeGTE(4442528,0) classSizeGTE(4442533,0) classSizeGTE(4442548,0) classSizeGTE(4442553,0) classSizeGTE(4442558,0) classSizeGTE(4442563,0) classSizeGTE(4442573,0) classSizeGTE(4442593,0) classSizeGTE(4442598,0) classSizeGTE(4442603,0) classSizeGTE(4442608,0) classSizeGTE(4442618,0) classSizeGTE(4442628,0) classSizeGTE(4442638,0) classSizeGTE(4442648,0) classSizeGTE(4442653,0) classSizeGTE(4442658,0) classSizeGTE(4442673,0) classSizeGTE(4442678,0) classSizeGTE(4442688,0) classSizeGTE(4442693,0) classSizeGTE(4442698,0) classSizeGTE(4442703,0) classSizeGTE(4442718,0) classSizeGTE(4442738,0) classSizeGTE(4442743,0) classSizeGTE(4442748,0) classSizeGTE(4442753,0) classSizeGTE(4442763,0) classSizeGTE(4442773,0) classSizeGTE(4442783,0) classSizeGTE(4442788,0) classSizeGTE(4442793,0) classSizeGTE(4442798,0) classSizeGTE(4442808,0) classSizeGTE(4442818,0) classSizeGTE(4442823,0) classSizeGTE(4442838,0) classSizeGTE(4442848,0) classSizeGTE(4442853,0) classSizeGTE(4442858,0) classSizeGTE(4442863,0) classSizeGTE(4442868,0) classSizeGTE(4442873,0) classSizeGTE(4450336,0) classSizeGTE(4464981,0) classSizeGTE(4470736,0) classSizeGTE(4471504,0) classSizeGTE(4471568,0) classSizeGTE(4471632,0) classSizeGTE(4471792,0) classSizeGTE(4472208,0) classSizeGTE(4472384,0) classSizeGTE(4472496,0) classSizeGTE(4472560,0) classSizeGTE(4472624,0) classSizeGTE(4472688,0) classSizeGTE(4472784,0) classSizeGTE(4472848,0) classSizeGTE(4472944,0) classSizeGTE(4473008,0) classSizeGTE(4473200,0) classSizeGTE(4473264,0) classSizeGTE(4473360,0) classSizeGTE(4473424,0) classSizeGTE(4473520,0) classSizeGTE(4473600,0) classSizeGTE(4473680,0) classSizeGTE(4473776,0) classSizeGTE(4473872,0) classSizeGTE(4473984,0) classSizeGTE(4474080,0) classSizeGTE(4474144,0) classSizeGTE(4474208,0) classSizeGTE(4474272,0) classSizeGTE(4474336,0) classSizeGTE(4474400,0) classSizeGTE(4474464,0) classSizeGTE(4474528,0) classSizeGTE(4474592,0) classSizeGTE(4474656,0) classSizeGTE(4474816,0) classSizeGTE(4474880,0) classSizeGTE(4475344,0) classSizeGTE(4475408,0) classSizeGTE(4475856,0) classSizeGTE(4475920,0) classSizeGTE(4476096,0) classSizeGTE(4476544,0) classSizeGTE(4476640,0) classSizeGTE(4476752,0) classSizeGTE(4476816,0) classSizeGTE(4476992,0) classSizeGTE(4477472,0) classSizeGTE(4477536,0) classSizeGTE(4477888,0) classSizeGTE(4477968,0) classSizeGTE(4478128,0) classSizeGTE(4478192,0) classSizeGTE(4478256,0) classSizeGTE(4478320,0) classSizeGTE(4478400,0) classSizeGTE(4478512,0) classSizeGTE(4478576,0) classSizeGTE(4478752,0) classSizeGTE(4478832,0) classSizeGTE(4478912,0) classSizeGTE(4478976,0) classSizeGTE(4479056,0) classSizeGTE(4479248,0) classSizeGTE(4479328,0) classSizeGTE(4479520,0) classSizeGTE(4479600,0) classSizeGTE(4480048,0) classSizeGTE(4480240,0) classSizeGTE(4480848,0) classSizeGTE(4481056,0) classSizeGTE(4482544,0) classSizeGTE(4482800,0) classSizeGTE(4482912,0) classSizeGTE(4483008,0) classSizeGTE(4483088,0) classSizeGTE(4483856,0) classSizeGTE(4484560,0) classSizeGTE(4484624,0) classSizeGTE(4486464,0) classSizeGTE(4486624,0) classSizeGTE(4486944,0) classSizeGTE(4487008,0) classSizeGTE(4487248,0) classSizeGTE(4487408,0) classSizeGTE(4487792,0) classSizeGTE(4487968,0) classSizeGTE(4488160,0) classSizeGTE(4488336,0) classSizeGTE(4488528,0) classSizeGTE(4488944,0) classSizeGTE(4489008,0) classSizeGTE(4489952,0) classSizeGTE(4490080,0) classSizeGTE(4492032,0) classSizeGTE(4492400,0) classSizeGTE(4492496,0) classSizeGTE(4493040,0) classSizeGTE(4496784,0) classSizeGTE(4497024,0) classSizeGTE(4497168,0) classSizeGTE(4497248,0) classSizeGTE(4497984,0) classSizeGTE(4498080,0) classSizeGTE(4498960,0) classSizeGTE(4499744,0) classSizeGTE(4500688,0) classSizeGTE(4502432,0) classSizeGTE(4503088,0) classSizeGTE(4503472,0) classSizeGTE(4503584,0) classSizeGTE(4504816,0) classSizeGTE(4505376,0) classSizeGTE(4505520,0) classSizeGTE(4505680,0) classSizeGTE(4505824,0) classSizeGTE(4505984,0) classSizeGTE(4506192,0) classSizeGTE(4506400,0) classSizeGTE(4506608,0) classSizeGTE(4506816,0) classSizeGTE(4506912,0) classSizeGTE(4507520,0) classSizeGTE(4507584,0) classSizeGTE(4508624,0) classSizeGTE(4509152,0) classSizeGTE(4509264,0) classSizeGTE(4509376,0) classSizeGTE(4514560,0) classSizeGTE(4516593,0) classSizeGTE(4516816,0) classSizeGTE(4516880,0) classSizeGTE(4520816,0) classSizeGTE(4521728,0) classSizeGTE(4525888,0) classSizeGTE(4525952,0) classSizeGTE(4526432,0) classSizeGTE(4526720,0) classSizeGTE(4528219,0) classSizeGTE(4528592,0) classSizeGTE(4528688,0) classSizeGTE(4528736,0) classSizeGTE(4529088,0) classSizeGTE(4529424,0) classSizeGTE(4529488,0) classSizeGTE(4529520,0) classSizeGTE(4529584,0) classSizeGTE(4529632,0) classSizeGTE(4530844,0) classSizeGTE(4531392,0) classSizeGTE(4531682,0) classSizeGTE(4534189,0) classSizeGTE(4534417,0) classSizeGTE(4536534,0) classSizeGTE(4536688,0) classSizeGTE(4536934,0) classSizeGTE(4537024,0) classSizeGTE(4537072,0) classSizeGTE(4537088,0) classSizeGTE(4538229,0) classSizeGTE(4538560,0) classSizeGTE(4538854,0) classSizeGTE(4539230,0) classSizeGTE(4539344,0) classSizeGTE(4539376,0) classSizeGTE(4539808,0) classSizeGTE(4539936,0) classSizeGTE(4540000,0) classSizeGTE(4540048,0) classSizeGTE(4540571,0) classSizeGTE(4541488,0) classSizeGTE(4541760,0) classSizeGTE(4541824,0) classSizeGTE(4542570,0) classSizeGTE(4543360,0) classSizeGTE(4546384,0) classSizeGTE(4546432,0) classSizeGTE(4546464,0) classSizeGTE(4547696,0) classSizeGTE(4547728,0) classSizeGTE(4547744,0) classSizeGTE(4548096,0) classSizeGTE(4554656,0) classSizeGTE(4555936,0) classSizeGTE(4555952,0) classSizeGTE(4556624,0) classSizeGTE(4556736,0) classSizeGTE(4558240,0) classSizeGTE(4558320,0) classSizeGTE(4558368,0) classSizeGTE(4558400,0) classSizeGTE(4558432,0) classSizeGTE(4558544,0) classSizeGTE(4558608,0) classSizeGTE(4559296,0) classSizeGTE(4559376,0) classSizeGTE(4559392,0) classSizeGTE(4559408,0) classSizeGTE(4559424,0) classSizeGTE(4559840,0) classSizeGTE(4561040,0) classSizeGTE(4561184,0) classSizeGTE(4561232,0) classSizeGTE(4561328,0) classSizeGTE(4561337,0) classSizeGTE(4561382,0) classSizeGTE(4562880,0) classSizeGTE(4562944,0) classSizeGTE(4563008,0) classSizeGTE(4563072,0) classSizeGTE(4563104,0) classSizeGTE(4563152,0) classSizeGTE(4563184,0) classSizeGTE(4563386,0) classSizeGTE(4564096,0) classSizeGTE(4564320,0) classSizeGTE(4564384,0) classSizeGTE(4564576,0) classSizeGTE(4564640,0) classSizeGTE(4564752,0) classSizeGTE(4571568,0) classSizeGTE(4571600,0) classSizeGTE(4571648,0) classSizeGTE(4571680,0) classSizeGTE(4572416,0) classSizeGTE(4573024,0) classSizeGTE(4573120,0) classSizeGTE(4573216,0) classSizeGTE(4573984,0) classSizeGTE(4574032,0) classSizeGTE(4575184,0) classSizeGTE(4575232,0) classSizeGTE(4575328,0) classSizeGTE(4575424,0) classSizeGTE(4575664,0) classSizeGTE(4575888,0) classSizeGTE(4576112,0) classSizeGTE(4576336,0) classSizeGTE(4576576,0) classSizeGTE(4576800,0) classSizeGTE(4577024,0) classSizeGTE(4577264,0) classSizeGTE(4577504,0) classSizeGTE(4577744,0) classSizeGTE(4578000,0) classSizeGTE(4578016,0) classSizeGTE(4578160,0) classSizeGTE(4578320,0) classSizeGTE(4578800,0) classSizeGTE(4579056,0) classSizeGTE(4579072,0) classSizeGTE(4579664,0) classSizeGTE(4587984,0) classSizeGTE(4588032,0) classSizeGTE(4588080,0) classSizeGTE(4588128,0) classSizeGTE(4588160,0) classSizeGTE(4588272,0) classSizeGTE(4588768,0) classSizeGTE(4588848,0) classSizeGTE(4588912,0) classSizeGTE(4588960,0) classSizeGTE(4589008,0) classSizeGTE(4589072,0) classSizeGTE(4590550,0) classSizeGTE(4592272,0) classSizeGTE(4592832,0) classSizeGTE(4594384,0) classSizeGTE(4594560,0) classSizeGTE(4595472,0) classSizeGTE(4595920,0) classSizeGTE(4595936,0) classSizeGTE(4596016,0) classSizeGTE(4596064,0) classSizeGTE(4596112,0) classSizeGTE(4596128,0) classSizeGTE(4596224,0) classSizeGTE(4596240,0) classSizeGTE(4596256,0) classSizeGTE(4596448,0) classSizeGTE(4596480,0) classSizeGTE(4596560,0) classSizeGTE(4597268,0) classSizeGTE(4597472,0) classSizeGTE(4597504,0) classSizeGTE(4597552,0) classSizeGTE(4598774,0) classSizeGTE(4600416,0) classSizeGTE(4600432,0) classSizeGTE(4600800,0) classSizeGTE(4601216,0) classSizeGTE(4601328,0) classSizeGTE(4601392,0) classSizeGTE(4601408,0) classSizeGTE(4601488,0) classSizeGTE(4601600,0) classSizeGTE(4601809,0) classSizeGTE(4602510,0) classSizeGTE(4602768,0) classSizeGTE(4603104,0) classSizeGTE(4604160,0) classSizeGTE(4604320,0) classSizeGTE(4604592,0) classSizeGTE(4605632,0) classSizeGTE(4605824,0) classSizeGTE(4606192,0) classSizeGTE(4606576,0) classSizeGTE(4607504,0) classSizeGTE(4607664,0) classSizeGTE(4607800,0) classSizeGTE(4607920,0) classSizeGTE(4607952,0) classSizeGTE(4607984,0) classSizeGTE(4608032,0) classSizeGTE(4608048,0) classSizeGTE(4608144,0) classSizeGTE(4609122,0) classSizeGTE(4609209,0) classSizeGTE(4609960,0) classSizeGTE(4610069,0) classSizeGTE(4610416,0) classSizeGTE(4610432,0) classSizeGTE(4611024,0) classSizeGTE(4611088,0) classSizeGTE(4611152,0) classSizeGTE(4611216,0) classSizeGTE(4611280,0) classSizeGTE(4611344,0) classSizeGTE(4611696,0) classSizeGTE(4611920,0) classSizeGTE(4612272,0) classSizeGTE(4613904,0) classSizeGTE(4615424,0) classSizeGTE(4616240,0) classSizeGTE(4617620,0) classSizeGTE(4618512,0) classSizeGTE(4621564,0) classSizeGTE(4621760,0) classSizeGTE(4621904,0) classSizeGTE(4621974,0) classSizeGTE(4622002,0) classSizeGTE(4622025,0) classSizeGTE(4622050,0) classSizeGTE(4622075,0) classSizeGTE(4622192,0) classSizeGTE(4622256,0) classSizeGTE(4622670,0) classSizeGTE(4623593,0) classSizeGTE(4623712,0) classSizeGTE(4624688,0) classSizeGTE(4624816,0) classSizeGTE(4624912,0) classSizeGTE(4625600,0) classSizeGTE(4625712,0) classSizeGTE(4626832,0) classSizeGTE(4626912,0) classSizeGTE(4629824,0) classSizeGTE(4631120,0) classSizeGTE(4632368,0) classSizeGTE(4635104,0) classSizeGTE(4635168,0) classSizeGTE(4635472,0) classSizeGTE(4640072,0) classSizeGTE(4640283,0) classSizeGTE(4640816,0) classSizeGTE(4640928,0) classSizeGTE(4640976,0) classSizeGTE(4641024,0) classSizeGTE(4641104,0) classSizeGTE(4641232,0) classSizeGTE(4641392,0) classSizeGTE(4641840,0) classSizeGTE(4641936,0) classSizeGTE(4642960,0) classSizeGTE(4643376,0) classSizeGTE(4644992,0) classSizeGTE(4646928,0) classSizeGTE(4646976,0) classSizeGTE(4647088,0) classSizeGTE(4647632,0) classSizeGTE(4650816,0) classSizeGTE(4651040,0) classSizeGTE(4652832,0) classSizeGTE(4652848,0) classSizeGTE(4653008,0) classSizeGTE(4653168,0) classSizeGTE(4653328,0) classSizeGTE(4653936,0) classSizeGTE(4654320,0) classSizeGTE(4654768,0) classSizeGTE(4654800,0) classSizeGTE(4662496,0) classSizeGTE(4663099,0) classSizeGTE(4663584,0) classSizeGTE(4663966,0) classSizeGTE(4664549,0) classSizeGTE(4664852,0) classSizeGTE(4665056,0) classSizeGTE(4665088,0) classSizeGTE(4666064,0) classSizeGTE(4667056,0) classSizeGTE(4667088,0) classSizeGTE(4668496,0) classSizeGTE(4668560,0) classSizeGTE(4668672,0) classSizeGTE(4668800,0) classSizeGTE(4668880,0) classSizeGTE(4668944,0) classSizeGTE(4669024,0) classSizeGTE(4669120,0) classSizeGTE(4669168,0) classSizeGTE(4669232,0) classSizeGTE(4669360,0) classSizeGTE(4669440,0) classSizeGTE(4669552,0) classSizeGTE(4669600,0) classSizeGTE(4669648,0) classSizeGTE(4669760,0) classSizeGTE(4669808,0) classSizeGTE(4669856,0) classSizeGTE(4669968,0) classSizeGTE(4670016,0) classSizeGTE(4670896,0) classSizeGTE(4676976,0) classSizeGTE(4685952,0) classSizeGTE(4695648,0) classSizeGTE(4695744,0) classSizeGTE(4697312,0) classSizeGTE(4697360,0) classSizeGTE(4697456,0) classSizeGTE(4703136,0) classSizeGTE(4703408,0) classSizeGTE(4704688,0) classSizeGTE(4704768,0) classSizeGTE(4704896,0) classSizeGTE(4705168,0) classSizeGTE(4711616,0) classSizeGTE(4711824,0) classSizeGTE(4711904,0) classSizeGTE(4712128,0) classSizeGTE(4712912,0) classSizeGTE(4732112,0) classSizeGTE(4732160,0) classSizeGTE(4732176,0) classSizeGTE(4732644,0) classSizeGTE(4732866,0) classSizeGTE(4732973,0) classSizeGTE(4733760,0) classSizeGTE(4734082,0) classSizeGTE(4734137,0) classSizeGTE(4734572,0) classSizeGTE(4734772,0) classSizeGTE(4735024,0) classSizeGTE(4739808,0) classSizeGTE(4739824,0) classSizeGTE(4740624,0) classSizeGTE(4740816,0) classSizeGTE(4740928,0) classSizeGTE(4741760,0) classSizeGTE(4741808,0) classSizeGTE(4741936,0) classSizeGTE(4742032,0) classSizeGTE(4742128,0) classSizeGTE(4742160,0) classSizeGTE(4742192,0) classSizeGTE(4742224,0) classSizeGTE(4742256,0) classSizeGTE(4742288,0) classSizeGTE(4742320,0) classSizeGTE(4742352,0) classSizeGTE(4742384,0) classSizeGTE(4742416,0) classSizeGTE(4742448,0) classSizeGTE(4742480,0) classSizeGTE(4742512,0) classSizeGTE(4742544,0) classSizeGTE(4742576,0) classSizeGTE(4742608,0) classSizeGTE(4742640,0) classSizeGTE(4742672,0) classSizeGTE(4742704,0) classSizeGTE(4742736,0) classSizeGTE(4742768,0) classSizeGTE(4742800,0) classSizeGTE(4742832,0) classSizeGTE(4742864,0) classSizeGTE(4742896,0) classSizeGTE(4742976,0) classSizeGTE(4743056,0) classSizeGTE(4743136,0) classSizeGTE(4744416,0) classSizeGTE(4744464,0) classSizeGTE(4744720,0) classSizeGTE(4744864,0) classSizeGTE(4745024,0) classSizeGTE(4745744,0) classSizeGTE(4745792,0) classSizeGTE(4747477,0) classSizeGTE(4750058,0) classSizeGTE(4753824,0) classSizeGTE(4754896,0) classSizeGTE(4755584,0) classSizeGTE(4756496,0) classSizeGTE(4756608,0) classSizeGTE(4761152,0) classSizeGTE(4764240,0) classSizeGTE(4764400,0) classSizeGTE(4766352,0) classSizeGTE(4766512,0) classSizeGTE(4767136,0) classSizeGTE(4772560,0) classSizeGTE(4772867,0) classSizeGTE(4773211,0) classSizeGTE(4773424,0) classSizeGTE(4773680,0) classSizeGTE(4773968,0) classSizeGTE(4775120,0) classSizeGTE(4775295,0) classSizeGTE(4775440,0) classSizeGTE(4776912,0) classSizeGTE(4777648,0) classSizeGTE(4782784,0) classSizeGTE(4782928,0) classSizeGTE(4782976,0) classSizeGTE(4784464,0) classSizeGTE(4784512,0) classSizeGTE(4785440,0) classSizeGTE(4785488,0) classSizeGTE(4785520,0) classSizeGTE(4785589,0) classSizeGTE(4785721,0) classSizeGTE(4798624,0) classSizeGTE(4818496,0) classSizeGTE(4818592,0) classSizeGTE(4818928,0) classSizeGTE(4818976,0) classSizeGTE(4819024,0) classSizeGTE(4821312,0) classSizeGTE(4821536,0) classSizeGTE(4822128,0) classSizeGTE(4822144,0) classSizeGTE(4822368,0) classSizeGTE(4822752,0) classSizeGTE(4822962,0) classSizeGTE(4823056,0) classSizeGTE(4823136,0) classSizeGTE(4823411,0) classSizeGTE(4823504,0) classSizeGTE(4823696,0) classSizeGTE(4824400,0) classSizeGTE(4824448,0) classSizeGTE(4825440,0) classSizeGTE(4825584,0) classSizeGTE(4826432,0) classSizeGTE(4829440,0) classSizeGTE(4829760,0) classSizeGTE(4830992,0) classSizeGTE(4831152,0) classSizeGTE(4832016,0) classSizeGTE(4832336,0) classSizeGTE(4832896,0) classSizeGTE(4833696,0) classSizeGTE(4835152,0) classSizeGTE(4842176,0) classSizeGTE(4845456,0) classSizeGTE(4845696,0) classSizeGTE(4846048,0) classSizeGTE(4846512,0) classSizeGTE(4846608,0) classSizeGTE(4846960,0) classSizeGTE(4848112,0) classSizeGTE(4848544,0) classSizeGTE(4848960,0) classSizeGTE(4849184,0) classSizeGTE(4851024,0) classSizeGTE(4851616,0) classSizeGTE(4851648,0) classSizeGTE(4852064,0) classSizeGTE(4853424,0) classSizeGTE(4853872,0) classSizeGTE(4854560,0) classSizeGTE(4856800,0) classSizeGTE(4857200,0) classSizeGTE(4857904,0) classSizeGTE(4857984,0) classSizeGTE(4858064,0) classSizeGTE(4858128,0) classSizeGTE(4858192,0) classSizeGTE(4858240,0) classSizeGTE(4858272,0) classSizeGTE(4858304,0) classSizeGTE(4858336,0) classSizeGTE(4858368,0) classSizeGTE(4858496,0) classSizeGTE(4859056,0) classSizeGTE(4859088,0) classSizeGTE(4859168,0) classSizeGTE(4859312,0) classSizeGTE(4859504,0) classSizeGTE(4859536,0) classSizeGTE(4859568,0) classSizeGTE(4859600,0) classSizeGTE(4859632,0) classSizeGTE(4859664,0) classSizeGTE(4859696,0) classSizeGTE(4859728,0) classSizeGTE(4859760,0) classSizeGTE(4859792,0) classSizeGTE(4859824,0) classSizeGTE(4859856,0) classSizeGTE(4859888,0) classSizeGTE(4859920,0) classSizeGTE(4859952,0) classSizeGTE(4860016,0) classSizeGTE(4860048,0) classSizeGTE(4860080,0) classSizeGTE(4860416,0) classSizeGTE(4860448,0) classSizeGTE(4860512,0) classSizeGTE(4860576,0) classSizeGTE(4860640,0) classSizeGTE(4860880,0) classSizeGTE(4861152,0) classSizeGTE(4861200,0) classSizeGTE(4861584,0) classSizeGTE(4861888,0) classSizeGTE(4862768,0) classSizeGTE(4862800,0) classSizeGTE(4863200,0) classSizeGTE(4863680,0) classSizeGTE(4864032,0) classSizeGTE(4864080,0) classSizeGTE(4864112,0) classSizeGTE(4864144,0) classSizeGTE(4864192,0) classSizeGTE(4864304,0) classSizeGTE(4864368,0) classSizeGTE(4864448,0) classSizeGTE(4864496,0) classSizeGTE(4864528,0) classSizeGTE(4864560,0) classSizeGTE(4864608,0) classSizeGTE(4864640,0) classSizeGTE(4864688,0) classSizeGTE(4864720,0) classSizeGTE(4864768,0) classSizeGTE(4864800,0) classSizeGTE(4864848,0) classSizeGTE(4864912,0) classSizeGTE(4864976,0) classSizeGTE(4865152,0) classSizeGTE(4865232,0) classSizeGTE(4865312,0) classSizeGTE(4865392,0) classSizeGTE(4865472,0) classSizeGTE(4865552,0) classSizeGTE(4865632,0) classSizeGTE(4865808,0) classSizeGTE(4865984,0) classSizeGTE(4866176,0) classSizeGTE(4866304,0) classSizeGTE(4866528,0) classSizeGTE(4866656,0) classSizeGTE(4866768,0) classSizeGTE(4867040,0) classSizeGTE(4867312,0) classSizeGTE(4867360,0) classSizeGTE(4867744,0) classSizeGTE(4868064,0) classSizeGTE(4868464,0) classSizeGTE(4868496,0) classSizeGTE(4868528,0) classSizeGTE(4868704,0) classSizeGTE(4868832,0) classSizeGTE(4868864,0) classSizeGTE(4868928,0) classSizeGTE(4868960,0) classSizeGTE(4868992,0) classSizeGTE(4869056,0) classSizeGTE(4869248,0) classSizeGTE(4869280,0) classSizeGTE(4869360,0) classSizeGTE(4869424,0) classSizeGTE(4869504,0) classSizeGTE(4869632,0) classSizeGTE(4869696,0) classSizeGTE(4869760,0) classSizeGTE(4869840,0) classSizeGTE(4869936,0) classSizeGTE(4869968,0) classSizeGTE(4870016,0) classSizeGTE(4870096,0) classSizeGTE(4870320,0) classSizeGTE(4870400,0) classSizeGTE(4870496,0) classSizeGTE(4870592,0) classSizeGTE(4870704,0) classSizeGTE(4870784,0) classSizeGTE(4870864,0) classSizeGTE(4870976,0) classSizeGTE(4871024,0) classSizeGTE(4871056,0) classSizeGTE(4871104,0) classSizeGTE(4871136,0) classSizeGTE(4871184,0) classSizeGTE(4871216,0) classSizeGTE(4871264,0) classSizeGTE(4871312,0) classSizeGTE(4871360,0) classSizeGTE(4871408,0) classSizeGTE(4871456,0) classSizeGTE(4871504,0) classSizeGTE(4871552,0) classSizeGTE(4871600,0) classSizeGTE(4871648,0) classSizeGTE(4871680,0) classSizeGTE(4871728,0) classSizeGTE(4871760,0) classSizeGTE(4871808,0) classSizeGTE(4871840,0) classSizeGTE(4871984,0) classSizeGTE(4872016,0) classSizeGTE(4872272,0) classSizeGTE(4873008,0) classSizeGTE(4873312,0) classSizeGTE(4873984,0) classSizeGTE(4875024,0) classSizeGTE(4875104,0) classSizeGTE(4875152,0) classSizeGTE(4875920,0) classSizeGTE(4876192,0) classSizeGTE(4876368,0) classSizeGTE(4876592,0) classSizeGTE(4876704,0) classSizeGTE(4876768,0) classSizeGTE(4876848,0) classSizeGTE(4877152,0) classSizeGTE(4877200,0) classSizeGTE(4877456,0) classSizeGTE(4877888,0) classSizeGTE(4880384,0) classSizeGTE(4880400,0) classSizeGTE(4880496,0) classSizeGTE(4880576,0) classSizeGTE(4881136,0) classSizeGTE(4881200,0) classSizeGTE(4881248,0) classSizeGTE(4883504,0) classSizeGTE(4883664,0) classSizeGTE(4883936,0) classSizeGTE(4886192,0) classSizeGTE(4887792,0) classSizeGTE(4888464,0) classSizeGTE(4888880,0) classSizeGTE(4888960,0) classSizeGTE(4889184,0) classSizeGTE(4889280,0) classSizeGTE(4889440,0) classSizeGTE(4889600,0) classSizeGTE(4889728,0) classSizeGTE(4889760,0) classSizeGTE(4889888,0) classSizeGTE(4889920,0) classSizeGTE(4890992,0) classSizeGTE(4891040,0) classSizeGTE(4891136,0) classSizeGTE(4892256,0) classSizeGTE(4892304,0) classSizeGTE(4892416,0) classSizeGTE(4893504,0) classSizeGTE(4893584,0) classSizeGTE(4894960,0) classSizeGTE(4896528,0) classSizeGTE(4896656,0) classSizeGTE(4896704,0) classSizeGTE(4896752,0) classSizeGTE(4897760,0) classSizeGTE(4902242,0) classSizeGTE(4902320,0) classSizeGTE(4903264,0) classSizeGTE(4904960,0) classSizeGTE(4905952,0) classSizeGTE(4906112,0) classSizeGTE(4906832,0) classSizeGTE(4910464,0) classSizeGTE(4911024,0) classSizeGTE(4911440,0) classSizeGTE(4911888,0) classSizeGTE(4912064,0) classSizeGTE(4912320,0) classSizeGTE(4912736,0) classSizeGTE(4913152,0) classSizeGTE(4913328,0) classSizeGTE(4913376,0) classSizeGTE(4915712,0) classSizeGTE(4916192,0) classSizeGTE(4916240,0) classSizeGTE(4916288,0) classSizeGTE(4917328,0) classSizeGTE(4918640,0) classSizeGTE(4918960,0) classSizeGTE(4919024,0) classSizeGTE(4919104,0) classSizeGTE(4919216,0) classSizeGTE(4919268,0) classSizeGTE(4919274,0) classSizeGTE(4919280,0) classSizeGTE(4919286,0) classSizeGTE(4919292,0) classSizeGTE(4919298,0) classSizeGTE(4919304,0) classSizeGTE(4919310,0) classSizeGTE(4919316,0) classSizeGTE(4919322,0) classSizeGTE(4919328,0) classSizeGTE(4919334,0) classSizeGTE(4919340,0) classSizeGTE(4919346,0) classSizeGTE(4919352,0) classSizeGTE(4919358,0) classSizeGTE(4919364,0) classSizeGTE(4919370,0) classSizeGTE(4919376,0) classSizeGTE(4919382,0) classSizeGTE(4919388,0) classSizeGTE(4919394,0) classSizeGTE(4919400,0) classSizeGTE(4919406,0) classSizeGTE(4919412,0) classSizeGTE(4919418,0) classSizeGTE(4919424,0) classSizeGTE(4919430,0) classSizeGTE(4919436,0) classSizeGTE(4919442,0) classSizeGTE(4919448,0) classSizeGTE(4919454,0) classSizeGTE(4919460,0) classSizeGTE(4919466,0) classSizeGTE(4919472,0) classSizeGTE(4919478,0) classSizeGTE(4919484,0) classSizeGTE(4919490,0) classSizeGTE(4919496,0) classSizeGTE(4919502,0) classSizeGTE(4919508,0) classSizeGTE(4919514,0) classSizeGTE(4919520,0) classSizeGTE(4919526,0) classSizeGTE(4919532,0) classSizeGTE(4919538,0) classSizeGTE(4919544,0) classSizeGTE(4919550,0) classSizeGTE(4919556,0) classSizeGTE(4919562,0) classSizeGTE(4919568,0) classSizeGTE(4919574,0) classSizeGTE(4919580,0) classSizeGTE(4919586,0) classSizeGTE(4919592,0) classSizeGTE(4919598,0) classSizeGTE(4919604,0) classSizeGTE(4919610,0) classSizeGTE(4919616,0) classSizeGTE(4919622,0) classSizeGTE(4919628,0) classSizeGTE(4919634,0) classSizeGTE(4919640,0) classSizeGTE(4919646,0) classSizeGTE(4919652,0) classSizeGTE(4919658,0) classSizeGTE(4919664,0) classSizeGTE(4919670,0) classSizeGTE(4919676,0) classSizeGTE(4919682,0) classSizeGTE(4919688,0) classSizeGTE(4919694,0) classSizeGTE(4919700,0) classSizeGTE(4919706,0) classSizeGTE(4919712,0) classSizeGTE(4919718,0) classSizeGTE(4919724,0) classSizeGTE(4919730,0) classSizeGTE(4919736,0) classSizeGTE(4919742,0) classSizeGTE(4919748,0) classSizeGTE(4919754,0) classSizeGTE(4919760,0) classSizeGTE(4919766,0) classSizeGTE(4919772,0) classSizeGTE(4922701,0) classSizeGTE(4922984,0) classSizeGTE(4923032,0) classSizeGTE(4923102,0) classSizeGTE(4923182,0) classSizeGTE(4923240,0) classSizeGTE(4923288,0) classSizeGTE(4923358,0) classSizeGTE(4923438,0) classSizeGTE(4923496,0) classSizeGTE(4923555,0) classSizeGTE(4923619,0) classSizeGTE(4923683,0) classSizeGTE(4923747,0) classSizeGTE(4923806,0) classSizeGTE(4923875,0) classSizeGTE(4923939,0) classSizeGTE(4924003,0) classSizeGTE(4924056,0) classSizeGTE(4924110,0) classSizeGTE(4924176,0) classSizeGTE(4924232,0) classSizeGTE(4924286,0) classSizeGTE(4924344,0) classSizeGTE(4924398,0) classSizeGTE(4924489,0) classSizeGTE(4924585,0) classSizeGTE(4924654,0) classSizeGTE(4924718,0) classSizeGTE(4924787,0) classSizeGTE(4924851,0) classSizeGTE(4924910,0) classSizeGTE(4924976,0) classSizeGTE(4925032,0) classSizeGTE(4925156,0) classSizeGTE(4925238,0) classSizeGTE(4925310,0) classSizeGTE(4925368,0) classSizeGTE(4925435,0) classSizeGTE(4925496,0) classSizeGTE(4925544,0) classSizeGTE(4925623,0) classSizeGTE(4925719,0) classSizeGTE(4925815,0) classSizeGTE(4925880,0) classSizeGTE(4925920,0) classSizeGTE(4925976,0) classSizeGTE(4926024,0) classSizeGTE(4926064,0) classSizeGTE(4926078,0) classSizeGTE(4926136,0) classSizeGTE(4930352,0) classSizeGTE(4440938,0) classSizeGTE(4564240,0) classSizeGTE(4449840,0) classSizeGTE(4450096,0) classSizeGTE(4481344,0) classSizeGTE(4481520,0) classSizeGTE(4509488,0) classSizeGTE(4510096,0) classSizeGTE(4510208,0) classSizeGTE(4511648,0) classSizeGTE(4512112,0) classSizeGTE(4512256,0) classSizeGTE(4512624,0) classSizeGTE(4514112,0) classSizeGTE(4514688,0) classSizeGTE(4515440,0) classSizeGTE(4526800,0) classSizeGTE(4527280,0) classSizeGTE(4527616,0) classSizeGTE(4527952,0) classSizeGTE(4528352,0) classSizeGTE(4528400,0) classSizeGTE(4528448,0) classSizeGTE(4528496,0) classSizeGTE(4528544,0) classSizeGTE(4528912,0) classSizeGTE(4528960,0) classSizeGTE(4529152,0) classSizeGTE(4529744,0) classSizeGTE(4529888,0) classSizeGTE(4529920,0) classSizeGTE(4531120,0) classSizeGTE(4531232,0) classSizeGTE(4531504,0) classSizeGTE(4531568,0) classSizeGTE(4531760,0) classSizeGTE(4533680,0) classSizeGTE(4533904,0) classSizeGTE(4533952,0) classSizeGTE(4534288,0) classSizeGTE(4534320,0) classSizeGTE(4534480,0) classSizeGTE(4536048,0) classSizeGTE(4536080,0) classSizeGTE(4536736,0) classSizeGTE(4537168,0) classSizeGTE(4538976,0) classSizeGTE(4539472,0) classSizeGTE(4540064,0) classSizeGTE(4540736,0) classSizeGTE(4541408,0) classSizeGTE(4541856,0) classSizeGTE(4542832,0) classSizeGTE(4543440,0) classSizeGTE(4543600,0) classSizeGTE(4543936,0) classSizeGTE(4543984,0) classSizeGTE(4544032,0) classSizeGTE(4544080,0) classSizeGTE(4544128,0) classSizeGTE(4544176,0) classSizeGTE(4544240,0) classSizeGTE(4544288,0) classSizeGTE(4544848,0) classSizeGTE(4544896,0) classSizeGTE(4544944,0) classSizeGTE(4545888,0) classSizeGTE(4546128,0) classSizeGTE(4546160,0) classSizeGTE(4546480,0) classSizeGTE(4546528,0) classSizeGTE(4546864,0) classSizeGTE(4547489,0) classSizeGTE(4548048,0) classSizeGTE(4548272,0) classSizeGTE(4548497,0) classSizeGTE(4548608,0) classSizeGTE(4548928,0) classSizeGTE(4549802,0) classSizeGTE(4550064,0) classSizeGTE(4550553,0) classSizeGTE(4550720,0) classSizeGTE(4550752,0) classSizeGTE(4550960,0) classSizeGTE(4554720,0) classSizeGTE(4554800,0) classSizeGTE(4555437,0) classSizeGTE(4555648,0) classSizeGTE(4555712,0) classSizeGTE(4555776,0) classSizeGTE(4555824,0) classSizeGTE(4555888,0) classSizeGTE(4556368,0) classSizeGTE(4556432,0) classSizeGTE(4556544,0) classSizeGTE(4556816,0) classSizeGTE(4557024,0) classSizeGTE(4557056,0) classSizeGTE(4557088,0) classSizeGTE(4557120,0) classSizeGTE(4557152,0) classSizeGTE(4557200,0) classSizeGTE(4557616,0) classSizeGTE(4558046,0) classSizeGTE(4558688,0) classSizeGTE(4558992,0) classSizeGTE(4559536,0) classSizeGTE(4559616,0) classSizeGTE(4559696,0) classSizeGTE(4559776,0) classSizeGTE(4559984,0) classSizeGTE(4560080,0) classSizeGTE(4560608,0) classSizeGTE(4560768,0) classSizeGTE(4560832,0) classSizeGTE(4560896,0) classSizeGTE(4561008,0) classSizeGTE(4563472,0) classSizeGTE(4563504,0) classSizeGTE(4564032,0) classSizeGTE(4564416,0) classSizeGTE(4564800,0) classSizeGTE(4565069,0) classSizeGTE(4565184,0) classSizeGTE(4567056,0) classSizeGTE(4567104,0) classSizeGTE(4567152,0) classSizeGTE(4567347,0) classSizeGTE(4567440,0) classSizeGTE(4568336,0) classSizeGTE(4568667,0) classSizeGTE(4568800,0) classSizeGTE(4569088,0) classSizeGTE(4569232,0) classSizeGTE(4569376,0) classSizeGTE(4569935,0) classSizeGTE(4570128,0) classSizeGTE(4570687,0) classSizeGTE(4570880,0) classSizeGTE(4570944,0) classSizeGTE(4571376,0) classSizeGTE(4571440,0) classSizeGTE(4571504,0) classSizeGTE(4571712,0) classSizeGTE(4571744,0) classSizeGTE(4571792,0) classSizeGTE(4572176,0) classSizeGTE(4572208,0) classSizeGTE(4572320,0) classSizeGTE(4575600,0) classSizeGTE(4575824,0) classSizeGTE(4576048,0) classSizeGTE(4576272,0) classSizeGTE(4576512,0) classSizeGTE(4576736,0) classSizeGTE(4576960,0) classSizeGTE(4577200,0) classSizeGTE(4577440,0) classSizeGTE(4577680,0) classSizeGTE(4577904,0) classSizeGTE(4578096,0) classSizeGTE(4578240,0) classSizeGTE(4580848,0) classSizeGTE(4581280,0) classSizeGTE(4581456,0) classSizeGTE(4587472,0) classSizeGTE(4587680,0) classSizeGTE(4587760,0) classSizeGTE(4588336,0) classSizeGTE(4589232,0) classSizeGTE(4589296,0) classSizeGTE(4589456,0) classSizeGTE(4589520,0) classSizeGTE(4589680,0) classSizeGTE(4589728,0) classSizeGTE(4589776,0) classSizeGTE(4590784,0) classSizeGTE(4590864,0) classSizeGTE(4590912,0) classSizeGTE(4592192,0) classSizeGTE(4592960,0) classSizeGTE(4593207,0) classSizeGTE(4593312,0) classSizeGTE(4593360,0) classSizeGTE(4593408,0) classSizeGTE(4593456,0) classSizeGTE(4593504,0) classSizeGTE(4593552,0) classSizeGTE(4593600,0) classSizeGTE(4593712,0) classSizeGTE(4594768,0) classSizeGTE(4595088,0) classSizeGTE(4595616,0) classSizeGTE(4596147,0) classSizeGTE(4596288,0) classSizeGTE(4596368,0) classSizeGTE(4596736,0) classSizeGTE(4596976,0) classSizeGTE(4597392,0) classSizeGTE(4597712,0) classSizeGTE(4597888,0) classSizeGTE(4598000,0) classSizeGTE(4599008,0) classSizeGTE(4599088,0) classSizeGTE(4599136,0) classSizeGTE(4600464,0) classSizeGTE(4600896,0) classSizeGTE(4601536,0) classSizeGTE(4601936,0) classSizeGTE(4605776,0) classSizeGTE(4608192,0) classSizeGTE(4608832,0) classSizeGTE(4608944,0) classSizeGTE(4609312,0) classSizeGTE(4609552,0) classSizeGTE(4609600,0) classSizeGTE(4610256,0) classSizeGTE(4610448,0) classSizeGTE(4610960,0) classSizeGTE(4611408,0) classSizeGTE(4611456,0) classSizeGTE(4611504,0) classSizeGTE(4611552,0) classSizeGTE(4611600,0) classSizeGTE(4612352,0) classSizeGTE(4612577,0) classSizeGTE(4612688,0) classSizeGTE(4615216,0) classSizeGTE(4615568,0) classSizeGTE(4616060,0) classSizeGTE(4616496,0) classSizeGTE(4616672,0) classSizeGTE(4616788,0) classSizeGTE(4616864,0) classSizeGTE(4616976,0) classSizeGTE(4617216,0) classSizeGTE(4617248,0) classSizeGTE(4617575,0) classSizeGTE(4617776,0) classSizeGTE(4620992,0) classSizeGTE(4623424,0) classSizeGTE(4624330,0) classSizeGTE(4624848,0) classSizeGTE(4624880,0) classSizeGTE(4626960,0) classSizeGTE(4627056,0) classSizeGTE(4628272,0) classSizeGTE(4628320,0) classSizeGTE(4633296,0) classSizeGTE(4633644,0) classSizeGTE(4633776,0) classSizeGTE(4633840,0) classSizeGTE(4633904,0) classSizeGTE(4633952,0) classSizeGTE(4634016,0) classSizeGTE(4634064,0) classSizeGTE(4634750,0) classSizeGTE(4634976,0) classSizeGTE(4635232,0) classSizeGTE(4635504,0) classSizeGTE(4636256,0) classSizeGTE(4636352,0) classSizeGTE(4636448,0) classSizeGTE(4637216,0) classSizeGTE(4637264,0) classSizeGTE(4638448,0) classSizeGTE(4638496,0) classSizeGTE(4638592,0) classSizeGTE(4638688,0) classSizeGTE(4639319,0) classSizeGTE(4639520,0) classSizeGTE(4639568,0) classSizeGTE(4639616,0) classSizeGTE(4639664,0) classSizeGTE(4639712,0) classSizeGTE(4639760,0) classSizeGTE(4639808,0) classSizeGTE(4640192,0) classSizeGTE(4640352,0) classSizeGTE(4640768,0) classSizeGTE(4641744,0) classSizeGTE(4642992,0) classSizeGTE(4643152,0) classSizeGTE(4643200,0) classSizeGTE(4643408,0) classSizeGTE(4644080,0) classSizeGTE(4645024,0) classSizeGTE(4645456,0) classSizeGTE(4647136,0) classSizeGTE(4647856,0) classSizeGTE(4648016,0) classSizeGTE(4648317,0) classSizeGTE(4648496,0) classSizeGTE(4648736,0) classSizeGTE(4649208,0) classSizeGTE(4649552,0) classSizeGTE(4649696,0) classSizeGTE(4650480,0) classSizeGTE(4651136,0) classSizeGTE(4651168,0) classSizeGTE(4651792,0) classSizeGTE(4652176,0) classSizeGTE(4652352,0) classSizeGTE(4653504,0) classSizeGTE(4653744,0) classSizeGTE(4654048,0) classSizeGTE(4654416,0) classSizeGTE(4654496,0) classSizeGTE(4654528,0) classSizeGTE(4655200,0) classSizeGTE(4655312,0) classSizeGTE(4655360,0) classSizeGTE(4655920,0) classSizeGTE(4657056,0) classSizeGTE(4657104,0) classSizeGTE(4659616,0) classSizeGTE(4659648,0) classSizeGTE(4659696,0) classSizeGTE(4660224,0) classSizeGTE(4660976,0) classSizeGTE(4661024,0) classSizeGTE(4661728,0) classSizeGTE(4661776,0) classSizeGTE(4662016,0) classSizeGTE(4662080,0) classSizeGTE(4662144,0) classSizeGTE(4662864,0) classSizeGTE(4663200,0) classSizeGTE(4663728,0) classSizeGTE(4664064,0) classSizeGTE(4664144,0) classSizeGTE(4664704,0) classSizeGTE(4664928,0) classSizeGTE(4665376,0) classSizeGTE(4665424,0) classSizeGTE(4666176,0) classSizeGTE(4666704,0) classSizeGTE(4668176,0) classSizeGTE(4670064,0) classSizeGTE(4670686,0) classSizeGTE(4675792,0) classSizeGTE(4676288,0) classSizeGTE(4676799,0) classSizeGTE(4677248,0) classSizeGTE(4678128,0) classSizeGTE(4685648,0) classSizeGTE(4685984,0) classSizeGTE(4686064,0) classSizeGTE(4686176,0) classSizeGTE(4686224,0) classSizeGTE(4686320,0) classSizeGTE(4695008,0) classSizeGTE(4695312,0) classSizeGTE(4695392,0) classSizeGTE(4695504,0) classSizeGTE(4695552,0) classSizeGTE(4697504,0) classSizeGTE(4697600,0) classSizeGTE(4699248,0) classSizeGTE(4699296,0) classSizeGTE(4699392,0) classSizeGTE(4699440,0) classSizeGTE(4699712,0) classSizeGTE(4705024,0) classSizeGTE(4731600,0) classSizeGTE(4731808,0) classSizeGTE(4731888,0) classSizeGTE(4732192,0) classSizeGTE(4732528,0) classSizeGTE(4732720,0) classSizeGTE(4733120,0) classSizeGTE(4733152,0) classSizeGTE(4733856,0) classSizeGTE(4733888,0) classSizeGTE(4734240,0) classSizeGTE(4734256,0) classSizeGTE(4735104,0) classSizeGTE(4736368,0) classSizeGTE(4738016,0) classSizeGTE(4738960,0) classSizeGTE(4739984,0) classSizeGTE(4743216,0) classSizeGTE(4743456,0) classSizeGTE(4744624,0) classSizeGTE(4745040,0) classSizeGTE(4745440,0) classSizeGTE(4745808,0) classSizeGTE(4747839,0) classSizeGTE(4748416,0) classSizeGTE(4750711,0) classSizeGTE(4751360,0) classSizeGTE(4752000,0) classSizeGTE(4752064,0) classSizeGTE(4752128,0) classSizeGTE(4752192,0) classSizeGTE(4752256,0) classSizeGTE(4752320,0) classSizeGTE(4752384,0) classSizeGTE(4752448,0) classSizeGTE(4752496,0) classSizeGTE(4752544,0) classSizeGTE(4752592,0) classSizeGTE(4752640,0) classSizeGTE(4753520,0) classSizeGTE(4754384,0) classSizeGTE(4756944,0) classSizeGTE(4757248,0) classSizeGTE(4763216,0) classSizeGTE(4764624,0) classSizeGTE(4767040,0) classSizeGTE(4767152,0) classSizeGTE(4767248,0) classSizeGTE(4767760,0) classSizeGTE(4767808,0) classSizeGTE(4768080,0) classSizeGTE(4768128,0) classSizeGTE(4768176,0) classSizeGTE(4768224,0) classSizeGTE(4768272,0) classSizeGTE(4768783,0) classSizeGTE(4768960,0) classSizeGTE(4774416,0) classSizeGTE(4774851,0) classSizeGTE(4775504,0) classSizeGTE(4776005,0) classSizeGTE(4776176,0) classSizeGTE(4776432,0) classSizeGTE(4776690,0) classSizeGTE(4777371,0) classSizeGTE(4785888,0) classSizeGTE(4791232,0) classSizeGTE(4791360,0) classSizeGTE(4791440,0) classSizeGTE(4791664,0) classSizeGTE(4792006,0) classSizeGTE(4792144,0) classSizeGTE(4792192,0) classSizeGTE(4792240,0) classSizeGTE(4792288,0) classSizeGTE(4792336,0) classSizeGTE(4792384,0) classSizeGTE(4792432,0) classSizeGTE(4798192,0) classSizeGTE(4798320,0) classSizeGTE(4798400,0) classSizeGTE(4799408,0) classSizeGTE(4816768,0) classSizeGTE(4816896,0) classSizeGTE(4816976,0) classSizeGTE(4817200,0) classSizeGTE(4817232,0) classSizeGTE(4819072,0) classSizeGTE(4819360,0) classSizeGTE(4819696,0) classSizeGTE(4819728,0) classSizeGTE(4820064,0) classSizeGTE(4820096,0) classSizeGTE(4820432,0) classSizeGTE(4820464,0) classSizeGTE(4821968,0) classSizeGTE(4822784,0) classSizeGTE(4823232,0) classSizeGTE(4872820,0) classSizeGTE(4874032,0) classSizeGTE(4874231,0) classSizeGTE(4874336,0) classSizeGTE(4878112,0) classSizeGTE(4879936,0) classSizeGTE(4880032,0) classSizeGTE(4880096,0) classSizeGTE(4880192,0) classSizeGTE(4880288,0) classSizeGTE(4885168,0) classSizeGTE(4886016,0) classSizeGTE(4886432,0) classSizeGTE(4887952,0) classSizeGTE(4888560,0) classSizeGTE(4893632,0) classSizeGTE(4893728,0) classSizeGTE(4894912,0) classSizeGTE(4897808,0) classSizeGTE(4898432,0) classSizeGTE(4898480,0) classSizeGTE(4898528,0) classSizeGTE(4898800,0) classSizeGTE(4898848,0) classSizeGTE(4898896,0) classSizeGTE(4898944,0) classSizeGTE(4898992,0) classSizeGTE(4900176,0) classSizeGTE(4902144,0) classSizeGTE(4902432,0) classSizeGTE(4903064,0) classSizeGTE(4904096,0) classSizeGTE(4904144,0) classSizeGTE(4904762,0) classSizeGTE(4905728,0) classSizeGTE(4907328,0) classSizeGTE(4907537,0) classSizeGTE(4907648,0) classSizeGTE(4908592,0) classSizeGTE(4908624,0) classSizeGTE(4908672,0) classSizeGTE(4909840,0) classSizeGTE(4909888,0) classSizeGTE(4909936,0) classSizeGTE(4909984,0) classSizeGTE(4910064,0) classSizeGTE(4910160,0) classSizeGTE(4910256,0) classSizeGTE(4910512,0) classSizeGTE(4910736,0) classSizeGTE(4910912,0) classSizeGTE(4912112,0) classSizeGTE(4912160,0) classSizeGTE(4915184,0) classSizeGTE(4915856,0) classSizeGTE(4916416,0) classSizeGTE(4921824,0) classSizeGTE(4921832,0) classSizeGTE(4921843,0) classSizeGTE(4921854,0) classSizeGTE(4921865,0) classSizeGTE(4921876,0) classSizeGTE(4921887,0) classSizeGTE(4921898,0) classSizeGTE(4921909,0) classSizeGTE(4921920,0) classSizeGTE(4921931,0) classSizeGTE(4921942,0) classSizeGTE(4921953,0) classSizeGTE(4921964,0) classSizeGTE(4921975,0) classSizeGTE(4921986,0) classSizeGTE(4921997,0) classSizeGTE(4922008,0) classSizeGTE(4922019,0) classSizeGTE(4922030,0) classSizeGTE(4922041,0) classSizeGTE(4922052,0) classSizeGTE(4922063,0) classSizeGTE(4922074,0) classSizeGTE(4922085,0) classSizeGTE(4922096,0) classSizeGTE(4922107,0) classSizeGTE(4922118,0) classSizeGTE(4922129,0) classSizeGTE(4922140,0) classSizeGTE(4922151,0) classSizeGTE(4922162,0) classSizeGTE(4922173,0) classSizeGTE(4922184,0) classSizeGTE(4922195,0) classSizeGTE(4922206,0) classSizeGTE(4922217,0) classSizeGTE(4922228,0) classSizeGTE(4922239,0) classSizeGTE(4922250,0) classSizeGTE(4922261,0) classSizeGTE(4922272,0) classSizeGTE(4922283,0) classSizeGTE(4922294,0) classSizeGTE(4922305,0) classSizeGTE(4922316,0) classSizeGTE(4922327,0) classSizeGTE(4922338,0) classSizeGTE(4922349,0) classSizeGTE(4922360,0) classSizeGTE(4922371,0) classSizeGTE(4922382,0) classSizeGTE(4922393,0) classSizeGTE(4922404,0) classSizeGTE(4922415,0) classSizeGTE(4922426,0) classSizeGTE(4922437,0) classSizeGTE(4922448,0) classSizeGTE(4922459,0) classSizeGTE(4922470,0) classSizeGTE(4922481,0) classSizeGTE(4922492,0) classSizeGTE(4922503,0) classSizeGTE(4922514,0) classSizeGTE(4922525,0) classSizeGTE(4922536,0) classSizeGTE(4922547,0) classSizeGTE(4922558,0) classSizeGTE(4922569,0) classSizeGTE(4922580,0) classSizeGTE(4922591,0) classSizeGTE(4922602,0) classSizeGTE(4922613,0) classSizeGTE(4922624,0) classSizeGTE(4922635,0) classSizeGTE(4922646,0) classSizeGTE(4922657,0) classSizeGTE(4922668,0) classSizeGTE(4922679,0) classSizeGTE(4922690,0) classSizeGTE(4922976,0) classSizeGTE(4923024,0) classSizeGTE(4923072,0) classSizeGTE(4923080,0) classSizeGTE(4923091,0) classSizeGTE(4923152,0) classSizeGTE(4923160,0) classSizeGTE(4923171,0) classSizeGTE(4923232,0) classSizeGTE(4923280,0) classSizeGTE(4923328,0) classSizeGTE(4923336,0) classSizeGTE(4923347,0) classSizeGTE(4923408,0) classSizeGTE(4923416,0) classSizeGTE(4923427,0) classSizeGTE(4923488,0) classSizeGTE(4923536,0) classSizeGTE(4923544,0) classSizeGTE(4923600,0) classSizeGTE(4923608,0) classSizeGTE(4923664,0) classSizeGTE(4923672,0) classSizeGTE(4923728,0) classSizeGTE(4923736,0) classSizeGTE(4923792,0) classSizeGTE(4923856,0) classSizeGTE(4923864,0) classSizeGTE(4923920,0) classSizeGTE(4923928,0) classSizeGTE(4923984,0) classSizeGTE(4923992,0) classSizeGTE(4924048,0) classSizeGTE(4924096,0) classSizeGTE(4924160,0) classSizeGTE(4924168,0) classSizeGTE(4924224,0) classSizeGTE(4924272,0) classSizeGTE(4924336,0) classSizeGTE(4924384,0) classSizeGTE(4924448,0) classSizeGTE(4924456,0) classSizeGTE(4924467,0) classSizeGTE(4924478,0) classSizeGTE(4924544,0) classSizeGTE(4924552,0) classSizeGTE(4924563,0) classSizeGTE(4924574,0) classSizeGTE(4924640,0) classSizeGTE(4924704,0) classSizeGTE(4924768,0) classSizeGTE(4924776,0) classSizeGTE(4924832,0) classSizeGTE(4924840,0) classSizeGTE(4924896,0) classSizeGTE(4924960,0) classSizeGTE(4924968,0) classSizeGTE(4925024,0) classSizeGTE(4925072,0) classSizeGTE(4925086,0) classSizeGTE(4925100,0) classSizeGTE(4925114,0) classSizeGTE(4925128,0) classSizeGTE(4925142,0) classSizeGTE(4925216,0) classSizeGTE(4925224,0) classSizeGTE(4925296,0) classSizeGTE(4925360,0) classSizeGTE(4925408,0) classSizeGTE(4925416,0) classSizeGTE(4925424,0) classSizeGTE(4925488,0) classSizeGTE(4925536,0) classSizeGTE(4925584,0) classSizeGTE(4925592,0) classSizeGTE(4925680,0) classSizeGTE(4925688,0) classSizeGTE(4925776,0) classSizeGTE(4925784,0) classSizeGTE(4925872,0) classSizeGTE(4925968,0) classSizeGTE(4926016,0) classSizeGTE(4926128,0) classSizeGTE(5046624,0) classSizeGTE(4470736,4) classSizeGTE(4471504,4) classSizeGTE(4471568,4) classSizeGTE(4471632,4) classSizeGTE(4471792,4) classSizeGTE(4471856,4) classSizeGTE(4472080,4) classSizeGTE(4472560,8) classSizeGTE(4472624,12) classSizeGTE(4472784,28) classSizeGTE(4472944,32) classSizeGTE(4473200,40) classSizeGTE(4473360,44) classSizeGTE(4473872,36) classSizeGTE(4473984,4) classSizeGTE(4474720,4) classSizeGTE(4475056,4) classSizeGTE(4475056,45) classSizeGTE(4475472,4) classSizeGTE(4475568,4) classSizeGTE(4476096,4) classSizeGTE(4476320,4) classSizeGTE(4476640,4) classSizeGTE(4476992,4) classSizeGTE(4477088,4) classSizeGTE(4477184,4) classSizeGTE(4477712,4) classSizeGTE(4477968,45) classSizeGTE(4478128,52) classSizeGTE(4478192,64) classSizeGTE(4478256,68) classSizeGTE(4478320,60) classSizeGTE(4478400,4) classSizeGTE(4478752,4) classSizeGTE(4478912,4) classSizeGTE(4479056,4) classSizeGTE(4479328,4) classSizeGTE(4479600,4) classSizeGTE(4479792,4) classSizeGTE(4479792,8) classSizeGTE(4479792,9) classSizeGTE(4480048,4) classSizeGTE(4481056,4) classSizeGTE(4482400,4) classSizeGTE(4482544,4) classSizeGTE(4482544,20) classSizeGTE(4482544,24) classSizeGTE(4482544,28) classSizeGTE(4482544,32) classSizeGTE(4482544,40) classSizeGTE(4482544,44) classSizeGTE(4482800,4) classSizeGTE(4482800,16) classSizeGTE(4483008,4) classSizeGTE(4483008,8) classSizeGTE(4483088,4) classSizeGTE(4483376,4) classSizeGTE(4483376,28) classSizeGTE(4483712,8) classSizeGTE(4483712,12) classSizeGTE(4483712,16) classSizeGTE(4483856,28) classSizeGTE(4483856,32) classSizeGTE(4484096,28) classSizeGTE(4484096,32) classSizeGTE(4484560,24) classSizeGTE(4484912,28) classSizeGTE(4485280,32) classSizeGTE(4485648,28) classSizeGTE(4485648,32) classSizeGTE(4486112,28) classSizeGTE(4486112,32) classSizeGTE(4486464,28) classSizeGTE(4486624,32) classSizeGTE(4486944,28) classSizeGTE(4487008,44) classSizeGTE(4487248,44) classSizeGTE(4487408,40) classSizeGTE(4488528,4) classSizeGTE(4488528,20) classSizeGTE(4488704,4) classSizeGTE(4488704,28) classSizeGTE(4488704,32) classSizeGTE(4489184,4) classSizeGTE(4489184,28) classSizeGTE(4489184,32) classSizeGTE(4489520,4) classSizeGTE(4491232,28) classSizeGTE(4491232,32) classSizeGTE(4492032,36) classSizeGTE(4492144,28) classSizeGTE(4493184,4) classSizeGTE(4493184,60) classSizeGTE(4493184,69) classSizeGTE(4493424,45) classSizeGTE(4493424,52) classSizeGTE(4493424,64) classSizeGTE(4493424,68) classSizeGTE(4493568,4) classSizeGTE(4493568,60) classSizeGTE(4493568,69) classSizeGTE(4493824,4) classSizeGTE(4494784,4) classSizeGTE(4495776,4) classSizeGTE(4495776,69) classSizeGTE(4496000,28) classSizeGTE(4496000,45) classSizeGTE(4496000,52) classSizeGTE(4496000,60) classSizeGTE(4496000,64) classSizeGTE(4496000,68) classSizeGTE(4496000,69) classSizeGTE(4497024,36) classSizeGTE(4497168,4) classSizeGTE(4497248,32) classSizeGTE(4499152,4) classSizeGTE(4500128,45) classSizeGTE(4500576,45) classSizeGTE(4501088,4) classSizeGTE(4501376,4) classSizeGTE(4503472,32) classSizeGTE(4503472,36) classSizeGTE(4503584,4) classSizeGTE(4503584,20) classSizeGTE(4503584,32) classSizeGTE(4503584,36) classSizeGTE(4504224,32) classSizeGTE(4504224,36) classSizeGTE(4504400,32) classSizeGTE(4504592,36) classSizeGTE(4504816,36) classSizeGTE(4505376,4) classSizeGTE(4505520,4) classSizeGTE(4505680,4) classSizeGTE(4505824,4) classSizeGTE(4505984,4) classSizeGTE(4506192,4) classSizeGTE(4506400,4) classSizeGTE(4506608,4) classSizeGTE(4507040,8) classSizeGTE(4507040,9) classSizeGTE(4507520,32) classSizeGTE(4507584,45) classSizeGTE(4507648,8) classSizeGTE(4507888,8) classSizeGTE(4507888,9) classSizeGTE(4510320,4) classSizeGTE(4510320,8) classSizeGTE(4510320,12) classSizeGTE(4510320,16) classSizeGTE(4515824,8) classSizeGTE(4515824,12) classSizeGTE(4515824,28) classSizeGTE(4515824,69) classSizeGTE(4516816,60) classSizeGTE(4516944,4) classSizeGTE(4516944,8) classSizeGTE(4516944,12) classSizeGTE(4516944,16) classSizeGTE(4517120,45) classSizeGTE(4517120,52) classSizeGTE(4517120,64) classSizeGTE(4517120,68) classSizeGTE(4518704,8) classSizeGTE(4518704,12) classSizeGTE(4520816,20) classSizeGTE(4521792,8) classSizeGTE(4521792,12) classSizeGTE(4522208,8) classSizeGTE(4522208,12) classSizeGTE(4522672,8) classSizeGTE(4522672,12) classSizeGTE(4522672,20) classSizeGTE(4523584,8) classSizeGTE(4523584,12) classSizeGTE(4523584,45) classSizeGTE(4524304,8) classSizeGTE(4524304,12) classSizeGTE(4525888,4) classSizeGTE(4525952,4) classSizeGTE(4526432,4) classSizeGTE(4526720,4) classSizeGTE(4527120,4) classSizeGTE(4541488,4) classSizeGTE(4541488,8) classSizeGTE(4541488,12) classSizeGTE(4541488,13) classSizeGTE(4541488,108) classSizeGTE(4541488,112) classSizeGTE(4541488,116) classSizeGTE(4541760,12) classSizeGTE(4541760,13) classSizeGTE(4562688,4) classSizeGTE(4563104,4) classSizeGTE(4564576,4) classSizeGTE(4564640,4) classSizeGTE(4564752,4) classSizeGTE(4646928,4) classSizeGTE(4646976,4) classSizeGTE(4647088,4) classSizeGTE(4668672,4) classSizeGTE(4668672,8) classSizeGTE(4668672,9) classSizeGTE(4668800,4) classSizeGTE(4668800,8) classSizeGTE(4668800,9) classSizeGTE(4668880,4) classSizeGTE(4668880,8) classSizeGTE(4668880,9) classSizeGTE(4668944,4) classSizeGTE(4668944,8) classSizeGTE(4668944,9) classSizeGTE(4669024,8) classSizeGTE(4669120,4) classSizeGTE(4669168,8) classSizeGTE(4669232,8) classSizeGTE(4669232,9) classSizeGTE(4669360,8) classSizeGTE(4669360,9) classSizeGTE(4669440,4) classSizeGTE(4669552,4) classSizeGTE(4669600,4) classSizeGTE(4669648,4) classSizeGTE(4669760,4) classSizeGTE(4669808,4) classSizeGTE(4669856,4) classSizeGTE(4669968,4) classSizeGTE(4670016,4) classSizeGTE(4823056,4) classSizeGTE(4823056,8) classSizeGTE(4823056,12) classSizeGTE(4823056,16) classSizeGTE(4823056,20) classSizeGTE(4823136,8) classSizeGTE(4823136,12) classSizeGTE(4823136,16) classSizeGTE(4860080,4) classSizeGTE(4860080,12) classSizeGTE(4860080,16) classSizeGTE(4860080,20) classSizeGTE(4860416,4) classSizeGTE(4860640,4) classSizeGTE(4860640,8) classSizeGTE(4860880,4) classSizeGTE(4860880,8) classSizeGTE(4861152,4) classSizeGTE(4861152,8) classSizeGTE(4861200,4) classSizeGTE(4861200,8) classSizeGTE(4861584,4) classSizeGTE(4861584,8) classSizeGTE(4861888,4) classSizeGTE(4861888,8) classSizeGTE(4862800,4) classSizeGTE(4862800,8) classSizeGTE(4863200,4) classSizeGTE(4863200,8) classSizeGTE(4863680,4) classSizeGTE(4863680,8) classSizeGTE(4864032,8) classSizeGTE(4864080,4) classSizeGTE(4864112,8) classSizeGTE(4864144,8) classSizeGTE(4864192,8) classSizeGTE(4864304,8) classSizeGTE(4864368,8) classSizeGTE(4864448,8) classSizeGTE(4864496,8) classSizeGTE(4864528,8) classSizeGTE(4864560,8) classSizeGTE(4864608,8) classSizeGTE(4864640,8) classSizeGTE(4864688,8) classSizeGTE(4864720,8) classSizeGTE(4864768,8) classSizeGTE(4864800,8) classSizeGTE(4864848,4) classSizeGTE(4864912,4) classSizeGTE(4865152,4) classSizeGTE(4865632,4) classSizeGTE(4865632,8) classSizeGTE(4866656,8) classSizeGTE(4866768,4) classSizeGTE(4866768,8) classSizeGTE(4867040,4) classSizeGTE(4867040,8) classSizeGTE(4867312,4) classSizeGTE(4867312,8) classSizeGTE(4867360,4) classSizeGTE(4867360,8) classSizeGTE(4867744,4) classSizeGTE(4867744,8) classSizeGTE(4868064,4) classSizeGTE(4868064,8) classSizeGTE(4868464,4) classSizeGTE(4868496,4) classSizeGTE(4868528,4) classSizeGTE(4868704,4) classSizeGTE(4868832,4) classSizeGTE(4868864,4) classSizeGTE(4868864,5) classSizeGTE(4868960,5) classSizeGTE(4868992,5) classSizeGTE(4869056,4) classSizeGTE(4869056,8) classSizeGTE(4869056,12) classSizeGTE(4869248,12) classSizeGTE(4869280,8) classSizeGTE(4869280,12) classSizeGTE(4869360,8) classSizeGTE(4869360,12) classSizeGTE(4869504,4) classSizeGTE(4869504,8) classSizeGTE(4869632,8) classSizeGTE(4869696,8) classSizeGTE(4869760,8) classSizeGTE(4869840,4) classSizeGTE(4869840,8) classSizeGTE(4869840,12) classSizeGTE(4869936,12) classSizeGTE(4869968,8) classSizeGTE(4870016,8) classSizeGTE(4870320,4) classSizeGTE(4870320,8) classSizeGTE(4870320,12) classSizeGTE(4870320,16) classSizeGTE(4870400,8) classSizeGTE(4870400,12) classSizeGTE(4870400,16) classSizeGTE(4870496,8) classSizeGTE(4870496,12) classSizeGTE(4870592,8) classSizeGTE(4870592,12) classSizeGTE(4555952,4) classSizeGTE(4493184,72) classSizeGTE(4476992,44) classSizeGTE(4948856,4) classSizeGTE(4988540,4) classSizeGTE(4988524,4) classSizeGTE(4986108,4) classSizeGTE(4965452,4) classSizeGTE(4988556,4) classSizeGTE(4988540,8) classSizeGTE(4988524,8) classSizeGTE(4986108,8) classSizeGTE(4965452,8) classSizeGTE(4988556,8) classSizeGTE(4988540,9) classSizeGTE(4988524,9) classSizeGTE(4986108,9) classSizeGTE(4965452,9) classSizeGTE(4988556,9) objectInObject(4988556,4988540,0) objectInObject(4988540,4988484,0) objectInObject(4988524,4988484,0) objectInObject(4986108,4988484,0) objectInObject(4965452,4988484,0) objectInObject(4950228,4949196,0) objectInObject(4949788,4949108,0) objectInObject(4949108,4949196,0) objectInObject(4948856,4948904,0) objectInObject(4948764,4949108,0) objectInObject(4948676,4949108,0) objectInObject(4948580,4949108,0) objectInObject(4948492,4949108,0) objectInObject(4948404,4949108,0) derivedClass(4948404,4949108,0) derivedClass(4948492,4949108,0) derivedClass(4948580,4949108,0) derivedClass(4948676,4949108,0) derivedClass(4948764,4949108,0) derivedClass(4948856,4948904,0) derivedClass(4949108,4949196,0) derivedClass(4949788,4949108,0) derivedClass(4950228,4949196,0) derivedClass(4965452,4988484,0) derivedClass(4986108,4988484,0) derivedClass(4988524,4988484,0) derivedClass(4988540,4988484,0) derivedClass(4988556,4988540,0) classSizeLTE(4493184,72) classSizeLTE(4476992,44) classSizeLTE(4949108,72) classSizeLTE(4949196,72) classSizeLTE(4949108,44) classSizeLTE(4949196,44) vftableSizeTotal(656) mergeClasses(4948492,4475568) mergeClasses(4948676,4476992) mergeClasses(4948764,4493184) mergeClasses(4948404,4499152) mergeClasses(4948580,4501088) mergeClasses(4948580,4501376) mergeClasses(4965320,4563104) mergeClasses(4965452,4564752) mergeClasses(4986108,4646928) mergeClasses(4988484,4668800) mergeClasses(4988524,4669440) mergeClasses(4988524,4669552) mergeClasses(4988540,4669648) mergeClasses(4988540,4669760) mergeClasses(4988556,4669856) mergeClasses(4988556,4669968) mergeClasses(5011836,4869840) mergeClasses(5011860,4870320) mergeClasses(5034736,5046624) mergeClasses(4669168,4988484) mergeClasses(4668736,4988484) mergeClasses(4669488,4988524) mergeClasses(4480944,4948856) mergeClasses(4503088,4948676) mergeClasses(4477536,4948676) mergeClasses(4477472,4948676) mergeClasses(4521792,4948676) mergeClasses(4503200,4948676) mergeClasses(4475920,4948492) mergeClasses(4475856,4948492) mergeClasses(4474880,4948404) mergeClasses(4474816,4948404) mergeClasses(4474944,4948404) mergeClasses(4518704,4949788) mergeClasses(4480240,4948904) mergeClasses(4480624,4948904) mergeClasses(4474336,4949108) mergeClasses(4562736,4965320) mergeClasses(4522672,4950228) mergeClasses(4483152,4949196) mergeClasses(4869632,5011820) mergeClasses(4869696,5011820) mergeClasses(4870400,5011860) mergeClasses(4869248,5011804) mergeClasses(4869280,5011804) mergeClasses(4868928,5011788) mergeClasses(4868992,5011788) mergeClasses(4493568,4515824) mergeClasses(4494256,4515824) mergeClasses(4472688,4477968) mergeClasses(4493568,4494256) mergeClasses(4472688,4494144) mergeClasses(4493568,4496560) mergeClasses(4472848,4496784) mergeClasses(4486944,4496784) mergeClasses(4482544,4493424) mergeClasses(4484096,4493424) mergeClasses(4477968,4517120) mergeClasses(4493424,4517120) mergeClasses(4484096,4517120) mergeClasses(4494352,4517120) mergeClasses(4493424,4517392) mergeClasses(4517120,4517392) mergeClasses(4484096,4517392) mergeClasses(4515824,4516816) mergeClasses(4472688,4494352) mergeClasses(4494144,4494352) mergeClasses(4494256,4495616) mergeClasses(4486784,4486944) mergeClasses(4486944,4507520) mergeClasses(4472688,4507584) mergeClasses(4507584,4508624) mergeClasses(4472688,4508624) mergeClasses(4492144,4492752) mergeClasses(4483264,4483376) mergeClasses(4479792,4480848) mergeClasses(4480048,4481136) mergeClasses(4487008,4488160) mergeClasses(4471568,4471632) mergeClasses(4470976,4471792) mergeClasses(4470816,4471792) mergeClasses(4471792,4527120) mergeClasses(4471696,4471856) mergeClasses(4471632,4482400) mergeClasses(4470976,4471392) mergeClasses(4525888,4525952) mergeClasses(4471632,4526720) mergeClasses(4525568,4526432) mergeClasses(4526048,4526432) mergeClasses(4471056,4526528) mergeClasses(4471632,4498080) mergeClasses(4471168,4526048) mergeClasses(4484096,4520896) mergeClasses(4517392,4520896) mergeClasses(4484624,4485648) mergeClasses(4484624,4484912) mergeClasses(4473872,4504592) mergeClasses(4504400,4504976) mergeClasses(4483376,4489712) mergeClasses(4490080,4498272) mergeClasses(4492400,4497024) mergeClasses(4503584,4504032) mergeClasses(4503920,4504032) mergeClasses(4470976,4472080) mergeClasses(4507040,4507792) mergeClasses(4507792,4508992) mergeClasses(4507792,4508832) mergeClasses(4507792,4508688) mergeClasses(4507792,4508112) mergeClasses(4507792,4507888) mergeClasses(4497392,4503824) mergeClasses(4486944,4493040) mergeClasses(4486944,4492496) mergeClasses(4473600,4487792) mergeClasses(4482912,4516944) mergeClasses(4541760,4541824) mergeClasses(4668944,4669024) mergeClasses(4669120,4669360) mergeClasses(4823056,4823136) mergeClasses(4823504,4868496) mergeClasses(4865312,4867312) mergeClasses(4861200,4867312) mergeClasses(4864640,4867312) mergeClasses(4864080,4864976) mergeClasses(4824400,4864976) mergeClasses(4865984,4867744) mergeClasses(4860640,4866176) mergeClasses(4861584,4866176) mergeClasses(4864800,4865392) mergeClasses(4864080,4864304) mergeClasses(4864080,4864368) mergeClasses(4864112,4865808) mergeClasses(4865232,4865808) mergeClasses(4866528,4866656) mergeClasses(4864144,4865232) mergeClasses(4863680,4865312) mergeClasses(4864032,4866528) mergeClasses(4864080,4866768) mergeClasses(4864080,4864224) mergeClasses(4864032,4864768) mergeClasses(4866768,4868064) mergeClasses(4863200,4868064) mergeClasses(4862800,4868064) mergeClasses(4861888,4868064) mergeClasses(4864848,4865152) mergeClasses(4868528,4868704) mergeClasses(4861152,4864448) mergeClasses(4864608,4864688) mergeClasses(4476320,4476880) mergeClasses(4477088,4477600) mergeClasses(4483712,4502272) mergeClasses(4483712,4500576) mergeClasses(4483712,4499648) mergeClasses(4483712,4496000) mergeClasses(4491136,4498736) mergeClasses(4491136,4498528) mergeClasses(4496000,4496288) mergeClasses(4502992,4503200) mergeClasses(4562688,4562736) mergeClasses(4473600,4477888) mergeClasses(4480048,4480624) mergeClasses(4486464,4487968) mergeClasses(4473680,4487968) mergeClasses(4488336,4506816) mergeClasses(4473424,4487248) mergeClasses(4646976,4647024) mergeClasses(4669904,4670016) mergeClasses(4478832,4478912) mergeClasses(4478976,4479056) mergeClasses(4473008,4486624) mergeClasses(4473264,4487408) mergeClasses(4555952,5046624) mergeClasses(4437063,4669808) mergeClasses(4439313,4669600) mergeClasses(4442598,4668800) mergeClasses(4439623,4646928) mergeClasses(4437278,4564576) mergeClasses(4437278,4564752) mergeClasses(4438723,4562688) mergeClasses(4438723,4563104) mergeClasses(4436418,4503584) mergeClasses(4439198,4503584) mergeClasses(4437008,4488704) mergeClasses(4436303,4488704) mergeClasses(4437363,4488704) mergeClasses(4437403,4489520) mergeClasses(4437168,4489520) mergeClasses(4440828,4489520) mergeClasses(4437568,4489520) mergeClasses(4436473,4489520) mergeClasses(4440078,4482800) mergeClasses(4438873,4481056) mergeClasses(4441113,4479792) mergeClasses(4439868,4477712) mergeClasses(4439058,4477712) mergeClasses(4436443,4493568) mergeClasses(4440413,4477088) mergeClasses(4437718,4477088) mergeClasses(4437913,4477088) mergeClasses(4439503,4477088) mergeClasses(4436283,4477088) mergeClasses(4440453,4477088) mergeClasses(4438118,4477184) mergeClasses(4442248,4477184) mergeClasses(4441983,4477184) mergeClasses(4441473,4476096) mergeClasses(4439508,4476096) mergeClasses(4438148,4476096) mergeClasses(4441478,4476320) mergeClasses(4439353,4476320) mergeClasses(4440958,4475056) mergeClasses(4436538,4475472) mergeClasses(4439528,4475472) mergeClasses(4439398,4475472) mergeClasses(4441273,4475472) mergeClasses(4436178,4475472) mergeClasses(4438248,4475472) mergeClasses(4436648,4475568) mergeClasses(4437918,4473984) mergeClasses(4436873,4474720) mergeClasses(4439378,4474720) mergeClasses(4437888,4499152) mergeClasses(4439833,4869504) mergeClasses(4442433,4869504) mergeClasses(4438303,4870320) mergeClasses(4440088,4869840) mergeClasses(4438093,4869840) mergeClasses(4437953,4869840) mergeClasses(4442593,4869056) mergeClasses(4436293,4869056) mergeClasses(4442808,4869056) mergeClasses(4436123,4868864) mergeClasses(4669856,4669968) mergeClasses(4669648,4669760) mergeClasses(4669440,4669552) mergeClasses(4564576,4564752) mergeClasses(4562688,4563104) mergeClasses(4493184,4493824) mergeClasses(4501088,4501376) classRelatedMethod(4493568,4515824) classRelatedMethod(4493568,4477968) classRelatedMethod(4493568,4472688) classRelatedMethod(4493568,4494256) classRelatedMethod(4493568,4477712) classRelatedMethod(4515824,4493568) classRelatedMethod(4515824,4477968) classRelatedMethod(4515824,4472688) classRelatedMethod(4515824,4494256) classRelatedMethod(4515824,4477712) classRelatedMethod(4477968,4493568) classRelatedMethod(4477968,4515824) classRelatedMethod(4477968,4472688) classRelatedMethod(4477968,4494256) classRelatedMethod(4477968,4477712) classRelatedMethod(4472688,4493568) classRelatedMethod(4472688,4515824) classRelatedMethod(4472688,4477968) classRelatedMethod(4472688,4494256) classRelatedMethod(4472688,4477712) classRelatedMethod(4494256,4493568) classRelatedMethod(4494256,4515824) classRelatedMethod(4494256,4477968) classRelatedMethod(4494256,4472688) classRelatedMethod(4494256,4477712) classRelatedMethod(4477712,4493568) classRelatedMethod(4477712,4515824) classRelatedMethod(4477712,4477968) classRelatedMethod(4477712,4472688) classRelatedMethod(4477712,4494256) classRelatedMethod(4493568,4496560) classRelatedMethod(4493568,4496784) classRelatedMethod(4493568,4472848) classRelatedMethod(4496560,4493568) classRelatedMethod(4496560,4496784) classRelatedMethod(4496560,4472848) classRelatedMethod(4479792,4480848) classRelatedMethod(4479792,4481136) classRelatedMethod(4496784,4493568) classRelatedMethod(4496784,4496560) classRelatedMethod(4496784,4472848) classRelatedMethod(4480848,4479792) classRelatedMethod(4480848,4481136) classRelatedMethod(4481136,4479792) classRelatedMethod(4481136,4480848) classRelatedMethod(4472848,4493568) classRelatedMethod(4472848,4496560) classRelatedMethod(4472848,4496784) classRelatedMethod(4490752,4473520) classRelatedMethod(4473520,4490752) classRelatedMethod(4471696,4471632) classRelatedMethod(4471696,4471792) classRelatedMethod(4471632,4471696) classRelatedMethod(4471632,4471792) classRelatedMethod(4471792,4471696) classRelatedMethod(4471792,4471632) classRelatedMethod(4471632,4471568) classRelatedMethod(4471568,4471632) classRelatedMethod(4471632,4471504) classRelatedMethod(4471504,4471632) classRelatedMethod(4482544,4475248) classRelatedMethod(4475248,4482544) classRelatedMethod(4471632,4482400) classRelatedMethod(4482400,4471632) classRelatedMethod(4526528,4482304) classRelatedMethod(4482304,4526528) classRelatedMethod(4484624,4484560) classRelatedMethod(4484560,4484624) classRelatedMethod(4484624,4484096) classRelatedMethod(4484096,4484624) classRelatedMethod(4504816,4504592) classRelatedMethod(4504592,4504816) classRelatedMethod(4489712,4483376) classRelatedMethod(4483376,4489712) classRelatedMethod(4473872,4504592) classRelatedMethod(4504592,4473872) classRelatedMethod(4490080,4498272) classRelatedMethod(4498272,4490080) classRelatedMethod(4497024,4490080) classRelatedMethod(4497024,4492400) classRelatedMethod(4490080,4497024) classRelatedMethod(4490080,4492400) classRelatedMethod(4492400,4497024) classRelatedMethod(4492400,4490080) classRelatedMethod(4491008,4484096) classRelatedMethod(4484096,4491008) classRelatedMethod(4472688,4492144) classRelatedMethod(4492144,4472688) classRelatedMethod(4482544,4493424) classRelatedMethod(4493424,4482544) classRelatedMethod(4472688,4494352) classRelatedMethod(4494352,4472688) classRelatedMethod(4472688,4495616) classRelatedMethod(4495616,4472688) classRelatedMethod(4471168,4471504) classRelatedMethod(4471504,4471168) classRelatedMethod(4494784,4517120) classRelatedMethod(4517120,4494784) classRelatedMethod(4517120,4483856) classRelatedMethod(4517120,4477968) classRelatedMethod(4483856,4517120) classRelatedMethod(4483856,4477968) classRelatedMethod(4477968,4517120) classRelatedMethod(4477968,4483856) classRelatedMethod(4470736,4471504) classRelatedMethod(4470736,4470976) classRelatedMethod(4471504,4470736) classRelatedMethod(4471504,4470976) classRelatedMethod(4471392,4471280) classRelatedMethod(4471280,4471392) classRelatedMethod(4470976,4470736) classRelatedMethod(4470976,4471504) classRelatedMethod(4470736,4471056) classRelatedMethod(4471056,4470736) classRelatedMethod(4497168,4471504) classRelatedMethod(4471504,4497168) classRelatedMethod(4504816,4504400) classRelatedMethod(4503584,4505280) classRelatedMethod(4504400,4504816) classRelatedMethod(4505280,4503584) classRelatedMethod(4507648,4507792) classRelatedMethod(4472688,4486944) classRelatedMethod(4472688,4507520) classRelatedMethod(4497024,4497392) classRelatedMethod(4497392,4497024) classRelatedMethod(4486944,4472688) classRelatedMethod(4486944,4507520) classRelatedMethod(4507792,4507648) classRelatedMethod(4507520,4472688) classRelatedMethod(4507520,4486944) classRelatedMethod(4507584,4472688) classRelatedMethod(4507584,4508624) classRelatedMethod(4472688,4507584) classRelatedMethod(4472688,4508624) classRelatedMethod(4508624,4507584) classRelatedMethod(4508624,4472688) classRelatedMethod(4471056,4526048) classRelatedMethod(4526048,4471056) classRelatedMethod(4471056,4526528) classRelatedMethod(4526528,4471056) classRelatedMethod(4493424,4517120) classRelatedMethod(4493424,4516816) classRelatedMethod(4493424,4517392) classRelatedMethod(4493424,4484096) classRelatedMethod(4517120,4493424) classRelatedMethod(4517120,4516816) classRelatedMethod(4517120,4517392) classRelatedMethod(4517120,4484096) classRelatedMethod(4516816,4493424) classRelatedMethod(4516816,4517120) classRelatedMethod(4516816,4517392) classRelatedMethod(4516816,4484096) classRelatedMethod(4516944,4516880) classRelatedMethod(4516880,4516944) classRelatedMethod(4517392,4493424) classRelatedMethod(4517392,4517120) classRelatedMethod(4517392,4516816) classRelatedMethod(4517392,4484096) classRelatedMethod(4484096,4493424) classRelatedMethod(4484096,4517120) classRelatedMethod(4484096,4516816) classRelatedMethod(4484096,4517392) classRelatedMethod(4510320,4516880) classRelatedMethod(4516880,4510320) classRelatedMethod(4484624,4520896) classRelatedMethod(4470816,4471632) classRelatedMethod(4471392,4470976) classRelatedMethod(4471392,4471504) classRelatedMethod(4471392,4471632) classRelatedMethod(4470976,4471392) classRelatedMethod(4470976,4471632) classRelatedMethod(4520896,4484624) classRelatedMethod(4471504,4471392) classRelatedMethod(4471632,4470816) classRelatedMethod(4471632,4471392) classRelatedMethod(4471632,4470976) classRelatedMethod(4503584,4520816) classRelatedMethod(4503584,4492400) classRelatedMethod(4520816,4503584) classRelatedMethod(4520816,4492400) classRelatedMethod(4492400,4503584) classRelatedMethod(4492400,4520816) classRelatedMethod(4484624,4517392) classRelatedMethod(4517392,4484624) classRelatedMethod(4503584,4490080) classRelatedMethod(4503584,4504032) classRelatedMethod(4522672,4503584) classRelatedMethod(4522672,4490080) classRelatedMethod(4522672,4504032) classRelatedMethod(4490080,4503584) classRelatedMethod(4490080,4504032) classRelatedMethod(4504032,4503584) classRelatedMethod(4504032,4490080) classRelatedMethod(4525888,4471632) classRelatedMethod(4525888,4471568) classRelatedMethod(4525888,4525952) classRelatedMethod(4470736,4471856) classRelatedMethod(4470736,4471792) classRelatedMethod(4471632,4525888) classRelatedMethod(4471632,4525952) classRelatedMethod(4471856,4470736) classRelatedMethod(4471856,4471792) classRelatedMethod(4471856,4470976) classRelatedMethod(4471568,4525888) classRelatedMethod(4471568,4525952) classRelatedMethod(4471792,4470736) classRelatedMethod(4471792,4471856) classRelatedMethod(4471792,4470976) classRelatedMethod(4525952,4525888) classRelatedMethod(4525952,4471632) classRelatedMethod(4525952,4471568) classRelatedMethod(4470976,4471856) classRelatedMethod(4470976,4471792) classRelatedMethod(4525888,4471792) classRelatedMethod(4525888,4526432) classRelatedMethod(4470736,4471696) classRelatedMethod(4471696,4470736) classRelatedMethod(4471696,4470976) classRelatedMethod(4525952,4471792) classRelatedMethod(4525952,4526432) classRelatedMethod(4470976,4471696) classRelatedMethod(4471792,4525888) classRelatedMethod(4471792,4525952) classRelatedMethod(4471792,4526432) classRelatedMethod(4526432,4525888) classRelatedMethod(4526432,4525952) classRelatedMethod(4526432,4471792) classRelatedMethod(4471632,4525568) classRelatedMethod(4471632,4526720) classRelatedMethod(4471632,4526432) classRelatedMethod(4525888,4525568) classRelatedMethod(4525888,4526720) classRelatedMethod(4525568,4471632) classRelatedMethod(4525568,4525888) classRelatedMethod(4525568,4526720) classRelatedMethod(4525568,4526432) classRelatedMethod(4526720,4471632) classRelatedMethod(4526720,4525888) classRelatedMethod(4526720,4525568) classRelatedMethod(4526720,4526432) classRelatedMethod(4526432,4471632) classRelatedMethod(4526432,4525568) classRelatedMethod(4526432,4526720) classRelatedMethod(4470736,4525568) classRelatedMethod(4470736,4471392) classRelatedMethod(4525568,4470736) classRelatedMethod(4525568,4471392) classRelatedMethod(4525568,4470976) classRelatedMethod(4471392,4470736) classRelatedMethod(4471392,4525568) classRelatedMethod(4470976,4525568) classRelatedMethod(4470736,4526528) classRelatedMethod(4525568,4526528) classRelatedMethod(4471392,4526528) classRelatedMethod(4526528,4470736) classRelatedMethod(4526528,4525568) classRelatedMethod(4526528,4471392) classRelatedMethod(4526528,4470976) classRelatedMethod(4470976,4526528) classRelatedMethod(4541488,4541824) classRelatedMethod(4541488,4541760) classRelatedMethod(4541824,4541488) classRelatedMethod(4541824,4541760) classRelatedMethod(4541760,4541488) classRelatedMethod(4541760,4541824) classRelatedMethod(4669360,4669232) classRelatedMethod(4669232,4669360) classRelatedMethod(4823056,4823136) classRelatedMethod(4823504,4823696) classRelatedMethod(4823696,4823504) classRelatedMethod(4823136,4823056) classRelatedMethod(4860640,4867312) classRelatedMethod(4860640,4864112) classRelatedMethod(4860640,4867040) classRelatedMethod(4860640,4864848) classRelatedMethod(4860640,4864976) classRelatedMethod(4867312,4860640) classRelatedMethod(4867312,4864112) classRelatedMethod(4864112,4860640) classRelatedMethod(4864112,4867312) classRelatedMethod(4867040,4860640) classRelatedMethod(4867040,4867312) classRelatedMethod(4867040,4864848) classRelatedMethod(4867040,4864976) classRelatedMethod(4867312,4867040) classRelatedMethod(4867312,4864848) classRelatedMethod(4867312,4864976) classRelatedMethod(4864848,4860640) classRelatedMethod(4864848,4867040) classRelatedMethod(4864848,4867312) classRelatedMethod(4864848,4864976) classRelatedMethod(4864976,4860640) classRelatedMethod(4864976,4867040) classRelatedMethod(4864976,4867312) classRelatedMethod(4864976,4864848) classRelatedMethod(4864224,4864080) classRelatedMethod(4864768,4864032) classRelatedMethod(4864768,4865392) classRelatedMethod(4864768,4867312) classRelatedMethod(4864768,4864304) classRelatedMethod(4864768,4864800) classRelatedMethod(4864768,4864080) classRelatedMethod(4864768,4864528) classRelatedMethod(4864032,4864768) classRelatedMethod(4864032,4865392) classRelatedMethod(4864032,4867312) classRelatedMethod(4864032,4864304) classRelatedMethod(4864032,4864800) classRelatedMethod(4864032,4864080) classRelatedMethod(4864032,4864528) classRelatedMethod(4864080,4867312) classRelatedMethod(4864080,4865312) classRelatedMethod(4865392,4864768) classRelatedMethod(4865392,4864032) classRelatedMethod(4865392,4867312) classRelatedMethod(4865392,4864304) classRelatedMethod(4865392,4864800) classRelatedMethod(4865392,4864080) classRelatedMethod(4865392,4864528) classRelatedMethod(4867312,4864768) classRelatedMethod(4867312,4864032) classRelatedMethod(4867312,4865392) classRelatedMethod(4867312,4864304) classRelatedMethod(4867312,4864800) classRelatedMethod(4867312,4864080) classRelatedMethod(4867312,4864528) classRelatedMethod(4867312,4865312) classRelatedMethod(4865312,4864080) classRelatedMethod(4865312,4867312) classRelatedMethod(4864304,4864768) classRelatedMethod(4864304,4864032) classRelatedMethod(4864304,4865392) classRelatedMethod(4864304,4867312) classRelatedMethod(4864304,4864800) classRelatedMethod(4864304,4864080) classRelatedMethod(4864304,4864528) classRelatedMethod(4864800,4864768) classRelatedMethod(4864800,4864032) classRelatedMethod(4864800,4865392) classRelatedMethod(4864800,4867312) classRelatedMethod(4864800,4864304) classRelatedMethod(4864800,4864080) classRelatedMethod(4864800,4864528) classRelatedMethod(4864080,4864224) classRelatedMethod(4864080,4864768) classRelatedMethod(4864080,4864032) classRelatedMethod(4864080,4865392) classRelatedMethod(4864080,4864304) classRelatedMethod(4864080,4864800) classRelatedMethod(4864080,4864528) classRelatedMethod(4864528,4864768) classRelatedMethod(4864528,4864032) classRelatedMethod(4864528,4865392) classRelatedMethod(4864528,4867312) classRelatedMethod(4864528,4864304) classRelatedMethod(4864528,4864800) classRelatedMethod(4864528,4864080) classRelatedMethod(4868704,4868464) classRelatedMethod(4868704,4868528) classRelatedMethod(4860640,4867744) classRelatedMethod(4860640,4866176) classRelatedMethod(4867312,4867744) classRelatedMethod(4867312,4866176) classRelatedMethod(4867744,4860640) classRelatedMethod(4867744,4867312) classRelatedMethod(4867744,4867040) classRelatedMethod(4867744,4866176) classRelatedMethod(4867040,4867744) classRelatedMethod(4867040,4866176) classRelatedMethod(4866176,4860640) classRelatedMethod(4866176,4867312) classRelatedMethod(4866176,4867744) classRelatedMethod(4866176,4867040) classRelatedMethod(4868464,4868704) classRelatedMethod(4868464,4868528) classRelatedMethod(4868528,4868704) classRelatedMethod(4868528,4868464) classRelatedMethod(4860640,4864080) classRelatedMethod(4860640,4865392) classRelatedMethod(4860640,4865552) classRelatedMethod(4860640,4864304) classRelatedMethod(4860640,4864368) classRelatedMethod(4860640,4864912) classRelatedMethod(4860640,4865808) classRelatedMethod(4866176,4864912) classRelatedMethod(4866176,4865808) classRelatedMethod(4866176,4864080) classRelatedMethod(4864912,4860640) classRelatedMethod(4864912,4866176) classRelatedMethod(4864912,4865808) classRelatedMethod(4864912,4864080) classRelatedMethod(4865808,4860640) classRelatedMethod(4865808,4866176) classRelatedMethod(4865808,4864912) classRelatedMethod(4865808,4864080) classRelatedMethod(4867312,4865552) classRelatedMethod(4864080,4860640) classRelatedMethod(4864080,4866176) classRelatedMethod(4864080,4867040) classRelatedMethod(4864080,4865552) classRelatedMethod(4864080,4864912) classRelatedMethod(4864080,4865808) classRelatedMethod(4866176,4865392) classRelatedMethod(4866176,4865552) classRelatedMethod(4866176,4864304) classRelatedMethod(4867040,4864080) classRelatedMethod(4867040,4865392) classRelatedMethod(4867040,4865552) classRelatedMethod(4867040,4864304) classRelatedMethod(4861584,4864800) classRelatedMethod(4864800,4861584) classRelatedMethod(4867312,4864368) classRelatedMethod(4864080,4864368) classRelatedMethod(4864368,4860640) classRelatedMethod(4864368,4867312) classRelatedMethod(4864368,4864080) classRelatedMethod(4864368,4867040) classRelatedMethod(4865392,4860640) classRelatedMethod(4865392,4866176) classRelatedMethod(4865392,4867040) classRelatedMethod(4865392,4865552) classRelatedMethod(4865552,4860640) classRelatedMethod(4865552,4867312) classRelatedMethod(4865552,4864080) classRelatedMethod(4865552,4866176) classRelatedMethod(4865552,4867040) classRelatedMethod(4865552,4865392) classRelatedMethod(4865552,4864304) classRelatedMethod(4867040,4864368) classRelatedMethod(4866176,4865232) classRelatedMethod(4865232,4866176) classRelatedMethod(4861584,4866176) classRelatedMethod(4861584,4865984) classRelatedMethod(4866176,4861584) classRelatedMethod(4866176,4865984) classRelatedMethod(4865984,4861584) classRelatedMethod(4865984,4866176) classRelatedMethod(4864304,4860640) classRelatedMethod(4864304,4866176) classRelatedMethod(4864304,4867040) classRelatedMethod(4864304,4865552) classRelatedMethod(4864112,4864080) classRelatedMethod(4864112,4867744) classRelatedMethod(4864080,4864112) classRelatedMethod(4864080,4867744) classRelatedMethod(4867744,4864112) classRelatedMethod(4867744,4864080) classRelatedMethod(4863680,4865312) classRelatedMethod(4865312,4863680) classRelatedMethod(4867312,4864912) classRelatedMethod(4867312,4865808) classRelatedMethod(4864912,4867312) classRelatedMethod(4865808,4867312) classRelatedMethod(4864112,4865808) classRelatedMethod(4864112,4866176) classRelatedMethod(4865808,4864112) classRelatedMethod(4866176,4864112) classRelatedMethod(4861584,4865392) classRelatedMethod(4865392,4861584) classRelatedMethod(4864032,4864976) classRelatedMethod(4864976,4864032) classRelatedMethod(4861584,4865232) classRelatedMethod(4865232,4861584) classRelatedMethod(4860880,4866176) classRelatedMethod(4860880,4865808) classRelatedMethod(4860880,4865232) classRelatedMethod(4866176,4860880) classRelatedMethod(4865808,4860880) classRelatedMethod(4865808,4865232) classRelatedMethod(4865232,4860880) classRelatedMethod(4865232,4865808) classRelatedMethod(4860640,4866656) classRelatedMethod(4860640,4865984) classRelatedMethod(4860640,4865232) classRelatedMethod(4867312,4866656) classRelatedMethod(4867312,4865984) classRelatedMethod(4867312,4865232) classRelatedMethod(4866656,4860640) classRelatedMethod(4866656,4867312) classRelatedMethod(4866656,4866176) classRelatedMethod(4866656,4865984) classRelatedMethod(4866656,4864080) classRelatedMethod(4866656,4865232) classRelatedMethod(4865232,4864080) classRelatedMethod(4866176,4866656) classRelatedMethod(4865984,4860640) classRelatedMethod(4865984,4867312) classRelatedMethod(4865984,4866656) classRelatedMethod(4865984,4864080) classRelatedMethod(4865984,4865232) classRelatedMethod(4860640,4865312) classRelatedMethod(4864080,4865232) classRelatedMethod(4864080,4866656) classRelatedMethod(4864080,4865984) classRelatedMethod(4865312,4860640) classRelatedMethod(4865232,4860640) classRelatedMethod(4865232,4867312) classRelatedMethod(4865232,4866656) classRelatedMethod(4865232,4865984) classRelatedMethod(4861584,4866528) classRelatedMethod(4865984,4866528) classRelatedMethod(4866176,4866528) classRelatedMethod(4866528,4861584) classRelatedMethod(4866528,4865984) classRelatedMethod(4866528,4866176) classRelatedMethod(4863680,4867040) classRelatedMethod(4867040,4863680) classRelatedMethod(4861200,4864080) classRelatedMethod(4861200,4867312) classRelatedMethod(4864080,4861200) classRelatedMethod(4867312,4861200) classRelatedMethod(4867040,4865808) classRelatedMethod(4865808,4867040) classRelatedMethod(4861152,4864144) classRelatedMethod(4864144,4861152) classRelatedMethod(4864112,4865312) classRelatedMethod(4865312,4864112) classRelatedMethod(4860640,4866528) classRelatedMethod(4864112,4866528) classRelatedMethod(4865808,4867744) classRelatedMethod(4865808,4866528) classRelatedMethod(4867744,4865808) classRelatedMethod(4867744,4866528) classRelatedMethod(4866528,4860640) classRelatedMethod(4866528,4864112) classRelatedMethod(4866528,4865808) classRelatedMethod(4866528,4867744) classRelatedMethod(4861584,4865552) classRelatedMethod(4865552,4861584) classRelatedMethod(4867040,4865984) classRelatedMethod(4865984,4867040) classRelatedMethod(4865984,4867744) classRelatedMethod(4867744,4865984) classRelatedMethod(4861152,4864448) classRelatedMethod(4864448,4861152) classRelatedMethod(4864496,4865984) classRelatedMethod(4865984,4864496) classRelatedMethod(4861152,4867312) classRelatedMethod(4861152,4866656) classRelatedMethod(4861152,4866176) classRelatedMethod(4867312,4861152) classRelatedMethod(4866656,4861152) classRelatedMethod(4866176,4861152) classRelatedMethod(4864080,4864192) classRelatedMethod(4864192,4864080) classRelatedMethod(4863680,4865984) classRelatedMethod(4863680,4866176) classRelatedMethod(4863680,4865808) classRelatedMethod(4865984,4863680) classRelatedMethod(4865984,4865808) classRelatedMethod(4866176,4863680) classRelatedMethod(4865808,4863680) classRelatedMethod(4865808,4865984) classRelatedMethod(4860640,4866768) classRelatedMethod(4860640,4864720) classRelatedMethod(4866768,4860640) classRelatedMethod(4866768,4865392) classRelatedMethod(4866768,4867312) classRelatedMethod(4866768,4865232) classRelatedMethod(4866768,4866528) classRelatedMethod(4866768,4864720) classRelatedMethod(4865392,4866768) classRelatedMethod(4865392,4865232) classRelatedMethod(4865392,4866528) classRelatedMethod(4865392,4864720) classRelatedMethod(4867312,4866768) classRelatedMethod(4867312,4866528) classRelatedMethod(4867312,4864720) classRelatedMethod(4865232,4866768) classRelatedMethod(4865232,4865392) classRelatedMethod(4865232,4866528) classRelatedMethod(4865232,4864720) classRelatedMethod(4866528,4866768) classRelatedMethod(4866528,4865392) classRelatedMethod(4866528,4867312) classRelatedMethod(4866528,4865232) classRelatedMethod(4866528,4864720) classRelatedMethod(4864720,4860640) classRelatedMethod(4864720,4866768) classRelatedMethod(4864720,4865392) classRelatedMethod(4864720,4867312) classRelatedMethod(4864720,4865232) classRelatedMethod(4864720,4866528) classRelatedMethod(4865232,4867040) classRelatedMethod(4867040,4865232) classRelatedMethod(4861584,4867312) classRelatedMethod(4861584,4866656) classRelatedMethod(4861584,4864144) classRelatedMethod(4861584,4864640) classRelatedMethod(4867312,4861584) classRelatedMethod(4867312,4864144) classRelatedMethod(4867312,4864640) classRelatedMethod(4865232,4864144) classRelatedMethod(4865232,4864640) classRelatedMethod(4866656,4861584) classRelatedMethod(4866656,4866528) classRelatedMethod(4866656,4864144) classRelatedMethod(4866656,4864640) classRelatedMethod(4866528,4866656) classRelatedMethod(4866528,4864144) classRelatedMethod(4866528,4864640) classRelatedMethod(4864080,4864496) classRelatedMethod(4864192,4864496) classRelatedMethod(4864496,4864080) classRelatedMethod(4864496,4864192) classRelatedMethod(4866176,4864144) classRelatedMethod(4866176,4864640) classRelatedMethod(4864144,4861584) classRelatedMethod(4864144,4867312) classRelatedMethod(4864144,4865232) classRelatedMethod(4864144,4866656) classRelatedMethod(4864144,4866528) classRelatedMethod(4864144,4866176) classRelatedMethod(4864144,4864640) classRelatedMethod(4864640,4861584) classRelatedMethod(4864640,4867312) classRelatedMethod(4864640,4865232) classRelatedMethod(4864640,4866656) classRelatedMethod(4864640,4866528) classRelatedMethod(4864640,4866176) classRelatedMethod(4864640,4864144) classRelatedMethod(4864688,4864608) classRelatedMethod(4864608,4864688) classRelatedMethod(4860880,4865552) classRelatedMethod(4865552,4860880) classRelatedMethod(4860640,4864032) classRelatedMethod(4864496,4865392) classRelatedMethod(4865984,4864032) classRelatedMethod(4864032,4860640) classRelatedMethod(4864032,4865984) classRelatedMethod(4864032,4866176) classRelatedMethod(4866176,4864032) classRelatedMethod(4865392,4864496) classRelatedMethod(4861152,4864032) classRelatedMethod(4861152,4865984) classRelatedMethod(4861152,4866528) classRelatedMethod(4861152,4865808) classRelatedMethod(4864032,4861152) classRelatedMethod(4864032,4866528) classRelatedMethod(4864032,4865808) classRelatedMethod(4865984,4861152) classRelatedMethod(4866528,4861152) classRelatedMethod(4866528,4864032) classRelatedMethod(4865808,4861152) classRelatedMethod(4865808,4864032) classRelatedMethod(4860880,4865392) classRelatedMethod(4865392,4860880) classRelatedMethod(4863680,4865392) classRelatedMethod(4865392,4863680) classRelatedMethod(4868064,4864112) classRelatedMethod(4864112,4868064) classRelatedMethod(4864080,4864848) classRelatedMethod(4864080,4865152) classRelatedMethod(4864848,4864080) classRelatedMethod(4864848,4865152) classRelatedMethod(4865152,4864080) classRelatedMethod(4865152,4864848) classRelatedMethod(4861152,4866304) classRelatedMethod(4866304,4861152) classRelatedMethod(4864032,4866768) classRelatedMethod(4864032,4865632) classRelatedMethod(4864080,4866768) classRelatedMethod(4864080,4865632) classRelatedMethod(4866768,4864032) classRelatedMethod(4866768,4864080) classRelatedMethod(4866768,4865632) classRelatedMethod(4865632,4864032) classRelatedMethod(4865632,4864080) classRelatedMethod(4865632,4866768) classRelatedMethod(4864032,4867040) classRelatedMethod(4867040,4864032) classRelatedMethod(4867040,4865632) classRelatedMethod(4865632,4867040) classRelatedMethod(4866528,4864080) classRelatedMethod(4866528,4865632) classRelatedMethod(4864080,4866528) classRelatedMethod(4867312,4865632) classRelatedMethod(4865632,4866528) classRelatedMethod(4865632,4867312) classRelatedMethod(4864032,4867360) classRelatedMethod(4864080,4867360) classRelatedMethod(4867360,4864032) classRelatedMethod(4867360,4864080) classRelatedMethod(4867360,4865632) classRelatedMethod(4867360,4866528) classRelatedMethod(4865632,4867360) classRelatedMethod(4866528,4867360) classRelatedMethod(4864032,4867744) classRelatedMethod(4867744,4864032) classRelatedMethod(4867744,4865632) classRelatedMethod(4865632,4867744) classRelatedMethod(4864032,4864112) classRelatedMethod(4864112,4864032) classRelatedMethod(4471696,4527120) classRelatedMethod(4471696,4470816) classRelatedMethod(4471856,4471696) classRelatedMethod(4472080,4470976) classRelatedMethod(4474720,4474944) classRelatedMethod(4475248,4475056) classRelatedMethod(4475472,4475984) classRelatedMethod(4476320,4476880) classRelatedMethod(4477088,4477600) classRelatedMethod(4477712,4478640) classRelatedMethod(4481136,4480944) classRelatedMethod(4483376,4489520) classRelatedMethod(4483376,4483264) classRelatedMethod(4483376,4477712) classRelatedMethod(4483376,4477088) classRelatedMethod(4483376,4476320) classRelatedMethod(4483376,4475472) classRelatedMethod(4483376,4474720) classRelatedMethod(4483712,4502992) classRelatedMethod(4483712,4502272) classRelatedMethod(4483712,4500576) classRelatedMethod(4483712,4499648) classRelatedMethod(4483712,4496000) classRelatedMethod(4483712,4492144) classRelatedMethod(4484096,4520896) classRelatedMethod(4484096,4515824) classRelatedMethod(4484096,4484704) classRelatedMethod(4486784,4473104) classRelatedMethod(4489520,4489072) classRelatedMethod(4489712,4489520) classRelatedMethod(4489712,4489424) classRelatedMethod(4491136,4498736) classRelatedMethod(4491136,4498528) classRelatedMethod(4492144,4492752) classRelatedMethod(4493424,4515824) classRelatedMethod(4493424,4493568) classRelatedMethod(4493424,4493184) classRelatedMethod(4494352,4494144) classRelatedMethod(4494784,4494352) classRelatedMethod(4495616,4494256) classRelatedMethod(4495776,4495616) classRelatedMethod(4496000,4496288) classRelatedMethod(4497392,4503824) classRelatedMethod(4499648,4499856) classRelatedMethod(4500576,4500800) classRelatedMethod(4502272,4502544) classRelatedMethod(4502992,4503200) classRelatedMethod(4504032,4504224) classRelatedMethod(4504032,4503920) classRelatedMethod(4504400,4504976) classRelatedMethod(4507648,4508992) classRelatedMethod(4507648,4508832) classRelatedMethod(4507648,4508688) classRelatedMethod(4507648,4508112) classRelatedMethod(4507648,4507888) classRelatedMethod(4507648,4507040) classRelatedMethod(4507792,4508992) classRelatedMethod(4507792,4508832) classRelatedMethod(4507792,4508688) classRelatedMethod(4507792,4508112) classRelatedMethod(4507792,4507888) classRelatedMethod(4507792,4507040) classRelatedMethod(4517120,4515824) classRelatedMethod(4517120,4494352) classRelatedMethod(4517392,4520896) classRelatedMethod(4517392,4515824) classRelatedMethod(4520896,4518704) classRelatedMethod(4526048,4471168) classRelatedMethod(4526528,4471280) classRelatedMethod(4562688,4562736) classRelatedMethod(4471504,4498080) classRelatedMethod(4471568,4525568) classRelatedMethod(4471632,4527120) classRelatedMethod(4471632,4526528) classRelatedMethod(4471632,4498080) classRelatedMethod(4471792,4527120) classRelatedMethod(4471792,4526048) classRelatedMethod(4471792,4470816) classRelatedMethod(4472688,4494144) classRelatedMethod(4472688,4492752) classRelatedMethod(4473600,4477888) classRelatedMethod(4477968,4494784) classRelatedMethod(4478912,4478832) classRelatedMethod(4479056,4478976) classRelatedMethod(4479328,4479248) classRelatedMethod(4479600,4479520) classRelatedMethod(4480048,4481136) classRelatedMethod(4480048,4480624) classRelatedMethod(4481056,4479792) classRelatedMethod(4482544,4501376) classRelatedMethod(4482544,4501088) classRelatedMethod(4482544,4499152) classRelatedMethod(4482544,4493824) classRelatedMethod(4482544,4493568) classRelatedMethod(4482544,4493184) classRelatedMethod(4482544,4489184) classRelatedMethod(4482544,4488704) classRelatedMethod(4482544,4477184) classRelatedMethod(4482544,4476992) classRelatedMethod(4482544,4476096) classRelatedMethod(4482544,4475568) classRelatedMethod(4482544,4475056) classRelatedMethod(4482544,4473984) classRelatedMethod(4482800,4503584) classRelatedMethod(4482800,4482544) classRelatedMethod(4482912,4516944) classRelatedMethod(4483008,4482912) classRelatedMethod(4483088,4504032) classRelatedMethod(4483088,4483376) classRelatedMethod(4483088,4483152) classRelatedMethod(4483856,4501616) classRelatedMethod(4483856,4499344) classRelatedMethod(4483856,4494784) classRelatedMethod(4483856,4494048) classRelatedMethod(4483856,4489712) classRelatedMethod(4484624,4524304) classRelatedMethod(4484624,4523584) classRelatedMethod(4484624,4522208) classRelatedMethod(4484624,4521792) classRelatedMethod(4484624,4518704) classRelatedMethod(4484624,4485648) classRelatedMethod(4484624,4485280) classRelatedMethod(4484624,4484912) classRelatedMethod(4484624,4484704) classRelatedMethod(4486464,4487968) classRelatedMethod(4486464,4487072) classRelatedMethod(4486464,4472848) classRelatedMethod(4486624,4473008) classRelatedMethod(4486944,4496784) classRelatedMethod(4486944,4496560) classRelatedMethod(4486944,4493040) classRelatedMethod(4486944,4492496) classRelatedMethod(4486944,4487792) classRelatedMethod(4486944,4486784) classRelatedMethod(4487008,4488160) classRelatedMethod(4487248,4488336) classRelatedMethod(4487248,4473424) classRelatedMethod(4487408,4473264) classRelatedMethod(4487792,4473600) classRelatedMethod(4487968,4473680) classRelatedMethod(4488160,4473520) classRelatedMethod(4488336,4506816) classRelatedMethod(4488528,4484624) classRelatedMethod(4498080,4497984) classRelatedMethod(4503584,4503472) classRelatedMethod(4504816,4504976) classRelatedMethod(4516816,4515824) classRelatedMethod(4525888,4526528) classRelatedMethod(4525888,4526048) classRelatedMethod(4525952,4526048) classRelatedMethod(4525952,4525568) classRelatedMethod(4526432,4526528) classRelatedMethod(4526432,4526048) classRelatedMethod(4526720,4526528) classRelatedMethod(4564640,4564688) classRelatedMethod(4646976,4647024) classRelatedMethod(4668800,4669648) classRelatedMethod(4668800,4669440) classRelatedMethod(4668800,4646928) classRelatedMethod(4668880,4564576) classRelatedMethod(4668944,4669760) classRelatedMethod(4668944,4669552) classRelatedMethod(4668944,4647088) classRelatedMethod(4668944,4564752) classRelatedMethod(4669024,4668944) classRelatedMethod(4669120,4669808) classRelatedMethod(4669120,4669600) classRelatedMethod(4669120,4668736) classRelatedMethod(4669120,4646976) classRelatedMethod(4669120,4564640) classRelatedMethod(4669232,4669024) classRelatedMethod(4669232,4668800) classRelatedMethod(4669360,4669120) classRelatedMethod(4669360,4669024) classRelatedMethod(4669600,4669488) classRelatedMethod(4669648,4669856) classRelatedMethod(4669760,4669968) classRelatedMethod(4669808,4670016) classRelatedMethod(4669808,4669696) classRelatedMethod(4670016,4669904) classRelatedMethod(4864032,4866304) classRelatedMethod(4864080,4866304) classRelatedMethod(4864080,4864976) classRelatedMethod(4864112,4866656) classRelatedMethod(4864112,4861888) classRelatedMethod(4864976,4824400) classRelatedMethod(4865152,4864976) classRelatedMethod(4865632,4866304) classRelatedMethod(4865632,4866176) classRelatedMethod(4865632,4865984) classRelatedMethod(4865632,4865808) classRelatedMethod(4866528,4866304) classRelatedMethod(4866768,4865808) classRelatedMethod(4867360,4866304) classRelatedMethod(4867744,4868064) classRelatedMethod(4868064,4867040) classRelatedMethod(4868064,4866768) classRelatedMethod(4868064,4863200) classRelatedMethod(4868064,4862800) classRelatedMethod(4868064,4861888) classRelatedMethod(4868064,4861584) classRelatedMethod(4868064,4860880) classRelatedMethod(4868496,4823504) classRelatedMethod(4868832,4870320) classRelatedMethod(4868832,4869840) classRelatedMethod(4868832,4869504) classRelatedMethod(4868832,4869056) classRelatedMethod(4868832,4868864) classRelatedMethod(4474944,4948404) classRelatedMethod(4475984,4948492) classRelatedMethod(4476880,4948580) classRelatedMethod(4477600,4948676) classRelatedMethod(4478640,4948764) classRelatedMethod(4480624,4948904) classRelatedMethod(4480944,4948856) classRelatedMethod(4483152,4949196) classRelatedMethod(4483264,4949108) classRelatedMethod(4489072,4949788) classRelatedMethod(4491232,4949788) classRelatedMethod(4492752,4949788) classRelatedMethod(4496288,4948764) classRelatedMethod(4496560,4948764) classRelatedMethod(4499440,4948404) classRelatedMethod(4499856,4948404) classRelatedMethod(4500128,4948492) classRelatedMethod(4500800,4948492) classRelatedMethod(4501712,4948580) classRelatedMethod(4502544,4948580) classRelatedMethod(4502816,4948676) classRelatedMethod(4503200,4948676) classRelatedMethod(4503824,4950228) classRelatedMethod(4503920,4950228) classRelatedMethod(4507040,4948856) classRelatedMethod(4507888,4948856) classRelatedMethod(4515824,4948764) classRelatedMethod(4518704,4949788) classRelatedMethod(4521792,4948676) classRelatedMethod(4522208,4948404) classRelatedMethod(4522672,4950228) classRelatedMethod(4523584,4948492) classRelatedMethod(4524304,4948580) classRelatedMethod(4562736,4965320) classRelatedMethod(4564688,4965452) classRelatedMethod(4647024,4986108) classRelatedMethod(4668736,4988484) classRelatedMethod(4669488,4988524) classRelatedMethod(4669696,4988540) classRelatedMethod(4669904,4988556) classRelatedMethod(4474080,4949788) classRelatedMethod(4474080,4949108) classRelatedMethod(4474080,4948676) classRelatedMethod(4474080,4948580) classRelatedMethod(4474080,4948492) classRelatedMethod(4474080,4948404) classRelatedMethod(4474144,4949108) classRelatedMethod(4474144,4948764) classRelatedMethod(4474144,4948676) classRelatedMethod(4474144,4948580) classRelatedMethod(4474144,4948492) classRelatedMethod(4474144,4948404) classRelatedMethod(4474208,4949788) classRelatedMethod(4474208,4949108) classRelatedMethod(4474208,4948764) classRelatedMethod(4474208,4948580) classRelatedMethod(4474208,4948492) classRelatedMethod(4474208,4948404) classRelatedMethod(4474272,4949788) classRelatedMethod(4474272,4949108) classRelatedMethod(4474272,4948764) classRelatedMethod(4474272,4948676) classRelatedMethod(4474272,4948580) classRelatedMethod(4474272,4948404) classRelatedMethod(4474336,4949788) classRelatedMethod(4474336,4949108) classRelatedMethod(4474336,4948764) classRelatedMethod(4474336,4948676) classRelatedMethod(4474336,4948492) classRelatedMethod(4474336,4948404) classRelatedMethod(4474400,4949788) classRelatedMethod(4474400,4949108) classRelatedMethod(4474400,4948676) classRelatedMethod(4474400,4948580) classRelatedMethod(4474400,4948492) classRelatedMethod(4474400,4948404) classRelatedMethod(4474464,4949108) classRelatedMethod(4474464,4948764) classRelatedMethod(4474464,4948676) classRelatedMethod(4474464,4948580) classRelatedMethod(4474464,4948492) classRelatedMethod(4474464,4948404) classRelatedMethod(4474528,4949788) classRelatedMethod(4474528,4949108) classRelatedMethod(4474528,4948764) classRelatedMethod(4474528,4948580) classRelatedMethod(4474528,4948492) classRelatedMethod(4474528,4948404) classRelatedMethod(4474592,4949788) classRelatedMethod(4474592,4949108) classRelatedMethod(4474592,4948764) classRelatedMethod(4474592,4948676) classRelatedMethod(4474592,4948580) classRelatedMethod(4474592,4948404) classRelatedMethod(4474656,4949788) classRelatedMethod(4474656,4949108) classRelatedMethod(4474656,4948764) classRelatedMethod(4474656,4948676) classRelatedMethod(4474656,4948492) classRelatedMethod(4474656,4948404) classRelatedMethod(4474816,4948404) classRelatedMethod(4474880,4948404) classRelatedMethod(4475344,4949788) classRelatedMethod(4475344,4949108) classRelatedMethod(4475344,4948764) classRelatedMethod(4475344,4948676) classRelatedMethod(4475344,4948580) classRelatedMethod(4475344,4948492) classRelatedMethod(4475408,4949788) classRelatedMethod(4475408,4949108) classRelatedMethod(4475408,4948764) classRelatedMethod(4475408,4948676) classRelatedMethod(4475408,4948580) classRelatedMethod(4475408,4948492) classRelatedMethod(4475856,4948492) classRelatedMethod(4475920,4948492) classRelatedMethod(4476640,4948580) classRelatedMethod(4476752,4948580) classRelatedMethod(4476816,4948580) classRelatedMethod(4477472,4948676) classRelatedMethod(4477536,4948676) classRelatedMethod(4478512,4948764) classRelatedMethod(4478576,4948764) classRelatedMethod(4480240,4948904) classRelatedMethod(4488944,4949788) classRelatedMethod(4489008,4949788) classRelatedMethod(4492496,4949788) classRelatedMethod(4496784,4948764) classRelatedMethod(4499744,4948404) classRelatedMethod(4500688,4948492) classRelatedMethod(4502432,4948580) classRelatedMethod(4503088,4948676) classRelatedMethod(4506912,4948856) classRelatedMethod(4669168,4988556) classRelatedMethod(4669168,4988540) classRelatedMethod(4669168,4988524) classRelatedMethod(4669168,4988484) classRelatedMethod(4669168,4986108) classRelatedMethod(4669168,4965452) classRelatedMethod(5046624,5034736) classRelatedMethod(4868992,5011788) classRelatedMethod(4868960,5011788) classRelatedMethod(4868928,5011788) classRelatedMethod(4869360,5011804) classRelatedMethod(4869280,5011804) classRelatedMethod(4869248,5011804) classRelatedMethod(4870016,5011836) classRelatedMethod(4869968,5011836) classRelatedMethod(4869936,5011836) classRelatedMethod(4870592,5011860) classRelatedMethod(4870496,5011860) classRelatedMethod(4870400,5011860) classRelatedMethod(4869760,5011820) classRelatedMethod(4869696,5011820) classRelatedMethod(4869632,5011820) classRelatedMethod(4527120,4471696) classRelatedMethod(4470816,4471696) classRelatedMethod(4471696,4471856) classRelatedMethod(4470976,4472080) classRelatedMethod(4474944,4474720) classRelatedMethod(4475056,4475248) classRelatedMethod(4475984,4475472) classRelatedMethod(4476880,4476320) classRelatedMethod(4477600,4477088) classRelatedMethod(4478640,4477712) classRelatedMethod(4480944,4481136) classRelatedMethod(4489520,4483376) classRelatedMethod(4483264,4483376) classRelatedMethod(4477712,4483376) classRelatedMethod(4477088,4483376) classRelatedMethod(4476320,4483376) classRelatedMethod(4475472,4483376) classRelatedMethod(4474720,4483376) classRelatedMethod(4502992,4483712) classRelatedMethod(4502272,4483712) classRelatedMethod(4500576,4483712) classRelatedMethod(4499648,4483712) classRelatedMethod(4496000,4483712) classRelatedMethod(4492144,4483712) classRelatedMethod(4520896,4484096) classRelatedMethod(4515824,4484096) classRelatedMethod(4484704,4484096) classRelatedMethod(4473104,4486784) classRelatedMethod(4489072,4489520) classRelatedMethod(4489520,4489712) classRelatedMethod(4489424,4489712) classRelatedMethod(4498736,4491136) classRelatedMethod(4498528,4491136) classRelatedMethod(4492752,4492144) classRelatedMethod(4515824,4493424) classRelatedMethod(4493568,4493424) classRelatedMethod(4493184,4493424) classRelatedMethod(4494144,4494352) classRelatedMethod(4494352,4494784) classRelatedMethod(4494256,4495616) classRelatedMethod(4495616,4495776) classRelatedMethod(4496288,4496000) classRelatedMethod(4503824,4497392) classRelatedMethod(4499856,4499648) classRelatedMethod(4500800,4500576) classRelatedMethod(4502544,4502272) classRelatedMethod(4503200,4502992) classRelatedMethod(4504224,4504032) classRelatedMethod(4503920,4504032) classRelatedMethod(4504976,4504400) classRelatedMethod(4508992,4507648) classRelatedMethod(4508832,4507648) classRelatedMethod(4508688,4507648) classRelatedMethod(4508112,4507648) classRelatedMethod(4507888,4507648) classRelatedMethod(4507040,4507648) classRelatedMethod(4508992,4507792) classRelatedMethod(4508832,4507792) classRelatedMethod(4508688,4507792) classRelatedMethod(4508112,4507792) classRelatedMethod(4507888,4507792) classRelatedMethod(4507040,4507792) classRelatedMethod(4515824,4517120) classRelatedMethod(4494352,4517120) classRelatedMethod(4520896,4517392) classRelatedMethod(4515824,4517392) classRelatedMethod(4518704,4520896) classRelatedMethod(4471168,4526048) classRelatedMethod(4471280,4526528) classRelatedMethod(4562736,4562688) classRelatedMethod(4498080,4471504) classRelatedMethod(4525568,4471568) classRelatedMethod(4527120,4471632) classRelatedMethod(4526528,4471632) classRelatedMethod(4498080,4471632) classRelatedMethod(4527120,4471792) classRelatedMethod(4526048,4471792) classRelatedMethod(4470816,4471792) classRelatedMethod(4494144,4472688) classRelatedMethod(4492752,4472688) classRelatedMethod(4477888,4473600) classRelatedMethod(4494784,4477968) classRelatedMethod(4478832,4478912) classRelatedMethod(4478976,4479056) classRelatedMethod(4479248,4479328) classRelatedMethod(4479520,4479600) classRelatedMethod(4481136,4480048) classRelatedMethod(4480624,4480048) classRelatedMethod(4479792,4481056) classRelatedMethod(4501376,4482544) classRelatedMethod(4501088,4482544) classRelatedMethod(4499152,4482544) classRelatedMethod(4493824,4482544) classRelatedMethod(4493568,4482544) classRelatedMethod(4493184,4482544) classRelatedMethod(4489184,4482544) classRelatedMethod(4488704,4482544) classRelatedMethod(4477184,4482544) classRelatedMethod(4476992,4482544) classRelatedMethod(4476096,4482544) classRelatedMethod(4475568,4482544) classRelatedMethod(4475056,4482544) classRelatedMethod(4473984,4482544) classRelatedMethod(4503584,4482800) classRelatedMethod(4482544,4482800) classRelatedMethod(4516944,4482912) classRelatedMethod(4482912,4483008) classRelatedMethod(4504032,4483088) classRelatedMethod(4483376,4483088) classRelatedMethod(4483152,4483088) classRelatedMethod(4501616,4483856) classRelatedMethod(4499344,4483856) classRelatedMethod(4494784,4483856) classRelatedMethod(4494048,4483856) classRelatedMethod(4489712,4483856) classRelatedMethod(4524304,4484624) classRelatedMethod(4523584,4484624) classRelatedMethod(4522208,4484624) classRelatedMethod(4521792,4484624) classRelatedMethod(4518704,4484624) classRelatedMethod(4485648,4484624) classRelatedMethod(4485280,4484624) classRelatedMethod(4484912,4484624) classRelatedMethod(4484704,4484624) classRelatedMethod(4487968,4486464) classRelatedMethod(4487072,4486464) classRelatedMethod(4472848,4486464) classRelatedMethod(4473008,4486624) classRelatedMethod(4496784,4486944) classRelatedMethod(4496560,4486944) classRelatedMethod(4493040,4486944) classRelatedMethod(4492496,4486944) classRelatedMethod(4487792,4486944) classRelatedMethod(4486784,4486944) classRelatedMethod(4488160,4487008) classRelatedMethod(4488336,4487248) classRelatedMethod(4473424,4487248) classRelatedMethod(4473264,4487408) classRelatedMethod(4473600,4487792) classRelatedMethod(4473680,4487968) classRelatedMethod(4473520,4488160) classRelatedMethod(4506816,4488336) classRelatedMethod(4484624,4488528) classRelatedMethod(4497984,4498080) classRelatedMethod(4503472,4503584) classRelatedMethod(4504976,4504816) classRelatedMethod(4515824,4516816) classRelatedMethod(4526528,4525888) classRelatedMethod(4526048,4525888) classRelatedMethod(4526048,4525952) classRelatedMethod(4525568,4525952) classRelatedMethod(4526528,4526432) classRelatedMethod(4526048,4526432) classRelatedMethod(4526528,4526720) classRelatedMethod(4564688,4564640) classRelatedMethod(4647024,4646976) classRelatedMethod(4669648,4668800) classRelatedMethod(4669440,4668800) classRelatedMethod(4646928,4668800) classRelatedMethod(4564576,4668880) classRelatedMethod(4669760,4668944) classRelatedMethod(4669552,4668944) classRelatedMethod(4647088,4668944) classRelatedMethod(4564752,4668944) classRelatedMethod(4668944,4669024) classRelatedMethod(4669808,4669120) classRelatedMethod(4669600,4669120) classRelatedMethod(4668736,4669120) classRelatedMethod(4646976,4669120) classRelatedMethod(4564640,4669120) classRelatedMethod(4669024,4669232) classRelatedMethod(4668800,4669232) classRelatedMethod(4669120,4669360) classRelatedMethod(4669024,4669360) classRelatedMethod(4669488,4669600) classRelatedMethod(4669856,4669648) classRelatedMethod(4669968,4669760) classRelatedMethod(4670016,4669808) classRelatedMethod(4669696,4669808) classRelatedMethod(4669904,4670016) classRelatedMethod(4866304,4864032) classRelatedMethod(4866304,4864080) classRelatedMethod(4864976,4864080) classRelatedMethod(4866656,4864112) classRelatedMethod(4861888,4864112) classRelatedMethod(4824400,4864976) classRelatedMethod(4864976,4865152) classRelatedMethod(4866304,4865632) classRelatedMethod(4866176,4865632) classRelatedMethod(4865984,4865632) classRelatedMethod(4865808,4865632) classRelatedMethod(4866304,4866528) classRelatedMethod(4865808,4866768) classRelatedMethod(4866304,4867360) classRelatedMethod(4868064,4867744) classRelatedMethod(4867040,4868064) classRelatedMethod(4866768,4868064) classRelatedMethod(4863200,4868064) classRelatedMethod(4862800,4868064) classRelatedMethod(4861888,4868064) classRelatedMethod(4861584,4868064) classRelatedMethod(4860880,4868064) classRelatedMethod(4823504,4868496) classRelatedMethod(4870320,4868832) classRelatedMethod(4869840,4868832) classRelatedMethod(4869504,4868832) classRelatedMethod(4869056,4868832) classRelatedMethod(4868864,4868832) classRelatedMethod(4948404,4474944) classRelatedMethod(4948492,4475984) classRelatedMethod(4948580,4476880) classRelatedMethod(4948676,4477600) classRelatedMethod(4948764,4478640) classRelatedMethod(4948904,4480624) classRelatedMethod(4948856,4480944) classRelatedMethod(4949196,4483152) classRelatedMethod(4949108,4483264) classRelatedMethod(4949788,4489072) classRelatedMethod(4949788,4491232) classRelatedMethod(4949788,4492752) classRelatedMethod(4948764,4496288) classRelatedMethod(4948764,4496560) classRelatedMethod(4948404,4499440) classRelatedMethod(4948404,4499856) classRelatedMethod(4948492,4500128) classRelatedMethod(4948492,4500800) classRelatedMethod(4948580,4501712) classRelatedMethod(4948580,4502544) classRelatedMethod(4948676,4502816) classRelatedMethod(4948676,4503200) classRelatedMethod(4950228,4503824) classRelatedMethod(4950228,4503920) classRelatedMethod(4948856,4507040) classRelatedMethod(4948856,4507888) classRelatedMethod(4948764,4515824) classRelatedMethod(4949788,4518704) classRelatedMethod(4948676,4521792) classRelatedMethod(4948404,4522208) classRelatedMethod(4950228,4522672) classRelatedMethod(4948492,4523584) classRelatedMethod(4948580,4524304) classRelatedMethod(4965320,4562736) classRelatedMethod(4965452,4564688) classRelatedMethod(4986108,4647024) classRelatedMethod(4988484,4668736) classRelatedMethod(4988524,4669488) classRelatedMethod(4988540,4669696) classRelatedMethod(4988556,4669904) classRelatedMethod(4949788,4474080) classRelatedMethod(4949108,4474080) classRelatedMethod(4948676,4474080) classRelatedMethod(4948580,4474080) classRelatedMethod(4948492,4474080) classRelatedMethod(4948404,4474080) classRelatedMethod(4949108,4474144) classRelatedMethod(4948764,4474144) classRelatedMethod(4948676,4474144) classRelatedMethod(4948580,4474144) classRelatedMethod(4948492,4474144) classRelatedMethod(4948404,4474144) classRelatedMethod(4949788,4474208) classRelatedMethod(4949108,4474208) classRelatedMethod(4948764,4474208) classRelatedMethod(4948580,4474208) classRelatedMethod(4948492,4474208) classRelatedMethod(4948404,4474208) classRelatedMethod(4949788,4474272) classRelatedMethod(4949108,4474272) classRelatedMethod(4948764,4474272) classRelatedMethod(4948676,4474272) classRelatedMethod(4948580,4474272) classRelatedMethod(4948404,4474272) classRelatedMethod(4949788,4474336) classRelatedMethod(4949108,4474336) classRelatedMethod(4948764,4474336) classRelatedMethod(4948676,4474336) classRelatedMethod(4948492,4474336) classRelatedMethod(4948404,4474336) classRelatedMethod(4949788,4474400) classRelatedMethod(4949108,4474400) classRelatedMethod(4948676,4474400) classRelatedMethod(4948580,4474400) classRelatedMethod(4948492,4474400) classRelatedMethod(4948404,4474400) classRelatedMethod(4949108,4474464) classRelatedMethod(4948764,4474464) classRelatedMethod(4948676,4474464) classRelatedMethod(4948580,4474464) classRelatedMethod(4948492,4474464) classRelatedMethod(4948404,4474464) classRelatedMethod(4949788,4474528) classRelatedMethod(4949108,4474528) classRelatedMethod(4948764,4474528) classRelatedMethod(4948580,4474528) classRelatedMethod(4948492,4474528) classRelatedMethod(4948404,4474528) classRelatedMethod(4949788,4474592) classRelatedMethod(4949108,4474592) classRelatedMethod(4948764,4474592) classRelatedMethod(4948676,4474592) classRelatedMethod(4948580,4474592) classRelatedMethod(4948404,4474592) classRelatedMethod(4949788,4474656) classRelatedMethod(4949108,4474656) classRelatedMethod(4948764,4474656) classRelatedMethod(4948676,4474656) classRelatedMethod(4948492,4474656) classRelatedMethod(4948404,4474656) classRelatedMethod(4948404,4474816) classRelatedMethod(4948404,4474880) classRelatedMethod(4949788,4475344) classRelatedMethod(4949108,4475344) classRelatedMethod(4948764,4475344) classRelatedMethod(4948676,4475344) classRelatedMethod(4948580,4475344) classRelatedMethod(4948492,4475344) classRelatedMethod(4949788,4475408) classRelatedMethod(4949108,4475408) classRelatedMethod(4948764,4475408) classRelatedMethod(4948676,4475408) classRelatedMethod(4948580,4475408) classRelatedMethod(4948492,4475408) classRelatedMethod(4948492,4475856) classRelatedMethod(4948492,4475920) classRelatedMethod(4948580,4476640) classRelatedMethod(4948580,4476752) classRelatedMethod(4948580,4476816) classRelatedMethod(4948676,4477472) classRelatedMethod(4948676,4477536) classRelatedMethod(4948764,4478512) classRelatedMethod(4948764,4478576) classRelatedMethod(4948904,4480240) classRelatedMethod(4949788,4488944) classRelatedMethod(4949788,4489008) classRelatedMethod(4949788,4492496) classRelatedMethod(4948764,4496784) classRelatedMethod(4948404,4499744) classRelatedMethod(4948492,4500688) classRelatedMethod(4948580,4502432) classRelatedMethod(4948676,4503088) classRelatedMethod(4948856,4506912) classRelatedMethod(4988556,4669168) classRelatedMethod(4988540,4669168) classRelatedMethod(4988524,4669168) classRelatedMethod(4988484,4669168) classRelatedMethod(4986108,4669168) classRelatedMethod(4965452,4669168) classRelatedMethod(5034736,5046624) classRelatedMethod(5011788,4868992) classRelatedMethod(5011788,4868960) classRelatedMethod(5011788,4868928) classRelatedMethod(5011804,4869360) classRelatedMethod(5011804,4869280) classRelatedMethod(5011804,4869248) classRelatedMethod(5011836,4870016) classRelatedMethod(5011836,4869968) classRelatedMethod(5011836,4869936) classRelatedMethod(5011860,4870592) classRelatedMethod(5011860,4870496) classRelatedMethod(5011860,4870400) classRelatedMethod(5011820,4869760) classRelatedMethod(5011820,4869696) classRelatedMethod(5011820,4869632)
Optimization: -656 -34443
Lower bound: -704 -50230

% Equivalence classes (2966 classes, 3190 entities):
%   {4435973}
%   {4435978}
%   {4435983}
%   {4435988}
%   {4435993}
%   {4435998}
%   {4436003}
%   {4436008}
%   {4436013}
%   {4436018}
%   {4436023}
%   {4436028}
%   {4436033}
%   {4436038}
%   {4436043}
%   {4436048}
%   {4436053}
%   {4436058}
%   {4436063}
%   {4436068}
%   {4436073}
%   {4436078}
%   {4436083}
%   {4436088}
%   {4436093}
%   {4436098}
%   {4436103}
%   {4436108}
%   {4436113}
%   {4436118}
%   {4436123, 4868864}
%   {4436128}
%   {4436133}
%   {4436138}
%   {4436143}
%   {4436148}
%   {4436153}
%   {4436158}
%   {4436163}
%   {4436168}
%   {4436173}
%   {4436178, 4436538, 4438248, 4439398, 4439528, 4441273, 4475472}
%   {4436183}
%   {4436188}
%   {4436193}
%   {4436198}
%   {4436203}
%   {4436208}
%   {4436213}
%   {4436218}
%   {4436223}
%   {4436228}
%   {4436233}
%   {4436238}
%   {4436243}
%   {4436248}
%   {4436253}
%   {4436258}
%   {4436263}
%   {4436268}
%   {4436273}
%   {4436278}
%   {4436283, 4437718, 4437913, 4439503, 4440413, 4440453, 4477088, 4477600}
%   {4436288}
%   {4436293, 4442593, 4442808, 4869056}
%   {4436298}
%   {4436303, 4437008, 4437363, 4488704}
%   {4436308}
%   {4436313}
%   {4436318}
%   {4436323}
%   {4436328}
%   {4436333}
%   {4436338}
%   {4436343}
%   {4436348}
%   {4436353}
%   {4436358}
%   {4436363}
%   {4436368}
%   {4436373}
%   {4436378}
%   {4436383}
%   {4436388}
%   {4436393}
%   {4436398}
%   {4436403}
%   {4436408}
%   {4436413}
%   {4436418, 4439198, 4503584, 4503920, 4504032}
%   {4436423}
%   {4436428}
%   {4436433}
%   {4436438}
%   {4436443, 4493568, 4494256, 4495616, 4496560, 4515824, 4516816}
%   {4436448}
%   {4436453}
%   {4436458}
%   {4436463}
%   {4436468}
%   {4436473, 4437168, 4437403, 4437568, 4440828, 4489520}
%   {4436478}
%   {4436483}
%   {4436488}
%   {4436493}
%   {4436498}
%   {4436503}
%   {4436508}
%   {4436513}
%   {4436518}
%   {4436523}
%   {4436528}
%   {4436533}
%   {4436543}
%   {4436548}
%   {4436553}
%   {4436558}
%   {4436563}
%   {4436568}
%   {4436573}
%   {4436578}
%   {4436583}
%   {4436588}
%   {4436593}
%   {4436598}
%   {4436603}
%   {4436608}
%   {4436613}
%   {4436618}
%   {4436623}
%   {4436628}
%   {4436633}
%   {4436638}
%   {4436643}
%   {4436648, 4475568, 4475856, 4475920, 4948492}
%   {4436653}
%   {4436658}
%   {4436663}
%   {4436668}
%   {4436673}
%   {4436678}
%   {4436683}
%   {4436688}
%   {4436693}
%   {4436698}
%   {4436703}
%   {4436708}
%   {4436713}
%   {4436718}
%   {4436723}
%   {4436728}
%   {4436733}
%   {4436738}
%   {4436743}
%   {4436748}
%   {4436753}
%   {4436758}
%   {4436763}
%   {4436768}
%   {4436773}
%   {4436778}
%   {4436783}
%   {4436788}
%   {4436793}
%   {4436798}
%   {4436803}
%   {4436808}
%   {4436813}
%   {4436818}
%   {4436823}
%   {4436828}
%   {4436833}
%   {4436838}
%   {4436843}
%   {4436848}
%   {4436853}
%   {4436858}
%   {4436863}
%   {4436868}
%   {4436873, 4439378, 4474720}
%   {4436878}
%   {4436883}
%   {4436888}
%   {4436893}
%   {4436898}
%   {4436903}
%   {4436908}
%   {4436913}
%   {4436918}
%   {4436923}
%   {4436928}
%   {4436933}
%   {4436938}
%   {4436943}
%   {4436948}
%   {4436953}
%   {4436958}
%   {4436963}
%   {4436968}
%   {4436973}
%   {4436978}
%   {4436983}
%   {4436988}
%   {4436993}
%   {4436998}
%   {4437003}
%   {4437013}
%   {4437018}
%   {4437023}
%   {4437028}
%   {4437033}
%   {4437038}
%   {4437043}
%   {4437048}
%   {4437053}
%   {4437058}
%   {4437063, 4669808}
%   {4437068}
%   {4437073}
%   {4437078}
%   {4437083}
%   {4437088}
%   {4437093}
%   {4437103}
%   {4437108}
%   {4437113}
%   {4437118}
%   {4437123}
%   {4437128}
%   {4437133}
%   {4437138}
%   {4437143}
%   {4437148}
%   {4437153}
%   {4437158}
%   {4437163}
%   {4437173}
%   {4437178}
%   {4437183}
%   {4437188}
%   {4437193}
%   {4437198}
%   {4437203}
%   {4437208}
%   {4437213}
%   {4437218}
%   {4437223}
%   {4437228}
%   {4437233}
%   {4437238}
%   {4437243}
%   {4437248}
%   {4437253}
%   {4437258}
%   {4437263}
%   {4437268}
%   {4437273}
%   {4437278, 4564576, 4564752, 4965452}
%   {4437283}
%   {4437288}
%   {4437293}
%   {4437298}
%   {4437303}
%   {4437308}
%   {4437313}
%   {4437318}
%   {4437323}
%   {4437328}
%   {4437333}
%   {4437338}
%   {4437343}
%   {4437348}
%   {4437353}
%   {4437358}
%   {4437368}
%   {4437373}
%   {4437378}
%   {4437383}
%   {4437388}
%   {4437393}
%   {4437398}
%   {4437408}
%   {4437413}
%   {4437418}
%   {4437423}
%   {4437428}
%   {4437433}
%   {4437438}
%   {4437443}
%   {4437448}
%   {4437453}
%   {4437458}
%   {4437463}
%   {4437468}
%   {4437473}
%   {4437478}
%   {4437483}
%   {4437488}
%   {4437493}
%   {4437498}
%   {4437503}
%   {4437508}
%   {4437513}
%   {4437518}
%   {4437523}
%   {4437528}
%   {4437533}
%   {4437538}
%   {4437543}
%   {4437548}
%   {4437553}
%   {4437558}
%   {4437563}
%   {4437573}
%   {4437578}
%   {4437583}
%   {4437588}
%   {4437593}
%   {4437598}
%   {4437603}
%   {4437608}
%   {4437613}
%   {4437618}
%   {4437623}
%   {4437628}
%   {4437633}
%   {4437638}
%   {4437643}
%   {4437648}
%   {4437653}
%   {4437658}
%   {4437663}
%   {4437668}
%   {4437673}
%   {4437678}
%   {4437683}
%   {4437688}
%   {4437693}
%   {4437698}
%   {4437703}
%   {4437708}
%   {4437713}
%   {4437723}
%   {4437728}
%   {4437733}
%   {4437738}
%   {4437743}
%   {4437748}
%   {4437753}
%   {4437758}
%   {4437763}
%   {4437768}
%   {4437773}
%   {4437778}
%   {4437783}
%   {4437788}
%   {4437793}
%   {4437798}
%   {4437803}
%   {4437808}
%   {4437813}
%   {4437818}
%   {4437823}
%   {4437828}
%   {4437833}
%   {4437838}
%   {4437843}
%   {4437848}
%   {4437853}
%   {4437858}
%   {4437863}
%   {4437868}
%   {4437873}
%   {4437878}
%   {4437883}
%   {4437888, 4474816, 4474880, 4474944, 4499152, 4948404}
%   {4437893}
%   {4437898}
%   {4437903}
%   {4437908}
%   {4437918, 4473984}
%   {4437923}
%   {4437928}
%   {4437933}
%   {4437938}
%   {4437943}
%   {4437948}
%   {4437953, 4438093, 4440088, 4869840, 5011836}
%   {4437958}
%   {4437963}
%   {4437968}
%   {4437973}
%   {4437978}
%   {4437983}
%   {4437988}
%   {4437993}
%   {4437998}
%   {4438003}
%   {4438008}
%   {4438013}
%   {4438018}
%   {4438023}
%   {4438028}
%   {4438033}
%   {4438038}
%   {4438043}
%   {4438048}
%   {4438053}
%   {4438058}
%   {4438063}
%   {4438068}
%   {4438073}
%   {4438078}
%   {4438083}
%   {4438088}
%   {4438098}
%   {4438103}
%   {4438108}
%   {4438113}
%   {4438118, 4441983, 4442248, 4477184}
%   {4438123}
%   {4438128}
%   {4438133}
%   {4438138}
%   {4438143}
%   {4438148, 4439508, 4441473, 4476096}
%   {4438153}
%   {4438158}
%   {4438163}
%   {4438168}
%   {4438173}
%   {4438178}
%   {4438183}
%   {4438188}
%   {4438193}
%   {4438198}
%   {4438203}
%   {4438208}
%   {4438213}
%   {4438218}
%   {4438223}
%   {4438228}
%   {4438233}
%   {4438238}
%   {4438253}
%   {4438258}
%   {4438263}
%   {4438268}
%   {4438273}
%   {4438278}
%   {4438283}
%   {4438288}
%   {4438293}
%   {4438298}
%   {4438303, 4870320, 4870400, 5011860}
%   {4438308}
%   {4438313}
%   {4438318}
%   {4438323}
%   {4438328}
%   {4438333}
%   {4438338}
%   {4438343}
%   {4438348}
%   {4438353}
%   {4438358}
%   {4438363}
%   {4438368}
%   {4438373}
%   {4438378}
%   {4438383}
%   {4438388}
%   {4438393}
%   {4438398}
%   {4438403}
%   {4438408}
%   {4438413}
%   {4438418}
%   {4438423}
%   {4438428}
%   {4438433}
%   {4438438}
%   {4438443}
%   {4438448}
%   {4438453}
%   {4438458}
%   {4438463}
%   {4438468}
%   {4438473}
%   {4438478}
%   {4438483}
%   {4438488}
%   {4438493}
%   {4438498}
%   {4438503}
%   {4438508}
%   {4438513}
%   {4438518}
%   {4438523}
%   {4438528}
%   {4438533}
%   {4438538}
%   {4438543}
%   {4438548}
%   {4438553}
%   {4438558}
%   {4438563}
%   {4438568}
%   {4438573}
%   {4438578}
%   {4438583}
%   {4438588}
%   {4438593}
%   {4438598}
%   {4438603}
%   {4438608}
%   {4438613}
%   {4438618}
%   {4438623}
%   {4438628}
%   {4438633}
%   {4438638}
%   {4438643}
%   {4438648}
%   {4438653}
%   {4438658}
%   {4438663}
%   {4438668}
%   {4438673}
%   {4438678}
%   {4438683}
%   {4438688}
%   {4438693}
%   {4438698}
%   {4438703}
%   {4438708}
%   {4438713}
%   {4438718}
%   {4438723, 4562688, 4562736, 4563104, 4965320}
%   {4438728}
%   {4438733}
%   {4438738}
%   {4438743}
%   {4438748}
%   {4438753}
%   {4438758}
%   {4438763}
%   {4438768}
%   {4438773}
%   {4438778}
%   {4438783}
%   {4438788}
%   {4438793}
%   {4438798}
%   {4438803}
%   {4438808}
%   {4438813}
%   {4438818}
%   {4438823}
%   {4438828}
%   {4438833}
%   {4438838}
%   {4438843}
%   {4438848}
%   {4438853}
%   {4438858}
%   {4438863}
%   {4438868}
%   {4438873, 4481056}
%   {4438878}
%   {4438883}
%   {4438888}
%   {4438893}
%   {4438898}
%   {4438903}
%   {4438908}
%   {4438913}
%   {4438918}
%   {4438923}
%   {4438928}
%   {4438933}
%   {4438938}
%   {4438943}
%   {4438948}
%   {4438953}
%   {4438958}
%   {4438963}
%   {4438968}
%   {4438973}
%   {4438978}
%   {4438983}
%   {4438988}
%   {4438993}
%   {4438998}
%   {4439003}
%   {4439008}
%   {4439013}
%   {4439018}
%   {4439023}
%   {4439028}
%   {4439033}
%   {4439038}
%   {4439043}
%   {4439048}
%   {4439053}
%   {4439058, 4439868, 4477712}
%   {4439063}
%   {4439068}
%   {4439073}
%   {4439078}
%   {4439083}
%   {4439088}
%   {4439093}
%   {4439098}
%   {4439103}
%   {4439108}
%   {4439113}
%   {4439118}
%   {4439123}
%   {4439128}
%   {4439133}
%   {4439138}
%   {4439143}
%   {4439148}
%   {4439153}
%   {4439158}
%   {4439163}
%   {4439168}
%   {4439173}
%   {4439178}
%   {4439183}
%   {4439188}
%   {4439193}
%   {4439203}
%   {4439208}
%   {4439213}
%   {4439218}
%   {4439223}
%   {4439228}
%   {4439233}
%   {4439238}
%   {4439243}
%   {4439253}
%   {4439258}
%   {4439263}
%   {4439268}
%   {4439273}
%   {4439278}
%   {4439283}
%   {4439288}
%   {4439293}
%   {4439298}
%   {4439303}
%   {4439308}
%   {4439313, 4669600}
%   {4439318}
%   {4439323}
%   {4439328}
%   {4439333}
%   {4439338}
%   {4439343}
%   {4439348}
%   {4439353, 4441478, 4476320, 4476880}
%   {4439358}
%   {4439363}
%   {4439368}
%   {4439373}
%   {4439383}
%   {4439388}
%   {4439393}
%   {4439403}
%   {4439408}
%   {4439413}
%   {4439418}
%   {4439423}
%   {4439428}
%   {4439433}
%   {4439438}
%   {4439443}
%   {4439448}
%   {4439453}
%   {4439458}
%   {4439463}
%   {4439468}
%   {4439473}
%   {4439478}
%   {4439483}
%   {4439488}
%   {4439493}
%   {4439498}
%   {4439513}
%   {4439518}
%   {4439523}
%   {4439533}
%   {4439538}
%   {4439543}
%   {4439548}
%   {4439553}
%   {4439558}
%   {4439563}
%   {4439568}
%   {4439573}
%   {4439578}
%   {4439583}
%   {4439588}
%   {4439593}
%   {4439598}
%   {4439603}
%   {4439608}
%   {4439613}
%   {4439618}
%   {4439623, 4646928, 4986108}
%   {4439628}
%   {4439633}
%   {4439638}
%   {4439643}
%   {4439648}
%   {4439653}
%   {4439658}
%   {4439663}
%   {4439668}
%   {4439673}
%   {4439678}
%   {4439683}
%   {4439688}
%   {4439693}
%   {4439698}
%   {4439703}
%   {4439708}
%   {4439713}
%   {4439718}
%   {4439723}
%   {4439728}
%   {4439733}
%   {4439738}
%   {4439743}
%   {4439748}
%   {4439753}
%   {4439758}
%   {4439763}
%   {4439768}
%   {4439773}
%   {4439778}
%   {4439783}
%   {4439788}
%   {4439793}
%   {4439798}
%   {4439803}
%   {4439808}
%   {4439813}
%   {4439818}
%   {4439823}
%   {4439828}
%   {4439833, 4442433, 4869504}
%   {4439838}
%   {4439843}
%   {4439848}
%   {4439853}
%   {4439858}
%   {4439863}
%   {4439873}
%   {4439878}
%   {4439883}
%   {4439888}
%   {4439893}
%   {4439898}
%   {4439903}
%   {4439908}
%   {4439913}
%   {4439918}
%   {4439923}
%   {4439928}
%   {4439933}
%   {4439938}
%   {4439943}
%   {4439948}
%   {4439953}
%   {4439958}
%   {4439963}
%   {4439968}
%   {4439973}
%   {4439978}
%   {4439983}
%   {4439988}
%   {4439993}
%   {4439998}
%   {4440003}
%   {4440008}
%   {4440013}
%   {4440018}
%   {4440023}
%   {4440028}
%   {4440033}
%   {4440038}
%   {4440043}
%   {4440048}
%   {4440053}
%   {4440058}
%   {4440063}
%   {4440068}
%   {4440073}
%   {4440078, 4482800}
%   {4440083}
%   {4440093}
%   {4440098}
%   {4440103}
%   {4440108}
%   {4440113}
%   {4440118}
%   {4440123}
%   {4440128}
%   {4440133}
%   {4440138}
%   {4440143}
%   {4440148}
%   {4440153}
%   {4440158}
%   {4440163}
%   {4440168}
%   {4440173}
%   {4440178}
%   {4440183}
%   {4440188}
%   {4440193}
%   {4440198}
%   {4440203}
%   {4440208}
%   {4440213}
%   {4440218}
%   {4440223}
%   {4440228}
%   {4440233}
%   {4440238}
%   {4440243}
%   {4440248}
%   {4440253}
%   {4440258}
%   {4440263}
%   {4440268}
%   {4440273}
%   {4440278}
%   {4440283}
%   {4440288}
%   {4440293}
%   {4440298}
%   {4440303}
%   {4440308}
%   {4440313}
%   {4440318}
%   {4440323}
%   {4440328}
%   {4440333}
%   {4440338}
%   {4440343}
%   {4440348}
%   {4440353}
%   {4440358}
%   {4440363}
%   {4440368}
%   {4440373}
%   {4440378}
%   {4440383}
%   {4440388}
%   {4440393}
%   {4440398}
%   {4440403}
%   {4440408}
%   {4440418}
%   {4440423}
%   {4440428}
%   {4440433}
%   {4440438}
%   {4440443}
%   {4440448}
%   {4440458}
%   {4440463}
%   {4440468}
%   {4440473}
%   {4440478}
%   {4440483}
%   {4440488}
%   {4440493}
%   {4440498}
%   {4440503}
%   {4440508}
%   {4440513}
%   {4440518}
%   {4440523}
%   {4440528}
%   {4440533}
%   {4440538}
%   {4440543}
%   {4440548}
%   {4440553}
%   {4440558}
%   {4440563}
%   {4440568}
%   {4440573}
%   {4440578}
%   {4440583}
%   {4440588}
%   {4440593}
%   {4440598}
%   {4440603}
%   {4440608}
%   {4440613}
%   {4440618}
%   {4440623}
%   {4440628}
%   {4440633}
%   {4440638}
%   {4440643}
%   {4440648}
%   {4440653}
%   {4440658}
%   {4440663}
%   {4440668}
%   {4440673}
%   {4440678}
%   {4440683}
%   {4440688}
%   {4440693}
%   {4440698}
%   {4440703}
%   {4440708}
%   {4440713}
%   {4440718}
%   {4440723}
%   {4440728}
%   {4440733}
%   {4440738}
%   {4440743}
%   {4440748}
%   {4440753}
%   {4440758}
%   {4440763}
%   {4440768}
%   {4440773}
%   {4440778}
%   {4440783}
%   {4440788}
%   {4440793}
%   {4440798}
%   {4440803}
%   {4440808}
%   {4440813}
%   {4440818}
%   {4440823}
%   {4440833}
%   {4440838}
%   {4440843}
%   {4440848}
%   {4440853}
%   {4440858}
%   {4440863}
%   {4440868}
%   {4440873}
%   {4440878}
%   {4440883}
%   {4440888}
%   {4440893}
%   {4440898}
%   {4440903}
%   {4440908}
%   {4440913}
%   {4440918}
%   {4440923}
%   {4440928}
%   {4440933}
%   {4440938}
%   {4440943}
%   {4440948}
%   {4440953}
%   {4440958, 4475056}
%   {4440963}
%   {4440968}
%   {4440973}
%   {4440978}
%   {4440983}
%   {4440988}
%   {4440993}
%   {4440998}
%   {4441003}
%   {4441008}
%   {4441013}
%   {4441018}
%   {4441023}
%   {4441028}
%   {4441033}
%   {4441038}
%   {4441043}
%   {4441048}
%   {4441053}
%   {4441058}
%   {4441063}
%   {4441068}
%   {4441073}
%   {4441078}
%   {4441083}
%   {4441088}
%   {4441093}
%   {4441098}
%   {4441103}
%   {4441108}
%   {4441113, 4479792, 4480848}
%   {4441118}
%   {4441123}
%   {4441128}
%   {4441133}
%   {4441138}
%   {4441143}
%   {4441148}
%   {4441153}
%   {4441158}
%   {4441163}
%   {4441168}
%   {4441173}
%   {4441178}
%   {4441183}
%   {4441188}
%   {4441193}
%   {4441198}
%   {4441203}
%   {4441208}
%   {4441213}
%   {4441218}
%   {4441223}
%   {4441228}
%   {4441233}
%   {4441238}
%   {4441243}
%   {4441248}
%   {4441253}
%   {4441258}
%   {4441263}
%   {4441268}
%   {4441278}
%   {4441283}
%   {4441288}
%   {4441293}
%   {4441298}
%   {4441303}
%   {4441308}
%   {4441313}
%   {4441318}
%   {4441323}
%   {4441328}
%   {4441333}
%   {4441338}
%   {4441343}
%   {4441348}
%   {4441353}
%   {4441358}
%   {4441363}
%   {4441368}
%   {4441373}
%   {4441378}
%   {4441383}
%   {4441388}
%   {4441393}
%   {4441398}
%   {4441403}
%   {4441408}
%   {4441413}
%   {4441418}
%   {4441423}
%   {4441428}
%   {4441433}
%   {4441438}
%   {4441443}
%   {4441448}
%   {4441453}
%   {4441458}
%   {4441463}
%   {4441468}
%   {4441483}
%   {4441488}
%   {4441493}
%   {4441498}
%   {4441503}
%   {4441508}
%   {4441513}
%   {4441518}
%   {4441523}
%   {4441528}
%   {4441533}
%   {4441538}
%   {4441543}
%   {4441548}
%   {4441553}
%   {4441558}
%   {4441563}
%   {4441568}
%   {4441573}
%   {4441578}
%   {4441583}
%   {4441588}
%   {4441593}
%   {4441598}
%   {4441603}
%   {4441608}
%   {4441613}
%   {4441618}
%   {4441623}
%   {4441628}
%   {4441633}
%   {4441638}
%   {4441643}
%   {4441648}
%   {4441653}
%   {4441658}
%   {4441663}
%   {4441668}
%   {4441673}
%   {4441678}
%   {4441683}
%   {4441688}
%   {4441693}
%   {4441698}
%   {4441703}
%   {4441708}
%   {4441713}
%   {4441718}
%   {4441723}
%   {4441728}
%   {4441733}
%   {4441738}
%   {4441743}
%   {4441748}
%   {4441753}
%   {4441758}
%   {4441763}
%   {4441768}
%   {4441773}
%   {4441778}
%   {4441783}
%   {4441788}
%   {4441793}
%   {4441798}
%   {4441803}
%   {4441808}
%   {4441813}
%   {4441818}
%   {4441823}
%   {4441828}
%   {4441833}
%   {4441838}
%   {4441843}
%   {4441848}
%   {4441853}
%   {4441858}
%   {4441863}
%   {4441868}
%   {4441873}
%   {4441878}
%   {4441883}
%   {4441888}
%   {4441893}
%   {4441898}
%   {4441903}
%   {4441908}
%   {4441913}
%   {4441918}
%   {4441923}
%   {4441928}
%   {4441933}
%   {4441938}
%   {4441943}
%   {4441948}
%   {4441953}
%   {4441958}
%   {4441963}
%   {4441968}
%   {4441973}
%   {4441978}
%   {4441988}
%   {4441993}
%   {4441998}
%   {4442003}
%   {4442008}
%   {4442013}
%   {4442018}
%   {4442023}
%   {4442028}
%   {4442033}
%   {4442038}
%   {4442043}
%   {4442048}
%   {4442053}
%   {4442058}
%   {4442063}
%   {4442068}
%   {4442073}
%   {4442078}
%   {4442083}
%   {4442088}
%   {4442093}
%   {4442098}
%   {4442103}
%   {4442108}
%   {4442113}
%   {4442118}
%   {4442123}
%   {4442128}
%   {4442133}
%   {4442138}
%   {4442143}
%   {4442148}
%   {4442153}
%   {4442158}
%   {4442163}
%   {4442168}
%   {4442173}
%   {4442178}
%   {4442183}
%   {4442188}
%   {4442193}
%   {4442198}
%   {4442203}
%   {4442208}
%   {4442213}
%   {4442218}
%   {4442223}
%   {4442228}
%   {4442233}
%   {4442238}
%   {4442243}
%   {4442253}
%   {4442258}
%   {4442263}
%   {4442268}
%   {4442273}
%   {4442278}
%   {4442283}
%   {4442288}
%   {4442293}
%   {4442298}
%   {4442303}
%   {4442308}
%   {4442313}
%   {4442318}
%   {4442323}
%   {4442328}
%   {4442333}
%   {4442338}
%   {4442343}
%   {4442348}
%   {4442353}
%   {4442358}
%   {4442363}
%   {4442368}
%   {4442373}
%   {4442378}
%   {4442383}
%   {4442388}
%   {4442393}
%   {4442398}
%   {4442403}
%   {4442408}
%   {4442413}
%   {4442418}
%   {4442423}
%   {4442428}
%   {4442438}
%   {4442443}
%   {4442448}
%   {4442453}
%   {4442458}
%   {4442463}
%   {4442468}
%   {4442473}
%   {4442478}
%   {4442483}
%   {4442488}
%   {4442493}
%   {4442498}
%   {4442503}
%   {4442508}
%   {4442513}
%   {4442518}
%   {4442523}
%   {4442528}
%   {4442533}
%   {4442538}
%   {4442543}
%   {4442548}
%   {4442553}
%   {4442558}
%   {4442563}
%   {4442568}
%   {4442573}
%   {4442578}
%   {4442583}
%   {4442588}
%   {4442598, 4668736, 4668800, 4669168, 4988484}
%   {4442603}
%   {4442608}
%   {4442613}
%   {4442618}
%   {4442623}
%   {4442628}
%   {4442633}
%   {4442638}
%   {4442643}
%   {4442648}
%   {4442653}
%   {4442658}
%   {4442663}
%   {4442668}
%   {4442673}
%   {4442678}
%   {4442683}
%   {4442688}
%   {4442693}
%   {4442698}
%   {4442703}
%   {4442708}
%   {4442713}
%   {4442718}
%   {4442723}
%   {4442728}
%   {4442733}
%   {4442738}
%   {4442743}
%   {4442748}
%   {4442753}
%   {4442758}
%   {4442763}
%   {4442768}
%   {4442773}
%   {4442778}
%   {4442783}
%   {4442788}
%   {4442793}
%   {4442798}
%   {4442803}
%   {4442813}
%   {4442818}
%   {4442823}
%   {4442828}
%   {4442833}
%   {4442838}
%   {4442843}
%   {4442848}
%   {4442853}
%   {4442858}
%   {4442863}
%   {4442868}
%   {4442873}
%   {4442878}
%   {4442883}
%   {4442888}
%   {4442893}
%   {4442898}
%   {4449840}
%   {4450096}
%   {4450336}
%   {4464981}
%   {4470736}
%   {4470816, 4470976, 4471392, 4471792, 4472080, 4527120}
%   {4471056, 4526528}
%   {4471168, 4525568, 4526048, 4526432}
%   {4471280}
%   {4471504}
%   {4471568, 4471632, 4482400, 4498080, 4526720}
%   {4471696, 4471856}
%   {4472208}
%   {4472384}
%   {4472496}
%   {4472560}
%   {4472624}
%   {4472688, 4477968, 4482544, 4484096, 4493424, 4494144, 4494352, 4507584, 4508624, 4517120, 4517392, 4520896}
%   {4472784}
%   {4472848, 4486784, 4486944, 4492496, 4493040, 4496784, 4507520}
%   {4472944}
%   {4473008, 4486624}
%   {4473104}
%   {4473200}
%   {4473264, 4487408}
%   {4473360}
%   {4473424, 4487248}
%   {4473520}
%   {4473600, 4477888, 4487792}
%   {4473680, 4486464, 4487968}
%   {4473776}
%   {4473872, 4504592}
%   {4474080}
%   {4474144}
%   {4474208}
%   {4474272}
%   {4474336, 4949108}
%   {4474400}
%   {4474464}
%   {4474528}
%   {4474592}
%   {4474656}
%   {4475248}
%   {4475344}
%   {4475408}
%   {4475760}
%   {4475984}
%   {4476544}
%   {4476640}
%   {4476752}
%   {4476816}
%   {4476992, 4477472, 4477536, 4502992, 4503088, 4503200, 4521792, 4948676}
%   {4477376}
%   {4478032}
%   {4478128}
%   {4478192}
%   {4478256}
%   {4478320}
%   {4478400}
%   {4478512}
%   {4478576}
%   {4478640}
%   {4478752}
%   {4478832, 4478912}
%   {4478976, 4479056}
%   {4479248}
%   {4479328}
%   {4479520}
%   {4479600}
%   {4480048, 4480240, 4480624, 4481136, 4948904}
%   {4480112}
%   {4480176}
%   {4480304}
%   {4480368}
%   {4480432}
%   {4480496}
%   {4480560}
%   {4480736}
%   {4480944, 4948856}
%   {4481344}
%   {4481520}
%   {4482304}
%   {4482912, 4516944}
%   {4483008}
%   {4483088}
%   {4483152, 4949196}
%   {4483264, 4483376, 4489712}
%   {4483712, 4496000, 4496288, 4499648, 4500576, 4502272}
%   {4483856}
%   {4484560}
%   {4484624, 4484912, 4485648}
%   {4484704}
%   {4485280}
%   {4486112}
%   {4487008, 4488160}
%   {4487072}
%   {4487568}
%   {4488336, 4506816}
%   {4488528}
%   {4488944}
%   {4489008}
%   {4489072}
%   {4489184}
%   {4489424}
%   {4489952}
%   {4490080, 4498272}
%   {4490176}
%   {4490336}
%   {4490496}
%   {4490624}
%   {4490752}
%   {4490880}
%   {4491008}
%   {4491136, 4498528, 4498736}
%   {4491232}
%   {4492032}
%   {4492144, 4492752}
%   {4492400, 4497024}
%   {4493184, 4493824, 4948764}
%   {4494048}
%   {4494784}
%   {4495776}
%   {4497168}
%   {4497248}
%   {4497392, 4503824}
%   {4497984}
%   {4498400}
%   {4498960}
%   {4499056}
%   {4499344}
%   {4499440}
%   {4499744}
%   {4499856}
%   {4500128}
%   {4500688}
%   {4500800}
%   {4501088, 4501376, 4948580}
%   {4501616}
%   {4501712}
%   {4502432}
%   {4502544}
%   {4502816}
%   {4503472}
%   {4504224}
%   {4504400, 4504976}
%   {4504816}
%   {4505280}
%   {4505376}
%   {4505520}
%   {4505680}
%   {4505824}
%   {4505984}
%   {4506192}
%   {4506400}
%   {4506608}
%   {4506912}
%   {4506976}
%   {4507040, 4507792, 4507888, 4508112, 4508688, 4508832, 4508992}
%   {4507648}
%   {4509152}
%   {4509264}
%   {4509376}
%   {4509488}
%   {4510096}
%   {4510208}
%   {4510320}
%   {4511648}
%   {4512112}
%   {4512256}
%   {4512624}
%   {4514112}
%   {4514560}
%   {4514688}
%   {4515440}
%   {4516593}
%   {4516880}
%   {4518624}
%   {4518704, 4949788}
%   {4520816}
%   {4521728}
%   {4522208}
%   {4522672, 4950228}
%   {4523584}
%   {4524304}
%   {4525392}
%   {4525888, 4525952}
%   {4526800}
%   {4527280}
%   {4527616}
%   {4527952}
%   {4528219}
%   {4528352}
%   {4528400}
%   {4528448}
%   {4528496}
%   {4528544}
%   {4528592}
%   {4528688}
%   {4528736}
%   {4528912}
%   {4528960}
%   {4529088}
%   {4529152}
%   {4529424}
%   {4529488}
%   {4529520}
%   {4529584}
%   {4529632}
%   {4529744}
%   {4529888}
%   {4529920}
%   {4530844}
%   {4531120}
%   {4531232}
%   {4531392}
%   {4531504}
%   {4531568}
%   {4531682}
%   {4531760}
%   {4533680}
%   {4533904}
%   {4533952}
%   {4534189}
%   {4534288}
%   {4534320}
%   {4534417}
%   {4534480}
%   {4536048}
%   {4536080}
%   {4536534}
%   {4536688}
%   {4536736}
%   {4536934}
%   {4537024}
%   {4537072}
%   {4537088}
%   {4537168}
%   {4538229}
%   {4538560}
%   {4538854}
%   {4538976}
%   {4539230}
%   {4539344}
%   {4539376}
%   {4539472}
%   {4539808}
%   {4539936}
%   {4540000}
%   {4540048}
%   {4540064}
%   {4540571}
%   {4540736}
%   {4541408}
%   {4541488}
%   {4541760, 4541824}
%   {4541856}
%   {4542570}
%   {4542832}
%   {4543360}
%   {4543440}
%   {4543600}
%   {4543936}
%   {4543984}
%   {4544032}
%   {4544080}
%   {4544128}
%   {4544176}
%   {4544240}
%   {4544288}
%   {4544848}
%   {4544896}
%   {4544944}
%   {4545888}
%   {4546128}
%   {4546160}
%   {4546384}
%   {4546432}
%   {4546464}
%   {4546480}
%   {4546528}
%   {4546864}
%   {4547489}
%   {4547696}
%   {4547728}
%   {4547744}
%   {4548048}
%   {4548096}
%   {4548272}
%   {4548497}
%   {4548608}
%   {4548928}
%   {4549802}
%   {4550064}
%   {4550553}
%   {4550720}
%   {4550752}
%   {4550960}
%   {4554656}
%   {4554720}
%   {4554800}
%   {4555437}
%   {4555648}
%   {4555712}
%   {4555776}
%   {4555824}
%   {4555888}
%   {4555936}
%   {4555952, 5034736, 5046624}
%   {4556368}
%   {4556432}
%   {4556544}
%   {4556624}
%   {4556736}
%   {4556816}
%   {4557024}
%   {4557056}
%   {4557088}
%   {4557120}
%   {4557152}
%   {4557200}
%   {4557616}
%   {4558046}
%   {4558240}
%   {4558320}
%   {4558368}
%   {4558400}
%   {4558432}
%   {4558544}
%   {4558608}
%   {4558688}
%   {4558992}
%   {4559296}
%   {4559376}
%   {4559392}
%   {4559408}
%   {4559424}
%   {4559536}
%   {4559616}
%   {4559696}
%   {4559776}
%   {4559840}
%   {4559984}
%   {4560080}
%   {4560384}
%   {4560608}
%   {4560768}
%   {4560832}
%   {4560896}
%   {4561008}
%   {4561040}
%   {4561184}
%   {4561232}
%   {4561328}
%   {4561337}
%   {4561382}
%   {4562640}
%   {4562800}
%   {4562848}
%   {4562880}
%   {4562944}
%   {4563008}
%   {4563072}
%   {4563152}
%   {4563184}
%   {4563386}
%   {4563472}
%   {4563504}
%   {4564032}
%   {4564096}
%   {4564240}
%   {4564320}
%   {4564384}
%   {4564416}
%   {4564640}
%   {4564688}
%   {4564800}
%   {4565069}
%   {4565184}
%   {4567056}
%   {4567104}
%   {4567152}
%   {4567347}
%   {4567440}
%   {4568336}
%   {4568667}
%   {4568800}
%   {4569088}
%   {4569232}
%   {4569376}
%   {4569935}
%   {4570128}
%   {4570687}
%   {4570880}
%   {4570944}
%   {4571376}
%   {4571440}
%   {4571504}
%   {4571568}
%   {4571600}
%   {4571648}
%   {4571680}
%   {4571712}
%   {4571744}
%   {4571792}
%   {4572176}
%   {4572208}
%   {4572320}
%   {4572416}
%   {4573024}
%   {4573120}
%   {4573216}
%   {4573984}
%   {4574032}
%   {4575184}
%   {4575232}
%   {4575328}
%   {4575424}
%   {4575600}
%   {4575664}
%   {4575824}
%   {4575888}
%   {4576048}
%   {4576112}
%   {4576272}
%   {4576336}
%   {4576512}
%   {4576576}
%   {4576736}
%   {4576800}
%   {4576960}
%   {4577024}
%   {4577200}
%   {4577264}
%   {4577440}
%   {4577504}
%   {4577680}
%   {4577744}
%   {4577904}
%   {4578000}
%   {4578016}
%   {4578096}
%   {4578160}
%   {4578240}
%   {4578320}
%   {4578800}
%   {4579056}
%   {4579072}
%   {4579664}
%   {4580848}
%   {4581280}
%   {4581456}
%   {4587472}
%   {4587680}
%   {4587760}
%   {4587984}
%   {4588032}
%   {4588080}
%   {4588128}
%   {4588160}
%   {4588272}
%   {4588336}
%   {4588768}
%   {4588848}
%   {4588912}
%   {4588960}
%   {4589008}
%   {4589072}
%   {4589232}
%   {4589296}
%   {4589456}
%   {4589520}
%   {4589680}
%   {4589728}
%   {4589776}
%   {4590550}
%   {4590784}
%   {4590864}
%   {4590912}
%   {4592192}
%   {4592272}
%   {4592832}
%   {4592960}
%   {4593207}
%   {4593312}
%   {4593360}
%   {4593408}
%   {4593456}
%   {4593504}
%   {4593552}
%   {4593600}
%   {4593712}
%   {4594384}
%   {4594560}
%   {4594768}
%   {4595088}
%   {4595472}
%   {4595616}
%   {4595920}
%   {4595936}
%   {4596016}
%   {4596064}
%   {4596112}
%   {4596128}
%   {4596147}
%   {4596224}
%   {4596240}
%   {4596256}
%   {4596288}
%   {4596368}
%   {4596448}
%   {4596480}
%   {4596560}
%   {4596736}
%   {4596976}
%   {4597268}
%   {4597392}
%   {4597472}
%   {4597504}
%   {4597552}
%   {4597712}
%   {4597888}
%   {4598000}
%   {4598774}
%   {4599008}
%   {4599088}
%   {4599136}
%   {4600416}
%   {4600432}
%   {4600464}
%   {4600800}
%   {4600896}
%   {4601216}
%   {4601328}
%   {4601392}
%   {4601408}
%   {4601488}
%   {4601536}
%   {4601600}
%   {4601809}
%   {4601936}
%   {4602510}
%   {4602768}
%   {4603104}
%   {4604160}
%   {4604320}
%   {4604592}
%   {4605632}
%   {4605776}
%   {4605824}
%   {4606192}
%   {4606576}
%   {4607504}
%   {4607664}
%   {4607800}
%   {4607920}
%   {4607952}
%   {4607984}
%   {4608032}
%   {4608048}
%   {4608144}
%   {4608192}
%   {4608832}
%   {4608944}
%   {4609122}
%   {4609209}
%   {4609312}
%   {4609552}
%   {4609600}
%   {4609960}
%   {4610069}
%   {4610256}
%   {4610416}
%   {4610432}
%   {4610448}
%   {4610960}
%   {4611024}
%   {4611088}
%   {4611152}
%   {4611216}
%   {4611280}
%   {4611344}
%   {4611408}
%   {4611456}
%   {4611504}
%   {4611552}
%   {4611600}
%   {4611696}
%   {4611920}
%   {4612272}
%   {4612352}
%   {4612577}
%   {4612688}
%   {4613904}
%   {4615216}
%   {4615424}
%   {4615568}
%   {4616060}
%   {4616240}
%   {4616496}
%   {4616672}
%   {4616788}
%   {4616864}
%   {4616976}
%   {4617216}
%   {4617248}
%   {4617575}
%   {4617620}
%   {4617776}
%   {4618512}
%   {4620992}
%   {4621564}
%   {4621760}
%   {4621904}
%   {4621974}
%   {4622002}
%   {4622025}
%   {4622050}
%   {4622075}
%   {4622192}
%   {4622256}
%   {4622670}
%   {4623424}
%   {4623593}
%   {4623712}
%   {4624330}
%   {4624688}
%   {4624816}
%   {4624848}
%   {4624880}
%   {4624912}
%   {4625600}
%   {4625712}
%   {4626832}
%   {4626912}
%   {4626960}
%   {4627056}
%   {4628272}
%   {4628320}
%   {4629824}
%   {4631120}
%   {4632368}
%   {4633296}
%   {4633644}
%   {4633776}
%   {4633840}
%   {4633904}
%   {4633952}
%   {4634016}
%   {4634064}
%   {4634750}
%   {4634976}
%   {4635104}
%   {4635168}
%   {4635232}
%   {4635472}
%   {4635504}
%   {4636256}
%   {4636352}
%   {4636448}
%   {4637216}
%   {4637264}
%   {4638448}
%   {4638496}
%   {4638592}
%   {4638688}
%   {4639319}
%   {4639520}
%   {4639568}
%   {4639616}
%   {4639664}
%   {4639712}
%   {4639760}
%   {4639808}
%   {4640072}
%   {4640192}
%   {4640283}
%   {4640352}
%   {4640768}
%   {4640816}
%   {4640928}
%   {4640976}
%   {4641024}
%   {4641104}
%   {4641232}
%   {4641392}
%   {4641744}
%   {4641840}
%   {4641936}
%   {4642960}
%   {4642992}
%   {4643152}
%   {4643200}
%   {4643376}
%   {4643408}
%   {4644080}
%   {4644992}
%   {4645024}
%   {4645456}
%   {4646976, 4647024}
%   {4647088}
%   {4647136}
%   {4647632}
%   {4647856}
%   {4648016}
%   {4648317}
%   {4648496}
%   {4648736}
%   {4649208}
%   {4649552}
%   {4649696}
%   {4650480}
%   {4650816}
%   {4651040}
%   {4651136}
%   {4651168}
%   {4651792}
%   {4652176}
%   {4652352}
%   {4652832}
%   {4652848}
%   {4653008}
%   {4653168}
%   {4653328}
%   {4653504}
%   {4653744}
%   {4653936}
%   {4654048}
%   {4654320}
%   {4654416}
%   {4654496}
%   {4654528}
%   {4654768}
%   {4654800}
%   {4655200}
%   {4655312}
%   {4655360}
%   {4655920}
%   {4657056}
%   {4657104}
%   {4659616}
%   {4659648}
%   {4659696}
%   {4660224}
%   {4660976}
%   {4661024}
%   {4661728}
%   {4661776}
%   {4662016}
%   {4662080}
%   {4662144}
%   {4662496}
%   {4662864}
%   {4663099}
%   {4663200}
%   {4663584}
%   {4663728}
%   {4663966}
%   {4664064}
%   {4664144}
%   {4664549}
%   {4664704}
%   {4664852}
%   {4664928}
%   {4665056}
%   {4665088}
%   {4665376}
%   {4665424}
%   {4666064}
%   {4666176}
%   {4666704}
%   {4667056}
%   {4667088}
%   {4668176}
%   {4668496}
%   {4668560}
%   {4668672}
%   {4668880}
%   {4668944, 4669024}
%   {4669120, 4669360}
%   {4669232}
%   {4669440, 4669488, 4669552, 4988524}
%   {4669648, 4669760, 4988540}
%   {4669696}
%   {4669856, 4669968, 4988556}
%   {4669904, 4670016}
%   {4670064}
%   {4670686}
%   {4670896}
%   {4675792}
%   {4676288}
%   {4676799}
%   {4676976}
%   {4677248}
%   {4678128}
%   {4685648}
%   {4685952}
%   {4685984}
%   {4686064}
%   {4686176}
%   {4686224}
%   {4686320}
%   {4695008}
%   {4695312}
%   {4695392}
%   {4695504}
%   {4695552}
%   {4695648}
%   {4695744}
%   {4697312}
%   {4697360}
%   {4697456}
%   {4697504}
%   {4697600}
%   {4699248}
%   {4699296}
%   {4699392}
%   {4699440}
%   {4699712}
%   {4703136}
%   {4703408}
%   {4704688}
%   {4704768}
%   {4704896}
%   {4705024}
%   {4705168}
%   {4711616}
%   {4711824}
%   {4711904}
%   {4712128}
%   {4712912}
%   {4731600}
%   {4731808}
%   {4731888}
%   {4732112}
%   {4732160}
%   {4732176}
%   {4732192}
%   {4732528}
%   {4732644}
%   {4732720}
%   {4732866}
%   {4732973}
%   {4733120}
%   {4733152}
%   {4733760}
%   {4733856}
%   {4733888}
%   {4734082}
%   {4734137}
%   {4734240}
%   {4734256}
%   {4734572}
%   {4734772}
%   {4735024}
%   {4735104}
%   {4736368}
%   {4738016}
%   {4738960}
%   {4739808}
%   {4739824}
%   {4739984}
%   {4740624}
%   {4740816}
%   {4740928}
%   {4741760}
%   {4741808}
%   {4741936}
%   {4742032}
%   {4742128}
%   {4742160}
%   {4742192}
%   {4742224}
%   {4742256}
%   {4742288}
%   {4742320}
%   {4742352}
%   {4742384}
%   {4742416}
%   {4742448}
%   {4742480}
%   {4742512}
%   {4742544}
%   {4742576}
%   {4742608}
%   {4742640}
%   {4742672}
%   {4742704}
%   {4742736}
%   {4742768}
%   {4742800}
%   {4742832}
%   {4742864}
%   {4742896}
%   {4742976}
%   {4743056}
%   {4743136}
%   {4743216}
%   {4743456}
%   {4744416}
%   {4744464}
%   {4744624}
%   {4744720}
%   {4744864}
%   {4745024}
%   {4745040}
%   {4745440}
%   {4745744}
%   {4745792}
%   {4745808}
%   {4747477}
%   {4747839}
%   {4748416}
%   {4750058}
%   {4750711}
%   {4751360}
%   {4752000}
%   {4752064}
%   {4752128}
%   {4752192}
%   {4752256}
%   {4752320}
%   {4752384}
%   {4752448}
%   {4752496}
%   {4752544}
%   {4752592}
%   {4752640}
%   {4753520}
%   {4753824}
%   {4754384}
%   {4754896}
%   {4755584}
%   {4756496}
%   {4756608}
%   {4756944}
%   {4757248}
%   {4761152}
%   {4763216}
%   {4764240}
%   {4764400}
%   {4764624}
%   {4766352}
%   {4766512}
%   {4767040}
%   {4767136}
%   {4767152}
%   {4767248}
%   {4767760}
%   {4767808}
%   {4768080}
%   {4768128}
%   {4768176}
%   {4768224}
%   {4768272}
%   {4768783}
%   {4768960}
%   {4772560}
%   {4772867}
%   {4773211}
%   {4773424}
%   {4773680}
%   {4773968}
%   {4774416}
%   {4774851}
%   {4775120}
%   {4775295}
%   {4775440}
%   {4775504}
%   {4776005}
%   {4776176}
%   {4776432}
%   {4776690}
%   {4776912}
%   {4777371}
%   {4777648}
%   {4782784}
%   {4782928}
%   {4782976}
%   {4784464}
%   {4784512}
%   {4785440}
%   {4785488}
%   {4785520}
%   {4785589}
%   {4785721}
%   {4785756}
%   {4785888}
%   {4791232}
%   {4791360}
%   {4791440}
%   {4791664}
%   {4792006}
%   {4792144}
%   {4792192}
%   {4792240}
%   {4792288}
%   {4792336}
%   {4792384}
%   {4792432}
%   {4798192}
%   {4798320}
%   {4798400}
%   {4798624}
%   {4799408}
%   {4816768}
%   {4816896}
%   {4816976}
%   {4817200}
%   {4817232}
%   {4818496}
%   {4818592}
%   {4818928}
%   {4818976}
%   {4819024}
%   {4819072}
%   {4819360}
%   {4819696}
%   {4819728}
%   {4820064}
%   {4820096}
%   {4820432}
%   {4820464}
%   {4821312}
%   {4821536}
%   {4821968}
%   {4822128}
%   {4822144}
%   {4822368}
%   {4822688}
%   {4822752}
%   {4822784}
%   {4822962}
%   {4823056, 4823136}
%   {4823232}
%   {4823411}
%   {4823504, 4868496}
%   {4823696}
%   {4824400, 4861888, 4862800, 4863200, 4864080, 4864224, 4864304, 4864368, 4864976, 4866768, 4868064}
%   {4824448}
%   {4825440}
%   {4825584}
%   {4826432}
%   {4829440}
%   {4829760}
%   {4830992}
%   {4831152}
%   {4832016}
%   {4832336}
%   {4832896}
%   {4833696}
%   {4835152}
%   {4842176}
%   {4845456}
%   {4845696}
%   {4846048}
%   {4846512}
%   {4846608}
%   {4846960}
%   {4848112}
%   {4848544}
%   {4848960}
%   {4849184}
%   {4851024}
%   {4851616}
%   {4851648}
%   {4852064}
%   {4853424}
%   {4853872}
%   {4854560}
%   {4856800}
%   {4857200}
%   {4857904}
%   {4857984}
%   {4858064}
%   {4858128}
%   {4858192}
%   {4858240}
%   {4858272}
%   {4858304}
%   {4858336}
%   {4858368}
%   {4858496}
%   {4859056}
%   {4859088}
%   {4859168}
%   {4859312}
%   {4859504}
%   {4859536}
%   {4859568}
%   {4859600}
%   {4859632}
%   {4859664}
%   {4859696}
%   {4859728}
%   {4859760}
%   {4859792}
%   {4859824}
%   {4859856}
%   {4859888}
%   {4859920}
%   {4859952}
%   {4860016}
%   {4860048}
%   {4860080}
%   {4860416}
%   {4860448}
%   {4860512}
%   {4860576}
%   {4860640, 4861584, 4866176}
%   {4860880}
%   {4861152, 4864448}
%   {4861200, 4863680, 4864640, 4865312, 4867312}
%   {4862768}
%   {4864032, 4864768, 4866528, 4866656}
%   {4864112, 4864144, 4865232, 4865808}
%   {4864192}
%   {4864496}
%   {4864528}
%   {4864560}
%   {4864608, 4864688}
%   {4864720}
%   {4864800, 4865392}
%   {4864848, 4865152}
%   {4864912}
%   {4865472}
%   {4865552}
%   {4865632}
%   {4865984, 4867744}
%   {4866304}
%   {4867040}
%   {4867360}
%   {4868464}
%   {4868528, 4868704}
%   {4868832}
%   {4868928, 4868992, 5011788}
%   {4868960}
%   {4869248, 4869280, 5011804}
%   {4869360}
%   {4869424}
%   {4869632, 4869696, 5011820}
%   {4869760}
%   {4869936}
%   {4869968}
%   {4870016}
%   {4870096}
%   {4870496}
%   {4870592}
%   {4870704}
%   {4870784}
%   {4870864}
%   {4870976}
%   {4871024}
%   {4871056}
%   {4871104}
%   {4871136}
%   {4871184}
%   {4871216}
%   {4871264}
%   {4871312}
%   {4871360}
%   {4871408}
%   {4871456}
%   {4871504}
%   {4871552}
%   {4871600}
%   {4871648}
%   {4871680}
%   {4871728}
%   {4871760}
%   {4871808}
%   {4871840}
%   {4871984}
%   {4872016}
%   {4872272}
%   {4872820}
%   {4873008}
%   {4873312}
%   {4873984}
%   {4874032}
%   {4874231}
%   {4874336}
%   {4875024}
%   {4875104}
%   {4875152}
%   {4875920}
%   {4876192}
%   {4876368}
%   {4876592}
%   {4876704}
%   {4876768}
%   {4876848}
%   {4877152}
%   {4877200}
%   {4877456}
%   {4877888}
%   {4878112}
%   {4879936}
%   {4880032}
%   {4880096}
%   {4880192}
%   {4880288}
%   {4880384}
%   {4880400}
%   {4880496}
%   {4880576}
%   {4881136}
%   {4881200}
%   {4881248}
%   {4883504}
%   {4883664}
%   {4883936}
%   {4885168}
%   {4886016}
%   {4886192}
%   {4886432}
%   {4887792}
%   {4887952}
%   {4888464}
%   {4888560}
%   {4888880}
%   {4888960}
%   {4889184}
%   {4889280}
%   {4889440}
%   {4889600}
%   {4889728}
%   {4889760}
%   {4889888}
%   {4889920}
%   {4890992}
%   {4891040}
%   {4891136}
%   {4892256}
%   {4892304}
%   {4892416}
%   {4893504}
%   {4893584}
%   {4893632}
%   {4893728}
%   {4894912}
%   {4894960}
%   {4896528}
%   {4896656}
%   {4896704}
%   {4896752}
%   {4897760}
%   {4897808}
%   {4898432}
%   {4898480}
%   {4898528}
%   {4898800}
%   {4898848}
%   {4898896}
%   {4898944}
%   {4898992}
%   {4900176}
%   {4902144}
%   {4902242}
%   {4902320}
%   {4902432}
%   {4903064}
%   {4903264}
%   {4904096}
%   {4904144}
%   {4904762}
%   {4904960}
%   {4905728}
%   {4905952}
%   {4906112}
%   {4906832}
%   {4907328}
%   {4907537}
%   {4907648}
%   {4908592}
%   {4908624}
%   {4908672}
%   {4909840}
%   {4909888}
%   {4909936}
%   {4909984}
%   {4910064}
%   {4910160}
%   {4910256}
%   {4910464}
%   {4910512}
%   {4910736}
%   {4910912}
%   {4911024}
%   {4911440}
%   {4911888}
%   {4912064}
%   {4912112}
%   {4912160}
%   {4912320}
%   {4912736}
%   {4913152}
%   {4913328}
%   {4913376}
%   {4915184}
%   {4915712}
%   {4915856}
%   {4916192}
%   {4916240}
%   {4916288}
%   {4916416}
%   {4917328}
%   {4918640}
%   {4918960}
%   {4919024}
%   {4919104}
%   {4919216}
%   {4919268}
%   {4919274}
%   {4919280}
%   {4919286}
%   {4919292}
%   {4919298}
%   {4919304}
%   {4919310}
%   {4919316}
%   {4919322}
%   {4919328}
%   {4919334}
%   {4919340}
%   {4919346}
%   {4919352}
%   {4919358}
%   {4919364}
%   {4919370}
%   {4919376}
%   {4919382}
%   {4919388}
%   {4919394}
%   {4919400}
%   {4919406}
%   {4919412}
%   {4919418}
%   {4919424}
%   {4919430}
%   {4919436}
%   {4919442}
%   {4919448}
%   {4919454}
%   {4919460}
%   {4919466}
%   {4919472}
%   {4919478}
%   {4919484}
%   {4919490}
%   {4919496}
%   {4919502}
%   {4919508}
%   {4919514}
%   {4919520}
%   {4919526}
%   {4919532}
%   {4919538}
%   {4919544}
%   {4919550}
%   {4919556}
%   {4919562}
%   {4919568}
%   {4919574}
%   {4919580}
%   {4919586}
%   {4919592}
%   {4919598}
%   {4919604}
%   {4919610}
%   {4919616}
%   {4919622}
%   {4919628}
%   {4919634}
%   {4919640}
%   {4919646}
%   {4919652}
%   {4919658}
%   {4919664}
%   {4919670}
%   {4919676}
%   {4919682}
%   {4919688}
%   {4919694}
%   {4919700}
%   {4919706}
%   {4919712}
%   {4919718}
%   {4919724}
%   {4919730}
%   {4919736}
%   {4919742}
%   {4919748}
%   {4919754}
%   {4919760}
%   {4919766}
%   {4919772}
%   {4921824}
%   {4921832}
%   {4921843}
%   {4921854}
%   {4921865}
%   {4921876}
%   {4921887}
%   {4921898}
%   {4921909}
%   {4921920}
%   {4921931}
%   {4921942}
%   {4921953}
%   {4921964}
%   {4921975}
%   {4921986}
%   {4921997}
%   {4922008}
%   {4922019}
%   {4922030}
%   {4922041}
%   {4922052}
%   {4922063}
%   {4922074}
%   {4922085}
%   {4922096}
%   {4922107}
%   {4922118}
%   {4922129}
%   {4922140}
%   {4922151}
%   {4922162}
%   {4922173}
%   {4922184}
%   {4922195}
%   {4922206}
%   {4922217}
%   {4922228}
%   {4922239}
%   {4922250}
%   {4922261}
%   {4922272}
%   {4922283}
%   {4922294}
%   {4922305}
%   {4922316}
%   {4922327}
%   {4922338}
%   {4922349}
%   {4922360}
%   {4922371}
%   {4922382}
%   {4922393}
%   {4922404}
%   {4922415}
%   {4922426}
%   {4922437}
%   {4922448}
%   {4922459}
%   {4922470}
%   {4922481}
%   {4922492}
%   {4922503}
%   {4922514}
%   {4922525}
%   {4922536}
%   {4922547}
%   {4922558}
%   {4922569}
%   {4922580}
%   {4922591}
%   {4922602}
%   {4922613}
%   {4922624}
%   {4922635}
%   {4922646}
%   {4922657}
%   {4922668}
%   {4922679}
%   {4922690}
%   {4922701}
%   {4922976}
%   {4922984}
%   {4923024}
%   {4923032}
%   {4923072}
%   {4923080}
%   {4923091}
%   {4923102}
%   {4923152}
%   {4923160}
%   {4923171}
%   {4923182}
%   {4923232}
%   {4923240}
%   {4923280}
%   {4923288}
%   {4923328}
%   {4923336}
%   {4923347}
%   {4923358}
%   {4923408}
%   {4923416}
%   {4923427}
%   {4923438}
%   {4923488}
%   {4923496}
%   {4923536}
%   {4923544}
%   {4923555}
%   {4923600}
%   {4923608}
%   {4923619}
%   {4923664}
%   {4923672}
%   {4923683}
%   {4923728}
%   {4923736}
%   {4923747}
%   {4923792}
%   {4923806}
%   {4923856}
%   {4923864}
%   {4923875}
%   {4923920}
%   {4923928}
%   {4923939}
%   {4923984}
%   {4923992}
%   {4924003}
%   {4924048}
%   {4924056}
%   {4924096}
%   {4924110}
%   {4924160}
%   {4924168}
%   {4924176}
%   {4924224}
%   {4924232}
%   {4924272}
%   {4924286}
%   {4924336}
%   {4924344}
%   {4924384}
%   {4924398}
%   {4924448}
%   {4924456}
%   {4924467}
%   {4924478}
%   {4924489}
%   {4924544}
%   {4924552}
%   {4924563}
%   {4924574}
%   {4924585}
%   {4924640}
%   {4924654}
%   {4924704}
%   {4924718}
%   {4924768}
%   {4924776}
%   {4924787}
%   {4924832}
%   {4924840}
%   {4924851}
%   {4924896}
%   {4924910}
%   {4924960}
%   {4924968}
%   {4924976}
%   {4925024}
%   {4925032}
%   {4925072}
%   {4925086}
%   {4925100}
%   {4925114}
%   {4925128}
%   {4925142}
%   {4925156}
%   {4925216}
%   {4925224}
%   {4925238}
%   {4925296}
%   {4925310}
%   {4925360}
%   {4925368}
%   {4925408}
%   {4925416}
%   {4925424}
%   {4925435}
%   {4925488}
%   {4925496}
%   {4925536}
%   {4925544}
%   {4925584}
%   {4925592}
%   {4925623}
%   {4925680}
%   {4925688}
%   {4925719}
%   {4925776}
%   {4925784}
%   {4925815}
%   {4925872}
%   {4925880}
%   {4925920}
%   {4925968}
%   {4925976}
%   {4926016}
%   {4926024}
%   {4926064}
%   {4926078}
%   {4926128}
%   {4926136}
%   {4930352}
%   {5011772}

% Stats:
%   atoms: 287919.0
%   bodies: 339466.0
%   rules: 547579.0
%   variables: 366331.0
%   constraints: 27099.0
%   choices: 502918193.0
%   conflicts: 274493.0
%   models: 2974.0
%   optimal_models: 0.0
%   final_cost: [-656.0, -34443.0]
%   lower_bound: [-704.0, -50230.0]
%   total_time: 300.927405834198
%   ground_time: 1.5031550780004181
%   time_to_first_model: 2.363875513000494
%   max_rss_bytes: 900976640
%   solve_time: 298.4997789859772
